layer,step_s,step_t,kappa,rank_qualified,max_angle_degrees
0.self_attn.q_proj,0,1,0.2150174081325531,False,
0.self_attn.q_proj,0,2,0.2695123255252838,False,
0.self_attn.q_proj,0,3,0.3460302948951721,False,
0.self_attn.q_proj,0,4,0.3777804672718048,False,
0.self_attn.q_proj,0,5,0.45151737332344055,False,
0.self_attn.q_proj,0,6,0.5342736840248108,False,
0.self_attn.q_proj,0,7,0.6128193140029907,False,
0.self_attn.q_proj,0,8,0.656603991985321,False,
0.self_attn.q_proj,0,9,0.6920473575592041,False,
0.self_attn.q_proj,1,2,0.09453007578849792,False,
0.self_attn.q_proj,1,3,0.18953508138656616,False,
0.self_attn.q_proj,1,4,0.2573123574256897,False,
0.self_attn.q_proj,1,5,0.36160483956336975,False,
0.self_attn.q_proj,1,6,0.4729842245578766,False,
0.self_attn.q_proj,1,7,0.5846342444419861,False,
0.self_attn.q_proj,1,8,0.6458471417427063,False,
0.self_attn.q_proj,1,9,0.6915756464004517,False,
0.self_attn.q_proj,2,3,0.11287157237529755,False,
0.self_attn.q_proj,2,4,0.1769586056470871,False,
0.self_attn.q_proj,2,5,0.2902070879936218,False,
0.self_attn.q_proj,2,6,0.4125087261199951,False,
0.self_attn.q_proj,2,7,0.5418854355812073,False,
0.self_attn.q_proj,2,8,0.6171236038208008,False,
0.self_attn.q_proj,2,9,0.682012140750885,False,
0.self_attn.q_proj,3,4,0.10841964185237885,False,
0.self_attn.q_proj,3,5,0.22147130966186523,False,
0.self_attn.q_proj,3,6,0.3470686078071594,False,
0.self_attn.q_proj,3,7,0.49561911821365356,False,
0.self_attn.q_proj,3,8,0.5868114829063416,False,
0.self_attn.q_proj,3,9,0.6706889867782593,False,
0.self_attn.q_proj,4,5,0.13284626603126526,False,
0.self_attn.q_proj,4,6,0.27059903740882874,False,
0.self_attn.q_proj,4,7,0.4294789135456085,False,
0.self_attn.q_proj,4,8,0.5337949991226196,False,
0.self_attn.q_proj,4,9,0.642946720123291,False,
0.self_attn.q_proj,5,6,0.16210193932056427,False,
0.self_attn.q_proj,5,7,0.3275989294052124,False,
0.self_attn.q_proj,5,8,0.45294439792633057,False,
0.self_attn.q_proj,5,9,0.5969537496566772,False,
0.self_attn.q_proj,6,7,0.1998516321182251,False,
0.self_attn.q_proj,6,8,0.34368568658828735,False,
0.self_attn.q_proj,6,9,0.5262393951416016,False,
0.self_attn.q_proj,7,8,0.17535974085330963,False,
0.self_attn.q_proj,7,9,0.40472176671028137,False,
0.self_attn.q_proj,8,9,0.2574883699417114,False,
0.self_attn.k_proj,0,1,0.2150174081325531,False,
0.self_attn.k_proj,0,2,0.2695123255252838,False,
0.self_attn.k_proj,0,3,0.3460302948951721,False,
0.self_attn.k_proj,0,4,0.3777804672718048,False,
0.self_attn.k_proj,0,5,0.45151737332344055,False,
0.self_attn.k_proj,0,6,0.5342736840248108,False,
0.self_attn.k_proj,0,7,0.6128193140029907,False,
0.self_attn.k_proj,0,8,0.656603991985321,False,
0.self_attn.k_proj,0,9,0.6920473575592041,False,
0.self_attn.k_proj,1,2,0.09453007578849792,False,
0.self_attn.k_proj,1,3,0.18953508138656616,False,
0.self_attn.k_proj,1,4,0.2573123574256897,False,
0.self_attn.k_proj,1,5,0.36160483956336975,False,
0.self_attn.k_proj,1,6,0.4729842245578766,False,
0.self_attn.k_proj,1,7,0.5846342444419861,False,
0.self_attn.k_proj,1,8,0.6458471417427063,False,
0.self_attn.k_proj,1,9,0.6915756464004517,False,
0.self_attn.k_proj,2,3,0.11287157237529755,False,
0.self_attn.k_proj,2,4,0.1769586056470871,False,
0.self_attn.k_proj,2,5,0.2902070879936218,False,
0.self_attn.k_proj,2,6,0.4125087261199951,False,
0.self_attn.k_proj,2,7,0.5418854355812073,False,
0.self_attn.k_proj,2,8,0.6171236038208008,False,
0.self_attn.k_proj,2,9,0.682012140750885,False,
0.self_attn.k_proj,3,4,0.10841964185237885,False,
0.self_attn.k_proj,3,5,0.22147130966186523,False,
0.self_attn.k_proj,3,6,0.3470686078071594,False,
0.self_attn.k_proj,3,7,0.49561911821365356,False,
0.self_attn.k_proj,3,8,0.5868114829063416,False,
0.self_attn.k_proj,3,9,0.6706889867782593,False,
0.self_attn.k_proj,4,5,0.13284626603126526,False,
0.self_attn.k_proj,4,6,0.27059903740882874,False,
0.self_attn.k_proj,4,7,0.4294789135456085,False,
0.self_attn.k_proj,4,8,0.5337949991226196,False,
0.self_attn.k_proj,4,9,0.642946720123291,False,
0.self_attn.k_proj,5,6,0.16210193932056427,False,
0.self_attn.k_proj,5,7,0.3275989294052124,False,
0.self_attn.k_proj,5,8,0.45294439792633057,False,
0.self_attn.k_proj,5,9,0.5969537496566772,False,
0.self_attn.k_proj,6,7,0.1998516321182251,False,
0.self_attn.k_proj,6,8,0.34368568658828735,False,
0.self_attn.k_proj,6,9,0.5262393951416016,False,
0.self_attn.k_proj,7,8,0.17535974085330963,False,
0.self_attn.k_proj,7,9,0.40472176671028137,False,
0.self_attn.k_proj,8,9,0.2574883699417114,False,
0.self_attn.v_proj,0,1,0.2150174081325531,False,
0.self_attn.v_proj,0,2,0.2695123255252838,False,
0.self_attn.v_proj,0,3,0.3460302948951721,False,
0.self_attn.v_proj,0,4,0.3777804672718048,False,
0.self_attn.v_proj,0,5,0.45151737332344055,False,
0.self_attn.v_proj,0,6,0.5342736840248108,False,
0.self_attn.v_proj,0,7,0.6128193140029907,False,
0.self_attn.v_proj,0,8,0.656603991985321,False,
0.self_attn.v_proj,0,9,0.6920473575592041,False,
0.self_attn.v_proj,1,2,0.09453007578849792,False,
0.self_attn.v_proj,1,3,0.18953508138656616,False,
0.self_attn.v_proj,1,4,0.2573123574256897,False,
0.self_attn.v_proj,1,5,0.36160483956336975,False,
0.self_attn.v_proj,1,6,0.4729842245578766,False,
0.self_attn.v_proj,1,7,0.5846342444419861,False,
0.self_attn.v_proj,1,8,0.6458471417427063,False,
0.self_attn.v_proj,1,9,0.6915756464004517,False,
0.self_attn.v_proj,2,3,0.11287157237529755,False,
0.self_attn.v_proj,2,4,0.1769586056470871,False,
0.self_attn.v_proj,2,5,0.2902070879936218,False,
0.self_attn.v_proj,2,6,0.4125087261199951,False,
0.self_attn.v_proj,2,7,0.5418854355812073,False,
0.self_attn.v_proj,2,8,0.6171236038208008,False,
0.self_attn.v_proj,2,9,0.682012140750885,False,
0.self_attn.v_proj,3,4,0.10841964185237885,False,
0.self_attn.v_proj,3,5,0.22147130966186523,False,
0.self_attn.v_proj,3,6,0.3470686078071594,False,
0.self_attn.v_proj,3,7,0.49561911821365356,False,
0.self_attn.v_proj,3,8,0.5868114829063416,False,
0.self_attn.v_proj,3,9,0.6706889867782593,False,
0.self_attn.v_proj,4,5,0.13284626603126526,False,
0.self_attn.v_proj,4,6,0.27059903740882874,False,
0.self_attn.v_proj,4,7,0.4294789135456085,False,
0.self_attn.v_proj,4,8,0.5337949991226196,False,
0.self_attn.v_proj,4,9,0.642946720123291,False,
0.self_attn.v_proj,5,6,0.16210193932056427,False,
0.self_attn.v_proj,5,7,0.3275989294052124,False,
0.self_attn.v_proj,5,8,0.45294439792633057,False,
0.self_attn.v_proj,5,9,0.5969537496566772,False,
0.self_attn.v_proj,6,7,0.1998516321182251,False,
0.self_attn.v_proj,6,8,0.34368568658828735,False,
0.self_attn.v_proj,6,9,0.5262393951416016,False,
0.self_attn.v_proj,7,8,0.17535974085330963,False,
0.self_attn.v_proj,7,9,0.40472176671028137,False,
0.self_attn.v_proj,8,9,0.2574883699417114,False,
0.self_attn.o_proj,0,1,0.033160798251628876,True,11.848708152770996
0.self_attn.o_proj,0,2,0.04995935782790184,True,16.21686553955078
0.self_attn.o_proj,0,3,0.06775613129138947,True,20.526025772094727
0.self_attn.o_proj,0,4,0.07378681749105453,True,22.111894607543945
0.self_attn.o_proj,0,5,0.0914916843175888,True,26.067249298095703
0.self_attn.o_proj,0,6,0.1134011372923851,True,34.989810943603516
0.self_attn.o_proj,0,7,0.14209619164466858,True,71.37628936767578
0.self_attn.o_proj,0,8,0.16759438812732697,True,79.4509506225586
0.self_attn.o_proj,0,9,0.2153342217206955,True,88.50062561035156
0.self_attn.o_proj,1,2,0.023370593786239624,True,7.073349475860596
0.self_attn.o_proj,1,3,0.04237305372953415,True,12.344432830810547
0.self_attn.o_proj,1,4,0.055001500993967056,True,15.214973449707031
0.self_attn.o_proj,1,5,0.07716455310583115,True,19.38105583190918
0.self_attn.o_proj,1,6,0.10357455164194107,True,28.61314582824707
0.self_attn.o_proj,1,7,0.13644254207611084,True,65.71061706542969
0.self_attn.o_proj,1,8,0.16698886454105377,True,76.57234191894531
0.self_attn.o_proj,1,9,0.21847613155841827,True,88.16893005371094
0.self_attn.o_proj,2,3,0.021061711013317108,True,6.153993606567383
0.self_attn.o_proj,2,4,0.0338236503303051,True,8.580140113830566
0.self_attn.o_proj,2,5,0.056906457990407944,True,14.188119888305664
0.self_attn.o_proj,2,6,0.08614136278629303,True,23.152944564819336
0.self_attn.o_proj,2,7,0.1198333278298378,True,61.353755950927734
0.self_attn.o_proj,2,8,0.1534498929977417,True,72.59412384033203
0.self_attn.o_proj,2,9,0.20690414309501648,True,87.93350982666016
0.self_attn.o_proj,3,4,0.019903449341654778,True,4.578041076660156
0.self_attn.o_proj,3,5,0.04372909292578697,True,11.318928718566895
0.self_attn.o_proj,3,6,0.07110411673784256,True,17.69858741760254
0.self_attn.o_proj,3,7,0.10719546675682068,True,56.947933197021484
0.self_attn.o_proj,3,8,0.14274588227272034,True,69.4520492553711
0.self_attn.o_proj,3,9,0.19844070076942444,True,87.64205169677734
0.self_attn.o_proj,4,5,0.024606727063655853,True,7.339251518249512
0.self_attn.o_proj,4,6,0.05508340150117874,True,16.05824089050293
0.self_attn.o_proj,4,7,0.0891554057598114,True,55.54854202270508
0.self_attn.o_proj,4,8,0.12579165399074554,True,67.1880874633789
0.self_attn.o_proj,4,9,0.18231406807899475,True,87.56050872802734
0.self_attn.o_proj,5,6,0.0400567352771759,True,15.653203010559082
0.self_attn.o_proj,5,7,0.06741159409284592,True,52.77023696899414
0.self_attn.o_proj,5,8,0.10674642026424408,True,63.366085052490234
0.self_attn.o_proj,5,9,0.16452708840370178,True,87.38216400146484
0.self_attn.o_proj,6,7,0.04409003257751465,True,42.600563049316406
0.self_attn.o_proj,6,8,0.0786113291978836,True,58.45821762084961
0.self_attn.o_proj,6,9,0.138736754655838,True,86.69760131835938
0.self_attn.o_proj,7,8,0.04387986287474632,True,29.1687068939209
0.self_attn.o_proj,7,9,0.10484795272350311,True,86.10482025146484
0.self_attn.o_proj,8,9,0.06436657905578613,True,86.61896514892578
0.mlp.gate_proj,0,1,0.04387741908431053,False,
0.mlp.gate_proj,0,2,0.06945082545280457,False,
0.mlp.gate_proj,0,3,0.09294864535331726,False,
0.mlp.gate_proj,0,4,0.12740088999271393,False,
0.mlp.gate_proj,0,5,0.16699722409248352,False,
0.mlp.gate_proj,0,6,0.21172364056110382,False,
0.mlp.gate_proj,0,7,0.27299433946609497,False,
0.mlp.gate_proj,0,8,0.35242539644241333,False,
0.mlp.gate_proj,0,9,0.4770294725894928,False,
0.mlp.gate_proj,1,2,0.030089380219578743,False,
0.mlp.gate_proj,1,3,0.05775977671146393,False,
0.mlp.gate_proj,1,4,0.09306623786687851,False,
0.mlp.gate_proj,1,5,0.1342916041612625,False,
0.mlp.gate_proj,1,6,0.1813366711139679,False,
0.mlp.gate_proj,1,7,0.24564357101917267,False,
0.mlp.gate_proj,1,8,0.3286904990673065,False,
0.mlp.gate_proj,1,9,0.45987895131111145,False,
0.mlp.gate_proj,2,3,0.030585279688239098,False,
0.mlp.gate_proj,2,4,0.06440000981092453,False,
0.mlp.gate_proj,2,5,0.10650531202554703,False,
0.mlp.gate_proj,2,6,0.15430878102779388,False,
0.mlp.gate_proj,2,7,0.22050973773002625,False,
0.mlp.gate_proj,2,8,0.3061406910419464,False,
0.mlp.gate_proj,2,9,0.44311437010765076,False,
0.mlp.gate_proj,3,4,0.037424638867378235,False,
0.mlp.gate_proj,3,5,0.0795692577958107,False,
0.mlp.gate_proj,3,6,0.12743312120437622,False,
0.mlp.gate_proj,3,7,0.19485998153686523,False,
0.mlp.gate_proj,3,8,0.2831897437572479,False,
0.mlp.gate_proj,3,9,0.4259810149669647,False,
0.mlp.gate_proj,4,5,0.0442025326192379,False,
0.mlp.gate_proj,4,6,0.09270051121711731,False,
0.mlp.gate_proj,4,7,0.16198913753032684,False,
0.mlp.gate_proj,4,8,0.25290757417678833,False,
0.mlp.gate_proj,4,9,0.4024382531642914,False,
0.mlp.gate_proj,5,6,0.051367517560720444,False,
0.mlp.gate_proj,5,7,0.12079237401485443,False,
0.mlp.gate_proj,5,8,0.21470022201538086,False,
0.mlp.gate_proj,5,9,0.372329443693161,False,
0.mlp.gate_proj,6,7,0.0727464035153389,False,
0.mlp.gate_proj,6,8,0.16862612962722778,False,
0.mlp.gate_proj,6,9,0.3336527347564697,False,
0.mlp.gate_proj,7,8,0.09945892542600632,False,
0.mlp.gate_proj,7,9,0.27451300621032715,False,
0.mlp.gate_proj,8,9,0.18363507091999054,False,
0.mlp.up_proj,0,1,0.04387741908431053,False,
0.mlp.up_proj,0,2,0.06945082545280457,False,
0.mlp.up_proj,0,3,0.09294864535331726,False,
0.mlp.up_proj,0,4,0.12740088999271393,False,
0.mlp.up_proj,0,5,0.16699722409248352,False,
0.mlp.up_proj,0,6,0.21172364056110382,False,
0.mlp.up_proj,0,7,0.27299433946609497,False,
0.mlp.up_proj,0,8,0.35242539644241333,False,
0.mlp.up_proj,0,9,0.4770294725894928,False,
0.mlp.up_proj,1,2,0.030089380219578743,False,
0.mlp.up_proj,1,3,0.05775977671146393,False,
0.mlp.up_proj,1,4,0.09306623786687851,False,
0.mlp.up_proj,1,5,0.1342916041612625,False,
0.mlp.up_proj,1,6,0.1813366711139679,False,
0.mlp.up_proj,1,7,0.24564357101917267,False,
0.mlp.up_proj,1,8,0.3286904990673065,False,
0.mlp.up_proj,1,9,0.45987895131111145,False,
0.mlp.up_proj,2,3,0.030585279688239098,False,
0.mlp.up_proj,2,4,0.06440000981092453,False,
0.mlp.up_proj,2,5,0.10650531202554703,False,
0.mlp.up_proj,2,6,0.15430878102779388,False,
0.mlp.up_proj,2,7,0.22050973773002625,False,
0.mlp.up_proj,2,8,0.3061406910419464,False,
0.mlp.up_proj,2,9,0.44311437010765076,False,
0.mlp.up_proj,3,4,0.037424638867378235,False,
0.mlp.up_proj,3,5,0.0795692577958107,False,
0.mlp.up_proj,3,6,0.12743312120437622,False,
0.mlp.up_proj,3,7,0.19485998153686523,False,
0.mlp.up_proj,3,8,0.2831897437572479,False,
0.mlp.up_proj,3,9,0.4259810149669647,False,
0.mlp.up_proj,4,5,0.0442025326192379,False,
0.mlp.up_proj,4,6,0.09270051121711731,False,
0.mlp.up_proj,4,7,0.16198913753032684,False,
0.mlp.up_proj,4,8,0.25290757417678833,False,
0.mlp.up_proj,4,9,0.4024382531642914,False,
0.mlp.up_proj,5,6,0.051367517560720444,False,
0.mlp.up_proj,5,7,0.12079237401485443,False,
0.mlp.up_proj,5,8,0.21470022201538086,False,
0.mlp.up_proj,5,9,0.372329443693161,False,
0.mlp.up_proj,6,7,0.0727464035153389,False,
0.mlp.up_proj,6,8,0.16862612962722778,False,
0.mlp.up_proj,6,9,0.3336527347564697,False,
0.mlp.up_proj,7,8,0.09945892542600632,False,
0.mlp.up_proj,7,9,0.27451300621032715,False,
0.mlp.up_proj,8,9,0.18363507091999054,False,
0.mlp.down_proj,0,1,0.010944068431854248,False,
0.mlp.down_proj,0,2,0.018538443371653557,False,
0.mlp.down_proj,0,3,0.029057135805487633,False,
0.mlp.down_proj,0,4,0.04288728907704353,False,
0.mlp.down_proj,0,5,0.06324625015258789,False,
0.mlp.down_proj,0,6,0.08662340044975281,False,
0.mlp.down_proj,0,7,0.12034276872873306,False,
0.mlp.down_proj,0,8,0.16078777611255646,False,
0.mlp.down_proj,0,9,0.18683218955993652,False,
0.mlp.down_proj,1,2,0.009830177761614323,False,
0.mlp.down_proj,1,3,0.02140871249139309,False,
0.mlp.down_proj,1,4,0.03588692843914032,False,
0.mlp.down_proj,1,5,0.05674263834953308,False,
0.mlp.down_proj,1,6,0.08103392273187637,False,
0.mlp.down_proj,1,7,0.11589780449867249,False,
0.mlp.down_proj,1,8,0.1584705263376236,False,
0.mlp.down_proj,1,9,0.18774154782295227,False,
0.mlp.down_proj,2,3,0.012064430862665176,False,
0.mlp.down_proj,2,4,0.026485474780201912,False,
0.mlp.down_proj,2,5,0.04783462733030319,False,
0.mlp.down_proj,2,6,0.0729057788848877,False,
0.mlp.down_proj,2,7,0.10948267579078674,False,
0.mlp.down_proj,2,8,0.15516042709350586,False,
0.mlp.down_proj,2,9,0.18917997181415558,False,
0.mlp.down_proj,3,4,0.015108791179955006,False,
0.mlp.down_proj,3,5,0.03685319423675537,False,
0.mlp.down_proj,3,6,0.06264176219701767,False,
0.mlp.down_proj,3,7,0.10119794309139252,False,
0.mlp.down_proj,3,8,0.15077757835388184,False,
0.mlp.down_proj,3,9,0.19125694036483765,False,
0.mlp.down_proj,4,5,0.02248309925198555,False,
0.mlp.down_proj,4,6,0.04908476769924164,False,
0.mlp.down_proj,4,7,0.0900815799832344,False,
0.mlp.down_proj,4,8,0.14455027878284454,False,
0.mlp.down_proj,4,9,0.19385647773742676,False,
0.mlp.down_proj,5,6,0.02803264558315277,False,
0.mlp.down_proj,5,7,0.07165674865245819,False,
0.mlp.down_proj,5,8,0.13309137523174286,False,
0.mlp.down_proj,5,9,0.1967761516571045,False,
0.mlp.down_proj,6,7,0.04646483063697815,False,
0.mlp.down_proj,6,8,0.11468366533517838,False,
0.mlp.down_proj,6,9,0.19640333950519562,False,
0.mlp.down_proj,7,8,0.07578800618648529,False,
0.mlp.down_proj,7,9,0.18624837696552277,False,
0.mlp.down_proj,8,9,0.14668412506580353,True,72.67598724365234
1.self_attn.q_proj,0,1,0.16351747512817383,True,82.20845794677734
1.self_attn.q_proj,0,2,0.2193422019481659,True,89.23169708251953
1.self_attn.q_proj,0,3,0.30045393109321594,True,89.48955535888672
1.self_attn.q_proj,0,4,0.36261993646621704,True,89.93701934814453
1.self_attn.q_proj,0,5,0.4399872124195099,True,89.80414581298828
1.self_attn.q_proj,0,6,0.5056702494621277,True,89.56845092773438
1.self_attn.q_proj,0,7,0.5322540998458862,True,89.78888702392578
1.self_attn.q_proj,0,8,0.5303391814231873,True,89.9195785522461
1.self_attn.q_proj,0,9,0.5052369236946106,True,89.87369537353516
1.self_attn.q_proj,1,2,0.07665533572435379,True,82.37184143066406
1.self_attn.q_proj,1,3,0.18150179088115692,True,86.13668060302734
1.self_attn.q_proj,1,4,0.2656014561653137,True,86.70870208740234
1.self_attn.q_proj,1,5,0.3644629716873169,True,87.14325714111328
1.self_attn.q_proj,1,6,0.4593396484851837,True,89.53740692138672
1.self_attn.q_proj,1,7,0.5060559511184692,True,89.5616683959961
1.self_attn.q_proj,1,8,0.5214104056358337,True,88.46257019042969
1.self_attn.q_proj,1,9,0.5074800848960876,True,88.28816223144531
1.self_attn.q_proj,2,3,0.1148378998041153,True,49.26728820800781
1.self_attn.q_proj,2,4,0.20342284440994263,True,77.77452087402344
1.self_attn.q_proj,2,5,0.3135910630226135,True,80.49010467529297
1.self_attn.q_proj,2,6,0.4281841218471527,True,83.93016052246094
1.self_attn.q_proj,2,7,0.49107667803764343,True,87.5861587524414
1.self_attn.q_proj,2,8,0.522897481918335,True,87.8539047241211
1.self_attn.q_proj,2,9,0.5216019153594971,True,89.23023223876953
1.self_attn.q_proj,3,4,0.10438886284828186,True,57.91097640991211
1.self_attn.q_proj,3,5,0.22316013276576996,True,61.819034576416016
1.self_attn.q_proj,3,6,0.36071792244911194,True,83.721435546875
1.self_attn.q_proj,3,7,0.4472188949584961,True,87.06047058105469
1.self_attn.q_proj,3,8,0.507640540599823,True,87.3255844116211
1.self_attn.q_proj,3,9,0.5320932269096375,True,89.00729370117188
1.self_attn.q_proj,4,5,0.12963534891605377,True,18.37750244140625
1.self_attn.q_proj,4,6,0.2869608998298645,True,85.5804672241211
1.self_attn.q_proj,4,7,0.3935578465461731,True,88.38753509521484
1.self_attn.q_proj,4,8,0.47927436232566833,True,88.6385498046875
1.self_attn.q_proj,4,9,0.532333254814148,True,89.86856079101562
1.self_attn.q_proj,5,6,0.17786359786987305,True,72.66160583496094
1.self_attn.q_proj,5,7,0.30662986636161804,True,76.6218032836914
1.self_attn.q_proj,5,8,0.4266963303089142,True,78.47089385986328
1.self_attn.q_proj,5,9,0.5234523415565491,True,83.54817199707031
1.self_attn.q_proj,6,7,0.16180947422981262,True,13.096430778503418
1.self_attn.q_proj,6,8,0.3233483135700226,True,26.83810043334961
1.self_attn.q_proj,6,9,0.48423662781715393,True,55.30043411254883
1.self_attn.q_proj,7,8,0.19397622346878052,True,15.47103214263916
1.self_attn.q_proj,7,9,0.4123462736606598,True,52.478172302246094
1.self_attn.q_proj,8,9,0.2682754397392273,True,44.940948486328125
1.self_attn.k_proj,0,1,0.16351747512817383,True,82.20845794677734
1.self_attn.k_proj,0,2,0.2193422019481659,True,89.23169708251953
1.self_attn.k_proj,0,3,0.30045393109321594,True,89.48955535888672
1.self_attn.k_proj,0,4,0.36261993646621704,True,89.93701934814453
1.self_attn.k_proj,0,5,0.4399872124195099,True,89.80414581298828
1.self_attn.k_proj,0,6,0.5056702494621277,True,89.56845092773438
1.self_attn.k_proj,0,7,0.5322540998458862,True,89.78888702392578
1.self_attn.k_proj,0,8,0.5303391814231873,True,89.9195785522461
1.self_attn.k_proj,0,9,0.5052369236946106,True,89.87369537353516
1.self_attn.k_proj,1,2,0.07665533572435379,True,82.37184143066406
1.self_attn.k_proj,1,3,0.18150179088115692,True,86.13668060302734
1.self_attn.k_proj,1,4,0.2656014561653137,True,86.70870208740234
1.self_attn.k_proj,1,5,0.3644629716873169,True,87.14325714111328
1.self_attn.k_proj,1,6,0.4593396484851837,True,89.53740692138672
1.self_attn.k_proj,1,7,0.5060559511184692,True,89.5616683959961
1.self_attn.k_proj,1,8,0.5214104056358337,True,88.46257019042969
1.self_attn.k_proj,1,9,0.5074800848960876,True,88.28816223144531
1.self_attn.k_proj,2,3,0.1148378998041153,True,49.26728820800781
1.self_attn.k_proj,2,4,0.20342284440994263,True,77.77452087402344
1.self_attn.k_proj,2,5,0.3135910630226135,True,80.49010467529297
1.self_attn.k_proj,2,6,0.4281841218471527,True,83.93016052246094
1.self_attn.k_proj,2,7,0.49107667803764343,True,87.5861587524414
1.self_attn.k_proj,2,8,0.522897481918335,True,87.8539047241211
1.self_attn.k_proj,2,9,0.5216019153594971,True,89.23023223876953
1.self_attn.k_proj,3,4,0.10438886284828186,True,57.91097640991211
1.self_attn.k_proj,3,5,0.22316013276576996,True,61.819034576416016
1.self_attn.k_proj,3,6,0.36071792244911194,True,83.721435546875
1.self_attn.k_proj,3,7,0.4472188949584961,True,87.06047058105469
1.self_attn.k_proj,3,8,0.507640540599823,True,87.3255844116211
1.self_attn.k_proj,3,9,0.5320932269096375,True,89.00729370117188
1.self_attn.k_proj,4,5,0.12963534891605377,True,18.37750244140625
1.self_attn.k_proj,4,6,0.2869608998298645,True,85.5804672241211
1.self_attn.k_proj,4,7,0.3935578465461731,True,88.38753509521484
1.self_attn.k_proj,4,8,0.47927436232566833,True,88.6385498046875
1.self_attn.k_proj,4,9,0.532333254814148,True,89.86856079101562
1.self_attn.k_proj,5,6,0.17786359786987305,True,72.66160583496094
1.self_attn.k_proj,5,7,0.30662986636161804,True,76.6218032836914
1.self_attn.k_proj,5,8,0.4266963303089142,True,78.47089385986328
1.self_attn.k_proj,5,9,0.5234523415565491,True,83.54817199707031
1.self_attn.k_proj,6,7,0.16180947422981262,True,13.096430778503418
1.self_attn.k_proj,6,8,0.3233483135700226,True,26.83810043334961
1.self_attn.k_proj,6,9,0.48423662781715393,True,55.30043411254883
1.self_attn.k_proj,7,8,0.19397622346878052,True,15.47103214263916
1.self_attn.k_proj,7,9,0.4123462736606598,True,52.478172302246094
1.self_attn.k_proj,8,9,0.2682754397392273,True,44.940948486328125
1.self_attn.v_proj,0,1,0.16351747512817383,True,82.20845794677734
1.self_attn.v_proj,0,2,0.2193422019481659,True,89.23169708251953
1.self_attn.v_proj,0,3,0.30045393109321594,True,89.48955535888672
1.self_attn.v_proj,0,4,0.36261993646621704,True,89.93701934814453
1.self_attn.v_proj,0,5,0.4399872124195099,True,89.80414581298828
1.self_attn.v_proj,0,6,0.5056702494621277,True,89.56845092773438
1.self_attn.v_proj,0,7,0.5322540998458862,True,89.78888702392578
1.self_attn.v_proj,0,8,0.5303391814231873,True,89.9195785522461
1.self_attn.v_proj,0,9,0.5052369236946106,True,89.87369537353516
1.self_attn.v_proj,1,2,0.07665533572435379,True,82.37184143066406
1.self_attn.v_proj,1,3,0.18150179088115692,True,86.13668060302734
1.self_attn.v_proj,1,4,0.2656014561653137,True,86.70870208740234
1.self_attn.v_proj,1,5,0.3644629716873169,True,87.14325714111328
1.self_attn.v_proj,1,6,0.4593396484851837,True,89.53740692138672
1.self_attn.v_proj,1,7,0.5060559511184692,True,89.5616683959961
1.self_attn.v_proj,1,8,0.5214104056358337,True,88.46257019042969
1.self_attn.v_proj,1,9,0.5074800848960876,True,88.28816223144531
1.self_attn.v_proj,2,3,0.1148378998041153,True,49.26728820800781
1.self_attn.v_proj,2,4,0.20342284440994263,True,77.77452087402344
1.self_attn.v_proj,2,5,0.3135910630226135,True,80.49010467529297
1.self_attn.v_proj,2,6,0.4281841218471527,True,83.93016052246094
1.self_attn.v_proj,2,7,0.49107667803764343,True,87.5861587524414
1.self_attn.v_proj,2,8,0.522897481918335,True,87.8539047241211
1.self_attn.v_proj,2,9,0.5216019153594971,True,89.23023223876953
1.self_attn.v_proj,3,4,0.10438886284828186,True,57.91097640991211
1.self_attn.v_proj,3,5,0.22316013276576996,True,61.819034576416016
1.self_attn.v_proj,3,6,0.36071792244911194,True,83.721435546875
1.self_attn.v_proj,3,7,0.4472188949584961,True,87.06047058105469
1.self_attn.v_proj,3,8,0.507640540599823,True,87.3255844116211
1.self_attn.v_proj,3,9,0.5320932269096375,True,89.00729370117188
1.self_attn.v_proj,4,5,0.12963534891605377,True,18.37750244140625
1.self_attn.v_proj,4,6,0.2869608998298645,True,85.5804672241211
1.self_attn.v_proj,4,7,0.3935578465461731,True,88.38753509521484
1.self_attn.v_proj,4,8,0.47927436232566833,True,88.6385498046875
1.self_attn.v_proj,4,9,0.532333254814148,True,89.86856079101562
1.self_attn.v_proj,5,6,0.17786359786987305,True,72.66160583496094
1.self_attn.v_proj,5,7,0.30662986636161804,True,76.6218032836914
1.self_attn.v_proj,5,8,0.4266963303089142,True,78.47089385986328
1.self_attn.v_proj,5,9,0.5234523415565491,True,83.54817199707031
1.self_attn.v_proj,6,7,0.16180947422981262,True,13.096430778503418
1.self_attn.v_proj,6,8,0.3233483135700226,True,26.83810043334961
1.self_attn.v_proj,6,9,0.48423662781715393,True,55.30043411254883
1.self_attn.v_proj,7,8,0.19397622346878052,True,15.47103214263916
1.self_attn.v_proj,7,9,0.4123462736606598,True,52.478172302246094
1.self_attn.v_proj,8,9,0.2682754397392273,True,44.940948486328125
1.self_attn.o_proj,0,1,0.05500061810016632,True,35.69947814941406
1.self_attn.o_proj,0,2,0.09152619540691376,True,59.27793884277344
1.self_attn.o_proj,0,3,0.13459664583206177,True,84.38469696044922
1.self_attn.o_proj,0,4,0.22546355426311493,True,86.99241638183594
1.self_attn.o_proj,0,5,0.29855877161026,True,89.35896301269531
1.self_attn.o_proj,0,6,0.41064468026161194,True,87.77125549316406
1.self_attn.o_proj,0,7,0.5058465003967285,True,89.17745208740234
1.self_attn.o_proj,0,8,0.5846238732337952,True,89.54429626464844
1.self_attn.o_proj,0,9,0.5793948769569397,False,
1.self_attn.o_proj,1,2,0.05253342166543007,True,31.549360275268555
1.self_attn.o_proj,1,3,0.1027773916721344,True,69.30223083496094
1.self_attn.o_proj,1,4,0.19948114454746246,True,89.34343719482422
1.self_attn.o_proj,1,5,0.27681219577789307,True,89.50538635253906
1.self_attn.o_proj,1,6,0.39672061800956726,True,85.99063110351562
1.self_attn.o_proj,1,7,0.49638208746910095,True,89.68452453613281
1.self_attn.o_proj,1,8,0.5803775191307068,True,89.98113250732422
1.self_attn.o_proj,1,9,0.5780075788497925,False,
1.self_attn.o_proj,2,3,0.0551883690059185,True,43.669612884521484
1.self_attn.o_proj,2,4,0.1521793007850647,True,78.40657043457031
1.self_attn.o_proj,2,5,0.23587080836296082,True,81.1904296875
1.self_attn.o_proj,2,6,0.3665532171726227,True,88.87738800048828
1.self_attn.o_proj,2,7,0.47476935386657715,True,89.87802124023438
1.self_attn.o_proj,2,8,0.5682257413864136,True,89.40980529785156
1.self_attn.o_proj,2,9,0.5718846917152405,False,
1.self_attn.o_proj,3,4,0.10088038444519043,True,53.21302032470703
1.self_attn.o_proj,3,5,0.18570317327976227,True,72.5015640258789
1.self_attn.o_proj,3,6,0.32353898882865906,True,84.50379180908203
1.self_attn.o_proj,3,7,0.44034719467163086,True,89.93647003173828
1.self_attn.o_proj,3,8,0.5460067987442017,True,89.79291534423828
1.self_attn.o_proj,3,9,0.5599746108055115,False,
1.self_attn.o_proj,4,5,0.09676454216241837,True,55.034549713134766
1.self_attn.o_proj,4,6,0.25181376934051514,True,76.62999725341797
1.self_attn.o_proj,4,7,0.38385137915611267,True,89.03469848632812
1.self_attn.o_proj,4,8,0.5092946887016296,True,87.25634765625
1.self_attn.o_proj,4,9,0.5404164791107178,False,
1.self_attn.o_proj,5,6,0.1626252979040146,True,68.64737701416016
1.self_attn.o_proj,5,7,0.3062678873538971,True,88.5278549194336
1.self_attn.o_proj,5,8,0.4525737464427948,True,88.94621276855469
1.self_attn.o_proj,5,9,0.5081332325935364,False,
1.self_attn.o_proj,6,7,0.16178205609321594,True,85.65564727783203
1.self_attn.o_proj,6,8,0.3378077447414398,True,89.3067855834961
1.self_attn.o_proj,6,9,0.44027718901634216,False,
1.self_attn.o_proj,7,8,0.19987228512763977,True,45.79572677612305
1.self_attn.o_proj,7,9,0.34927675127983093,False,
1.self_attn.o_proj,8,9,0.2036021649837494,False,
1.mlp.gate_proj,0,1,0.045068662613630295,False,
1.mlp.gate_proj,0,2,0.07494040578603745,False,
1.mlp.gate_proj,0,3,0.12277518212795258,False,
1.mlp.gate_proj,0,4,0.16170865297317505,False,
1.mlp.gate_proj,0,5,0.21622253954410553,False,
1.mlp.gate_proj,0,6,0.2827393710613251,False,
1.mlp.gate_proj,0,7,0.3466298282146454,False,
1.mlp.gate_proj,0,8,0.422654390335083,False,
1.mlp.gate_proj,0,9,0.5120669603347778,False,
1.mlp.gate_proj,1,2,0.03744637966156006,False,
1.mlp.gate_proj,1,3,0.08996756374835968,False,
1.mlp.gate_proj,1,4,0.13220854103565216,False,
1.mlp.gate_proj,1,5,0.1893637478351593,False,
1.mlp.gate_proj,1,6,0.25976356863975525,False,
1.mlp.gate_proj,1,7,0.3254258930683136,False,
1.mlp.gate_proj,1,8,0.4055888056755066,False,
1.mlp.gate_proj,1,9,0.5016112327575684,False,
1.mlp.gate_proj,2,3,0.05708210915327072,False,
1.mlp.gate_proj,2,4,0.09800967574119568,False,
1.mlp.gate_proj,2,5,0.15678037703037262,False,
1.mlp.gate_proj,2,6,0.23010040819644928,False,
1.mlp.gate_proj,2,7,0.2992332875728607,False,
1.mlp.gate_proj,2,8,0.3849261999130249,False,
1.mlp.gate_proj,2,9,0.4900757074356079,False,
1.mlp.gate_proj,3,4,0.04954970255494118,False,
1.mlp.gate_proj,3,5,0.10972423851490021,False,
1.mlp.gate_proj,3,6,0.1837698519229889,False,
1.mlp.gate_proj,3,7,0.25756654143333435,False,
1.mlp.gate_proj,3,8,0.3515050709247589,False,
1.mlp.gate_proj,3,9,0.4698132872581482,False,
1.mlp.gate_proj,4,5,0.06370209902524948,False,
1.mlp.gate_proj,4,6,0.1407446265220642,False,
1.mlp.gate_proj,4,7,0.2188229262828827,False,
1.mlp.gate_proj,4,8,0.31913357973098755,False,
1.mlp.gate_proj,4,9,0.4492546617984772,False,
1.mlp.gate_proj,5,6,0.08126923441886902,False,
1.mlp.gate_proj,5,7,0.16199973225593567,False,
1.mlp.gate_proj,5,8,0.2696356773376465,False,
1.mlp.gate_proj,5,9,0.41526153683662415,False,
1.mlp.gate_proj,6,7,0.09117230772972107,False,
1.mlp.gate_proj,6,8,0.20687519013881683,False,
1.mlp.gate_proj,6,9,0.3702012598514557,False,
1.mlp.gate_proj,7,8,0.12165036797523499,False,
1.mlp.gate_proj,7,9,0.3005189299583435,False,
1.mlp.gate_proj,8,9,0.19374491274356842,False,
1.mlp.up_proj,0,1,0.045068662613630295,False,
1.mlp.up_proj,0,2,0.07494040578603745,False,
1.mlp.up_proj,0,3,0.12277518212795258,False,
1.mlp.up_proj,0,4,0.16170865297317505,False,
1.mlp.up_proj,0,5,0.21622253954410553,False,
1.mlp.up_proj,0,6,0.2827393710613251,False,
1.mlp.up_proj,0,7,0.3466298282146454,False,
1.mlp.up_proj,0,8,0.422654390335083,False,
1.mlp.up_proj,0,9,0.5120669603347778,False,
1.mlp.up_proj,1,2,0.03744637966156006,False,
1.mlp.up_proj,1,3,0.08996756374835968,False,
1.mlp.up_proj,1,4,0.13220854103565216,False,
1.mlp.up_proj,1,5,0.1893637478351593,False,
1.mlp.up_proj,1,6,0.25976356863975525,False,
1.mlp.up_proj,1,7,0.3254258930683136,False,
1.mlp.up_proj,1,8,0.4055888056755066,False,
1.mlp.up_proj,1,9,0.5016112327575684,False,
1.mlp.up_proj,2,3,0.05708210915327072,False,
1.mlp.up_proj,2,4,0.09800967574119568,False,
1.mlp.up_proj,2,5,0.15678037703037262,False,
1.mlp.up_proj,2,6,0.23010040819644928,False,
1.mlp.up_proj,2,7,0.2992332875728607,False,
1.mlp.up_proj,2,8,0.3849261999130249,False,
1.mlp.up_proj,2,9,0.4900757074356079,False,
1.mlp.up_proj,3,4,0.04954970255494118,False,
1.mlp.up_proj,3,5,0.10972423851490021,False,
1.mlp.up_proj,3,6,0.1837698519229889,False,
1.mlp.up_proj,3,7,0.25756654143333435,False,
1.mlp.up_proj,3,8,0.3515050709247589,False,
1.mlp.up_proj,3,9,0.4698132872581482,False,
1.mlp.up_proj,4,5,0.06370209902524948,False,
1.mlp.up_proj,4,6,0.1407446265220642,False,
1.mlp.up_proj,4,7,0.2188229262828827,False,
1.mlp.up_proj,4,8,0.31913357973098755,False,
1.mlp.up_proj,4,9,0.4492546617984772,False,
1.mlp.up_proj,5,6,0.08126923441886902,False,
1.mlp.up_proj,5,7,0.16199973225593567,False,
1.mlp.up_proj,5,8,0.2696356773376465,False,
1.mlp.up_proj,5,9,0.41526153683662415,False,
1.mlp.up_proj,6,7,0.09117230772972107,False,
1.mlp.up_proj,6,8,0.20687519013881683,False,
1.mlp.up_proj,6,9,0.3702012598514557,False,
1.mlp.up_proj,7,8,0.12165036797523499,False,
1.mlp.up_proj,7,9,0.3005189299583435,False,
1.mlp.up_proj,8,9,0.19374491274356842,False,
1.mlp.down_proj,0,1,0.007274370174854994,False,
1.mlp.down_proj,0,2,0.013731136918067932,False,
1.mlp.down_proj,0,3,0.023605845868587494,False,
1.mlp.down_proj,0,4,0.031673964112997055,False,
1.mlp.down_proj,0,5,0.0418795682489872,False,
1.mlp.down_proj,0,6,0.05498327687382698,False,
1.mlp.down_proj,0,7,0.07106727361679077,False,
1.mlp.down_proj,0,8,0.0951063260436058,False,
1.mlp.down_proj,0,9,0.12942005693912506,False,
1.mlp.down_proj,1,2,0.007619078736752272,False,
1.mlp.down_proj,1,3,0.017854886129498482,False,
1.mlp.down_proj,1,4,0.02629241719841957,False,
1.mlp.down_proj,1,5,0.03690437972545624,False,
1.mlp.down_proj,1,6,0.05045335739850998,False,
1.mlp.down_proj,1,7,0.06709739565849304,False,
1.mlp.down_proj,1,8,0.09222771227359772,False,
1.mlp.down_proj,1,9,0.12829884886741638,False,
1.mlp.down_proj,2,3,0.01134584192186594,False,
1.mlp.down_proj,2,4,0.01917756162583828,False,
1.mlp.down_proj,2,5,0.02999896928668022,False,
1.mlp.down_proj,2,6,0.044060952961444855,False,
1.mlp.down_proj,2,7,0.061515625566244125,False,
1.mlp.down_proj,2,8,0.08824919909238815,False,
1.mlp.down_proj,2,9,0.1271694302558899,False,
1.mlp.down_proj,3,4,0.01021956279873848,False,
1.mlp.down_proj,3,5,0.021731873974204063,False,
1.mlp.down_proj,3,6,0.03557571396231651,False,
1.mlp.down_proj,3,7,0.05401764437556267,False,
1.mlp.down_proj,3,8,0.08292564004659653,False,
1.mlp.down_proj,3,9,0.12558606266975403,False,
1.mlp.down_proj,4,5,0.012125939130783081,False,
1.mlp.down_proj,4,6,0.026701880618929863,False,
1.mlp.down_proj,4,7,0.04606947675347328,False,
1.mlp.down_proj,4,8,0.07697294652462006,False,
1.mlp.down_proj,4,9,0.1238858699798584,False,
1.mlp.down_proj,5,6,0.01565360277891159,False,
1.mlp.down_proj,5,7,0.03571236506104469,False,
1.mlp.down_proj,5,8,0.06897509843111038,False,
1.mlp.down_proj,5,9,0.12158770859241486,False,
1.mlp.down_proj,6,7,0.021682022139430046,False,
1.mlp.down_proj,6,8,0.05787288397550583,False,
1.mlp.down_proj,6,9,0.11845635622739792,False,
1.mlp.down_proj,7,8,0.039184410125017166,False,
1.mlp.down_proj,7,9,0.11210769414901733,False,
1.mlp.down_proj,8,9,0.09108933061361313,True,89.32133483886719
2.self_attn.q_proj,0,1,0.14528526365756989,False,
2.self_attn.q_proj,0,2,0.18932116031646729,False,
2.self_attn.q_proj,0,3,0.22879479825496674,False,
2.self_attn.q_proj,0,4,0.27034837007522583,False,
2.self_attn.q_proj,0,5,0.31571173667907715,False,
2.self_attn.q_proj,0,6,0.3662322461605072,False,
2.self_attn.q_proj,0,7,0.39261072874069214,False,
2.self_attn.q_proj,0,8,0.3999260365962982,False,
2.self_attn.q_proj,0,9,0.35549888014793396,False,
2.self_attn.q_proj,1,2,0.05757233873009682,False,
2.self_attn.q_proj,1,3,0.11073533445596695,False,
2.self_attn.q_proj,1,4,0.16623756289482117,False,
2.self_attn.q_proj,1,5,0.22627848386764526,False,
2.self_attn.q_proj,1,6,0.29804229736328125,False,
2.self_attn.q_proj,1,7,0.3424980044364929,False,
2.self_attn.q_proj,1,8,0.3651459813117981,False,
2.self_attn.q_proj,1,9,0.3348196744918823,False,
2.self_attn.q_proj,2,3,0.06271596997976303,False,
2.self_attn.q_proj,2,4,0.12057243287563324,False,
2.self_attn.q_proj,2,5,0.18601463735103607,False,
2.self_attn.q_proj,2,6,0.27085646986961365,False,
2.self_attn.q_proj,2,7,0.32872891426086426,False,
2.self_attn.q_proj,2,8,0.3676571846008301,False,
2.self_attn.q_proj,2,9,0.35274451971054077,False,
2.self_attn.q_proj,3,4,0.06668613106012344,True,35.412635803222656
2.self_attn.q_proj,3,5,0.13557112216949463,True,82.73790740966797
2.self_attn.q_proj,3,6,0.23125265538692474,True,85.01883697509766
2.self_attn.q_proj,3,7,0.30405938625335693,True,85.25275421142578
2.self_attn.q_proj,3,8,0.3635813295841217,True,85.90182495117188
2.self_attn.q_proj,3,9,0.37099042534828186,False,
2.self_attn.q_proj,4,5,0.07947973161935806,True,50.614906311035156
2.self_attn.q_proj,4,6,0.1861651986837387,True,54.81449890136719
2.self_attn.q_proj,4,7,0.2753918468952179,True,69.84909057617188
2.self_attn.q_proj,4,8,0.35995352268218994,True,76.02304077148438
2.self_attn.q_proj,4,9,0.3978634476661682,False,
2.self_attn.q_proj,5,6,0.12686794996261597,True,37.586456298828125
2.self_attn.q_proj,5,7,0.2291439175605774,True,61.04551696777344
2.self_attn.q_proj,5,8,0.34096044301986694,True,68.01420593261719
2.self_attn.q_proj,5,9,0.41577064990997314,False,
2.self_attn.q_proj,6,7,0.12909016013145447,True,25.665908813476562
2.self_attn.q_proj,6,8,0.27574655413627625,True,47.25819778442383
2.self_attn.q_proj,6,9,0.41467732191085815,False,
2.self_attn.q_proj,7,8,0.1746099591255188,True,37.97473907470703
2.self_attn.q_proj,7,9,0.3732098639011383,False,
2.self_attn.q_proj,8,9,0.26147976517677307,False,
2.self_attn.k_proj,0,1,0.14528526365756989,False,
2.self_attn.k_proj,0,2,0.18932116031646729,False,
2.self_attn.k_proj,0,3,0.22879479825496674,False,
2.self_attn.k_proj,0,4,0.27034837007522583,False,
2.self_attn.k_proj,0,5,0.31571173667907715,False,
2.self_attn.k_proj,0,6,0.3662322461605072,False,
2.self_attn.k_proj,0,7,0.39261072874069214,False,
2.self_attn.k_proj,0,8,0.3999260365962982,False,
2.self_attn.k_proj,0,9,0.35549888014793396,False,
2.self_attn.k_proj,1,2,0.05757233873009682,False,
2.self_attn.k_proj,1,3,0.11073533445596695,False,
2.self_attn.k_proj,1,4,0.16623756289482117,False,
2.self_attn.k_proj,1,5,0.22627848386764526,False,
2.self_attn.k_proj,1,6,0.29804229736328125,False,
2.self_attn.k_proj,1,7,0.3424980044364929,False,
2.self_attn.k_proj,1,8,0.3651459813117981,False,
2.self_attn.k_proj,1,9,0.3348196744918823,False,
2.self_attn.k_proj,2,3,0.06271596997976303,False,
2.self_attn.k_proj,2,4,0.12057243287563324,False,
2.self_attn.k_proj,2,5,0.18601463735103607,False,
2.self_attn.k_proj,2,6,0.27085646986961365,False,
2.self_attn.k_proj,2,7,0.32872891426086426,False,
2.self_attn.k_proj,2,8,0.3676571846008301,False,
2.self_attn.k_proj,2,9,0.35274451971054077,False,
2.self_attn.k_proj,3,4,0.06668613106012344,True,35.412635803222656
2.self_attn.k_proj,3,5,0.13557112216949463,True,82.73790740966797
2.self_attn.k_proj,3,6,0.23125265538692474,True,85.01883697509766
2.self_attn.k_proj,3,7,0.30405938625335693,True,85.25275421142578
2.self_attn.k_proj,3,8,0.3635813295841217,True,85.90182495117188
2.self_attn.k_proj,3,9,0.37099042534828186,False,
2.self_attn.k_proj,4,5,0.07947973161935806,True,50.614906311035156
2.self_attn.k_proj,4,6,0.1861651986837387,True,54.81449890136719
2.self_attn.k_proj,4,7,0.2753918468952179,True,69.84909057617188
2.self_attn.k_proj,4,8,0.35995352268218994,True,76.02304077148438
2.self_attn.k_proj,4,9,0.3978634476661682,False,
2.self_attn.k_proj,5,6,0.12686794996261597,True,37.586456298828125
2.self_attn.k_proj,5,7,0.2291439175605774,True,61.04551696777344
2.self_attn.k_proj,5,8,0.34096044301986694,True,68.01420593261719
2.self_attn.k_proj,5,9,0.41577064990997314,False,
2.self_attn.k_proj,6,7,0.12909016013145447,True,25.665908813476562
2.self_attn.k_proj,6,8,0.27574655413627625,True,47.25819778442383
2.self_attn.k_proj,6,9,0.41467732191085815,False,
2.self_attn.k_proj,7,8,0.1746099591255188,True,37.97473907470703
2.self_attn.k_proj,7,9,0.3732098639011383,False,
2.self_attn.k_proj,8,9,0.26147976517677307,False,
2.self_attn.v_proj,0,1,0.14528526365756989,False,
2.self_attn.v_proj,0,2,0.18932116031646729,False,
2.self_attn.v_proj,0,3,0.22879479825496674,False,
2.self_attn.v_proj,0,4,0.27034837007522583,False,
2.self_attn.v_proj,0,5,0.31571173667907715,False,
2.self_attn.v_proj,0,6,0.3662322461605072,False,
2.self_attn.v_proj,0,7,0.39261072874069214,False,
2.self_attn.v_proj,0,8,0.3999260365962982,False,
2.self_attn.v_proj,0,9,0.35549888014793396,False,
2.self_attn.v_proj,1,2,0.05757233873009682,False,
2.self_attn.v_proj,1,3,0.11073533445596695,False,
2.self_attn.v_proj,1,4,0.16623756289482117,False,
2.self_attn.v_proj,1,5,0.22627848386764526,False,
2.self_attn.v_proj,1,6,0.29804229736328125,False,
2.self_attn.v_proj,1,7,0.3424980044364929,False,
2.self_attn.v_proj,1,8,0.3651459813117981,False,
2.self_attn.v_proj,1,9,0.3348196744918823,False,
2.self_attn.v_proj,2,3,0.06271596997976303,False,
2.self_attn.v_proj,2,4,0.12057243287563324,False,
2.self_attn.v_proj,2,5,0.18601463735103607,False,
2.self_attn.v_proj,2,6,0.27085646986961365,False,
2.self_attn.v_proj,2,7,0.32872891426086426,False,
2.self_attn.v_proj,2,8,0.3676571846008301,False,
2.self_attn.v_proj,2,9,0.35274451971054077,False,
2.self_attn.v_proj,3,4,0.06668613106012344,True,35.412635803222656
2.self_attn.v_proj,3,5,0.13557112216949463,True,82.73790740966797
2.self_attn.v_proj,3,6,0.23125265538692474,True,85.01883697509766
2.self_attn.v_proj,3,7,0.30405938625335693,True,85.25275421142578
2.self_attn.v_proj,3,8,0.3635813295841217,True,85.90182495117188
2.self_attn.v_proj,3,9,0.37099042534828186,False,
2.self_attn.v_proj,4,5,0.07947973161935806,True,50.614906311035156
2.self_attn.v_proj,4,6,0.1861651986837387,True,54.81449890136719
2.self_attn.v_proj,4,7,0.2753918468952179,True,69.84909057617188
2.self_attn.v_proj,4,8,0.35995352268218994,True,76.02304077148438
2.self_attn.v_proj,4,9,0.3978634476661682,False,
2.self_attn.v_proj,5,6,0.12686794996261597,True,37.586456298828125
2.self_attn.v_proj,5,7,0.2291439175605774,True,61.04551696777344
2.self_attn.v_proj,5,8,0.34096044301986694,True,68.01420593261719
2.self_attn.v_proj,5,9,0.41577064990997314,False,
2.self_attn.v_proj,6,7,0.12909016013145447,True,25.665908813476562
2.self_attn.v_proj,6,8,0.27574655413627625,True,47.25819778442383
2.self_attn.v_proj,6,9,0.41467732191085815,False,
2.self_attn.v_proj,7,8,0.1746099591255188,True,37.97473907470703
2.self_attn.v_proj,7,9,0.3732098639011383,False,
2.self_attn.v_proj,8,9,0.26147976517677307,False,
2.self_attn.o_proj,0,1,0.16325293481349945,True,18.939048767089844
2.self_attn.o_proj,0,2,0.27005305886268616,True,87.05148315429688
2.self_attn.o_proj,0,3,0.35029423236846924,True,88.26459503173828
2.self_attn.o_proj,0,4,0.4105537235736847,True,89.10646057128906
2.self_attn.o_proj,0,5,0.4633486866950989,True,89.08131408691406
2.self_attn.o_proj,0,6,0.4860772490501404,True,89.23858642578125
2.self_attn.o_proj,0,7,0.4814659059047699,True,89.5191650390625
2.self_attn.o_proj,0,8,0.44323620200157166,True,89.2972640991211
2.self_attn.o_proj,0,9,0.37545090913772583,True,89.78668975830078
2.self_attn.o_proj,1,2,0.1351964771747589,True,89.86868286132812
2.self_attn.o_proj,1,3,0.2395244836807251,True,89.37024688720703
2.self_attn.o_proj,1,4,0.32932040095329285,True,88.88727569580078
2.self_attn.o_proj,1,5,0.4131251573562622,True,89.74018096923828
2.self_attn.o_proj,1,6,0.4577207863330841,True,89.07432556152344
2.self_attn.o_proj,1,7,0.46758806705474854,True,89.8373794555664
2.self_attn.o_proj,1,8,0.4381030797958374,True,89.53580474853516
2.self_attn.o_proj,1,9,0.37518128752708435,True,89.57970428466797
2.self_attn.o_proj,2,3,0.12140773981809616,True,26.581144332885742
2.self_attn.o_proj,2,4,0.2291582077741623,True,55.02425765991211
2.self_attn.o_proj,2,5,0.34216684103012085,True,87.14093780517578
2.self_attn.o_proj,2,6,0.41415369510650635,True,89.60892486572266
2.self_attn.o_proj,2,7,0.44529542326927185,True,89.85957336425781
2.self_attn.o_proj,2,8,0.4295155107975006,True,89.2175064086914
2.self_attn.o_proj,2,9,0.37482476234436035,True,88.91641998291016
2.self_attn.o_proj,3,4,0.12451976537704468,True,40.19039535522461
2.self_attn.o_proj,3,5,0.2562052309513092,True,85.75896453857422
2.self_attn.o_proj,3,6,0.3561268448829651,True,89.72599792480469
2.self_attn.o_proj,3,7,0.4108182191848755,True,88.83883666992188
2.self_attn.o_proj,3,8,0.41484764218330383,True,89.35172271728516
2.self_attn.o_proj,3,9,0.3736456632614136,True,89.74054718017578
2.self_attn.o_proj,4,5,0.14980967342853546,True,83.62205505371094
2.self_attn.o_proj,4,6,0.274719774723053,True,89.51660919189453
2.self_attn.o_proj,4,7,0.35835936665534973,True,87.27875518798828
2.self_attn.o_proj,4,8,0.3879876434803009,True,86.78213500976562
2.self_attn.o_proj,4,9,0.3671911656856537,True,87.99922943115234
2.self_attn.o_proj,5,6,0.15440571308135986,True,72.04124450683594
2.self_attn.o_proj,5,7,0.2679193317890167,True,81.30762481689453
2.self_attn.o_proj,5,8,0.3351980745792389,True,82.01036834716797
2.self_attn.o_proj,5,9,0.3496447205543518,True,86.8115463256836
2.self_attn.o_proj,6,7,0.14666058123111725,True,18.131242752075195
2.self_attn.o_proj,6,8,0.24949800968170166,True,66.83345794677734
2.self_attn.o_proj,6,9,0.309063196182251,True,89.47552490234375
2.self_attn.o_proj,7,8,0.13553909957408905,True,70.6106185913086
2.self_attn.o_proj,7,9,0.23938989639282227,True,89.77062225341797
2.self_attn.o_proj,8,9,0.1342601776123047,True,66.53348541259766
2.mlp.gate_proj,0,1,0.09870733320713043,False,
2.mlp.gate_proj,0,2,0.1835036724805832,False,
2.mlp.gate_proj,0,3,0.2974836528301239,False,
2.mlp.gate_proj,0,4,0.3836835026741028,False,
2.mlp.gate_proj,0,5,0.46226122975349426,False,
2.mlp.gate_proj,0,6,0.5355672240257263,False,
2.mlp.gate_proj,0,7,0.5754367709159851,False,
2.mlp.gate_proj,0,8,0.6060469746589661,False,
2.mlp.gate_proj,0,9,0.6225636005401611,False,
2.mlp.gate_proj,1,2,0.10003949701786041,False,
2.mlp.gate_proj,1,3,0.22307848930358887,False,
2.mlp.gate_proj,1,4,0.3192909061908722,False,
2.mlp.gate_proj,1,5,0.4073403775691986,False,
2.mlp.gate_proj,1,6,0.4925025999546051,False,
2.mlp.gate_proj,1,7,0.5401925444602966,False,
2.mlp.gate_proj,1,8,0.5802648067474365,False,
2.mlp.gate_proj,1,9,0.605180025100708,False,
2.mlp.gate_proj,2,3,0.13206107914447784,False,
2.mlp.gate_proj,2,4,0.2324041724205017,False,
2.mlp.gate_proj,2,5,0.32975414395332336,False,
2.mlp.gate_proj,2,6,0.4287308156490326,False,
2.mlp.gate_proj,2,7,0.48670947551727295,False,
2.mlp.gate_proj,2,8,0.539036214351654,False,
2.mlp.gate_proj,2,9,0.5766605734825134,False,
2.mlp.gate_proj,3,4,0.11299469321966171,False,
2.mlp.gate_proj,3,5,0.21752561628818512,False,
2.mlp.gate_proj,3,6,0.32921233773231506,False,
2.mlp.gate_proj,3,7,0.3988837003707886,False,
2.mlp.gate_proj,3,8,0.4682944118976593,False,
2.mlp.gate_proj,3,9,0.5268840789794922,False,
2.mlp.gate_proj,4,5,0.11232742667198181,False,
2.mlp.gate_proj,4,6,0.23310516774654388,False,
2.mlp.gate_proj,4,7,0.3130050599575043,False,
2.mlp.gate_proj,4,8,0.3960287868976593,False,
2.mlp.gate_proj,4,9,0.4759606122970581,False,
2.mlp.gate_proj,5,6,0.13036951422691345,False,
2.mlp.gate_proj,5,7,0.21742205321788788,False,
2.mlp.gate_proj,5,8,0.3142925500869751,False,
2.mlp.gate_proj,5,9,0.41912466287612915,False,
2.mlp.gate_proj,6,7,0.10590037703514099,False,
2.mlp.gate_proj,6,8,0.21660907566547394,False,
2.mlp.gate_proj,6,9,0.35368403792381287,False,
2.mlp.gate_proj,7,8,0.12193439900875092,False,
2.mlp.gate_proj,7,9,0.27898675203323364,False,
2.mlp.gate_proj,8,9,0.1761355698108673,False,
2.mlp.up_proj,0,1,0.09870733320713043,False,
2.mlp.up_proj,0,2,0.1835036724805832,False,
2.mlp.up_proj,0,3,0.2974836528301239,False,
2.mlp.up_proj,0,4,0.3836835026741028,False,
2.mlp.up_proj,0,5,0.46226122975349426,False,
2.mlp.up_proj,0,6,0.5355672240257263,False,
2.mlp.up_proj,0,7,0.5754367709159851,False,
2.mlp.up_proj,0,8,0.6060469746589661,False,
2.mlp.up_proj,0,9,0.6225636005401611,False,
2.mlp.up_proj,1,2,0.10003949701786041,False,
2.mlp.up_proj,1,3,0.22307848930358887,False,
2.mlp.up_proj,1,4,0.3192909061908722,False,
2.mlp.up_proj,1,5,0.4073403775691986,False,
2.mlp.up_proj,1,6,0.4925025999546051,False,
2.mlp.up_proj,1,7,0.5401925444602966,False,
2.mlp.up_proj,1,8,0.5802648067474365,False,
2.mlp.up_proj,1,9,0.605180025100708,False,
2.mlp.up_proj,2,3,0.13206107914447784,False,
2.mlp.up_proj,2,4,0.2324041724205017,False,
2.mlp.up_proj,2,5,0.32975414395332336,False,
2.mlp.up_proj,2,6,0.4287308156490326,False,
2.mlp.up_proj,2,7,0.48670947551727295,False,
2.mlp.up_proj,2,8,0.539036214351654,False,
2.mlp.up_proj,2,9,0.5766605734825134,False,
2.mlp.up_proj,3,4,0.11299469321966171,False,
2.mlp.up_proj,3,5,0.21752561628818512,False,
2.mlp.up_proj,3,6,0.32921233773231506,False,
2.mlp.up_proj,3,7,0.3988837003707886,False,
2.mlp.up_proj,3,8,0.4682944118976593,False,
2.mlp.up_proj,3,9,0.5268840789794922,False,
2.mlp.up_proj,4,5,0.11232742667198181,False,
2.mlp.up_proj,4,6,0.23310516774654388,False,
2.mlp.up_proj,4,7,0.3130050599575043,False,
2.mlp.up_proj,4,8,0.3960287868976593,False,
2.mlp.up_proj,4,9,0.4759606122970581,False,
2.mlp.up_proj,5,6,0.13036951422691345,False,
2.mlp.up_proj,5,7,0.21742205321788788,False,
2.mlp.up_proj,5,8,0.3142925500869751,False,
2.mlp.up_proj,5,9,0.41912466287612915,False,
2.mlp.up_proj,6,7,0.10590037703514099,False,
2.mlp.up_proj,6,8,0.21660907566547394,False,
2.mlp.up_proj,6,9,0.35368403792381287,False,
2.mlp.up_proj,7,8,0.12193439900875092,False,
2.mlp.up_proj,7,9,0.27898675203323364,False,
2.mlp.up_proj,8,9,0.1761355698108673,False,
2.mlp.down_proj,0,1,0.022959554567933083,False,
2.mlp.down_proj,0,2,0.03797106817364693,False,
2.mlp.down_proj,0,3,0.061240676790475845,False,
2.mlp.down_proj,0,4,0.08054394274950027,False,
2.mlp.down_proj,0,5,0.10542277246713638,False,
2.mlp.down_proj,0,6,0.13238418102264404,False,
2.mlp.down_proj,0,7,0.1594187319278717,False,
2.mlp.down_proj,0,8,0.18327534198760986,False,
2.mlp.down_proj,0,9,0.1858927607536316,False,
2.mlp.down_proj,1,2,0.019728895276784897,False,
2.mlp.down_proj,1,3,0.04502579942345619,False,
2.mlp.down_proj,1,4,0.06684207916259766,False,
2.mlp.down_proj,1,5,0.09392339736223221,False,
2.mlp.down_proj,1,6,0.12321487814188004,False,
2.mlp.down_proj,1,7,0.1533961296081543,False,
2.mlp.down_proj,1,8,0.1821686178445816,False,
2.mlp.down_proj,1,9,0.19023343920707703,False,
2.mlp.down_proj,2,3,0.027979185804724693,False,
2.mlp.down_proj,2,4,0.04978905990719795,False,
2.mlp.down_proj,2,5,0.07875795662403107,False,
2.mlp.down_proj,2,6,0.11131172627210617,False,
2.mlp.down_proj,2,7,0.14564591646194458,False,
2.mlp.down_proj,2,8,0.18012982606887817,False,
2.mlp.down_proj,2,9,0.19347499310970306,False,
2.mlp.down_proj,3,4,0.026840390637516975,False,
2.mlp.down_proj,3,5,0.05790095403790474,False,
2.mlp.down_proj,3,6,0.0932852029800415,False,
2.mlp.down_proj,3,7,0.1331499218940735,False,
2.mlp.down_proj,3,8,0.17688725888729095,False,
2.mlp.down_proj,3,9,0.19931583106517792,False,
2.mlp.down_proj,4,5,0.03385253623127937,False,
2.mlp.down_proj,4,6,0.07329659909009933,False,
2.mlp.down_proj,4,7,0.11898932605981827,False,
2.mlp.down_proj,4,8,0.17232266068458557,False,
2.mlp.down_proj,4,9,0.20485125482082367,False,
2.mlp.down_proj,5,6,0.0451485700905323,True,28.836219787597656
2.mlp.down_proj,5,7,0.09746529906988144,True,64.25932312011719
2.mlp.down_proj,5,8,0.16510556638240814,True,86.52189636230469
2.mlp.down_proj,5,9,0.2145347148180008,True,88.7564468383789
2.mlp.down_proj,6,7,0.06075393036007881,True,55.9196662902832
2.mlp.down_proj,6,8,0.14680086076259613,True,88.0792236328125
2.mlp.down_proj,6,9,0.22607381641864777,True,89.4424819946289
2.mlp.down_proj,7,8,0.10613564401865005,True,89.38367462158203
2.mlp.down_proj,7,9,0.23054353892803192,True,88.97268676757812
2.mlp.down_proj,8,9,0.18354080617427826,True,85.42938232421875
3.self_attn.q_proj,0,1,0.1943032443523407,True,25.57771110534668
3.self_attn.q_proj,0,2,0.28250202536582947,True,58.16215515136719
3.self_attn.q_proj,0,3,0.4050130248069763,True,85.5875015258789
3.self_attn.q_proj,0,4,0.4696376919746399,True,87.92376708984375
3.self_attn.q_proj,0,5,0.5441094636917114,True,87.7120590209961
3.self_attn.q_proj,0,6,0.607097327709198,True,88.87377166748047
3.self_attn.q_proj,0,7,0.6480129957199097,True,89.9693832397461
3.self_attn.q_proj,0,8,0.6570255160331726,True,89.72892761230469
3.self_attn.q_proj,0,9,0.6471899151802063,True,89.77946472167969
3.self_attn.q_proj,1,2,0.11757107079029083,True,41.09025192260742
3.self_attn.q_proj,1,3,0.26125863194465637,True,85.91383361816406
3.self_attn.q_proj,1,4,0.34760937094688416,True,89.71338653564453
3.self_attn.q_proj,1,5,0.4435495436191559,True,89.47952270507812
3.self_attn.q_proj,1,6,0.5332556366920471,True,89.47914123535156
3.self_attn.q_proj,1,7,0.6019394397735596,True,89.39490509033203
3.self_attn.q_proj,1,8,0.630486011505127,True,89.80937194824219
3.self_attn.q_proj,1,9,0.647325336933136,True,89.52494049072266
3.self_attn.q_proj,2,3,0.16240446269512177,True,87.3739013671875
3.self_attn.q_proj,2,4,0.2523719072341919,True,86.36305236816406
3.self_attn.q_proj,2,5,0.3589930534362793,True,87.15220642089844
3.self_attn.q_proj,2,6,0.46489933133125305,True,88.26435089111328
3.self_attn.q_proj,2,7,0.5531229972839355,True,89.60906982421875
3.self_attn.q_proj,2,8,0.5970658659934998,True,89.24683380126953
3.self_attn.q_proj,2,9,0.6376447081565857,True,89.16734313964844
3.self_attn.q_proj,3,4,0.11563766747713089,True,86.3870620727539
3.self_attn.q_proj,3,5,0.22726713120937347,True,83.56881713867188
3.self_attn.q_proj,3,6,0.34824487566947937,True,83.85018157958984
3.self_attn.q_proj,3,7,0.4597891569137573,True,88.76019287109375
3.self_attn.q_proj,3,8,0.5282865166664124,True,89.49773406982422
3.self_attn.q_proj,3,9,0.6076722741127014,True,89.10139465332031
3.self_attn.q_proj,4,5,0.13067464530467987,True,55.2305908203125
3.self_attn.q_proj,4,6,0.2612217664718628,True,71.55467987060547
3.self_attn.q_proj,4,7,0.38756006956100464,True,87.56031799316406
3.self_attn.q_proj,4,8,0.4709201455116272,True,89.35731506347656
3.self_attn.q_proj,4,9,0.5796970129013062,True,89.83789825439453
3.self_attn.q_proj,5,6,0.15037643909454346,True,49.21738815307617
3.self_attn.q_proj,5,7,0.2893982231616974,True,81.51863861083984
3.self_attn.q_proj,5,8,0.39389365911483765,True,89.04125213623047
3.self_attn.q_proj,5,9,0.541530430316925,True,88.83900451660156
3.self_attn.q_proj,6,7,0.16142001748085022,True,77.54195404052734
3.self_attn.q_proj,6,8,0.28737562894821167,True,89.22953033447266
3.self_attn.q_proj,6,9,0.48000913858413696,True,89.64469909667969
3.self_attn.q_proj,7,8,0.15982471406459808,True,60.330101013183594
3.self_attn.q_proj,7,9,0.39518532156944275,True,73.65766906738281
3.self_attn.q_proj,8,9,0.26987022161483765,True,45.14073181152344
3.self_attn.k_proj,0,1,0.1943032443523407,True,25.57771110534668
3.self_attn.k_proj,0,2,0.28250202536582947,True,58.16215515136719
3.self_attn.k_proj,0,3,0.4050130248069763,True,85.5875015258789
3.self_attn.k_proj,0,4,0.4696376919746399,True,87.92376708984375
3.self_attn.k_proj,0,5,0.5441094636917114,True,87.7120590209961
3.self_attn.k_proj,0,6,0.607097327709198,True,88.87377166748047
3.self_attn.k_proj,0,7,0.6480129957199097,True,89.9693832397461
3.self_attn.k_proj,0,8,0.6570255160331726,True,89.72892761230469
3.self_attn.k_proj,0,9,0.6471899151802063,True,89.77946472167969
3.self_attn.k_proj,1,2,0.11757107079029083,True,41.09025192260742
3.self_attn.k_proj,1,3,0.26125863194465637,True,85.91383361816406
3.self_attn.k_proj,1,4,0.34760937094688416,True,89.71338653564453
3.self_attn.k_proj,1,5,0.4435495436191559,True,89.47952270507812
3.self_attn.k_proj,1,6,0.5332556366920471,True,89.47914123535156
3.self_attn.k_proj,1,7,0.6019394397735596,True,89.39490509033203
3.self_attn.k_proj,1,8,0.630486011505127,True,89.80937194824219
3.self_attn.k_proj,1,9,0.647325336933136,True,89.52494049072266
3.self_attn.k_proj,2,3,0.16240446269512177,True,87.3739013671875
3.self_attn.k_proj,2,4,0.2523719072341919,True,86.36305236816406
3.self_attn.k_proj,2,5,0.3589930534362793,True,87.15220642089844
3.self_attn.k_proj,2,6,0.46489933133125305,True,88.26435089111328
3.self_attn.k_proj,2,7,0.5531229972839355,True,89.60906982421875
3.self_attn.k_proj,2,8,0.5970658659934998,True,89.24683380126953
3.self_attn.k_proj,2,9,0.6376447081565857,True,89.16734313964844
3.self_attn.k_proj,3,4,0.11563766747713089,True,86.3870620727539
3.self_attn.k_proj,3,5,0.22726713120937347,True,83.56881713867188
3.self_attn.k_proj,3,6,0.34824487566947937,True,83.85018157958984
3.self_attn.k_proj,3,7,0.4597891569137573,True,88.76019287109375
3.self_attn.k_proj,3,8,0.5282865166664124,True,89.49773406982422
3.self_attn.k_proj,3,9,0.6076722741127014,True,89.10139465332031
3.self_attn.k_proj,4,5,0.13067464530467987,True,55.2305908203125
3.self_attn.k_proj,4,6,0.2612217664718628,True,71.55467987060547
3.self_attn.k_proj,4,7,0.38756006956100464,True,87.56031799316406
3.self_attn.k_proj,4,8,0.4709201455116272,True,89.35731506347656
3.self_attn.k_proj,4,9,0.5796970129013062,True,89.83789825439453
3.self_attn.k_proj,5,6,0.15037643909454346,True,49.21738815307617
3.self_attn.k_proj,5,7,0.2893982231616974,True,81.51863861083984
3.self_attn.k_proj,5,8,0.39389365911483765,True,89.04125213623047
3.self_attn.k_proj,5,9,0.541530430316925,True,88.83900451660156
3.self_attn.k_proj,6,7,0.16142001748085022,True,77.54195404052734
3.self_attn.k_proj,6,8,0.28737562894821167,True,89.22953033447266
3.self_attn.k_proj,6,9,0.48000913858413696,True,89.64469909667969
3.self_attn.k_proj,7,8,0.15982471406459808,True,60.330101013183594
3.self_attn.k_proj,7,9,0.39518532156944275,True,73.65766906738281
3.self_attn.k_proj,8,9,0.26987022161483765,True,45.14073181152344
3.self_attn.v_proj,0,1,0.1943032443523407,True,25.57771110534668
3.self_attn.v_proj,0,2,0.28250202536582947,True,58.16215515136719
3.self_attn.v_proj,0,3,0.4050130248069763,True,85.5875015258789
3.self_attn.v_proj,0,4,0.4696376919746399,True,87.92376708984375
3.self_attn.v_proj,0,5,0.5441094636917114,True,87.7120590209961
3.self_attn.v_proj,0,6,0.607097327709198,True,88.87377166748047
3.self_attn.v_proj,0,7,0.6480129957199097,True,89.9693832397461
3.self_attn.v_proj,0,8,0.6570255160331726,True,89.72892761230469
3.self_attn.v_proj,0,9,0.6471899151802063,True,89.77946472167969
3.self_attn.v_proj,1,2,0.11757107079029083,True,41.09025192260742
3.self_attn.v_proj,1,3,0.26125863194465637,True,85.91383361816406
3.self_attn.v_proj,1,4,0.34760937094688416,True,89.71338653564453
3.self_attn.v_proj,1,5,0.4435495436191559,True,89.47952270507812
3.self_attn.v_proj,1,6,0.5332556366920471,True,89.47914123535156
3.self_attn.v_proj,1,7,0.6019394397735596,True,89.39490509033203
3.self_attn.v_proj,1,8,0.630486011505127,True,89.80937194824219
3.self_attn.v_proj,1,9,0.647325336933136,True,89.52494049072266
3.self_attn.v_proj,2,3,0.16240446269512177,True,87.3739013671875
3.self_attn.v_proj,2,4,0.2523719072341919,True,86.36305236816406
3.self_attn.v_proj,2,5,0.3589930534362793,True,87.15220642089844
3.self_attn.v_proj,2,6,0.46489933133125305,True,88.26435089111328
3.self_attn.v_proj,2,7,0.5531229972839355,True,89.60906982421875
3.self_attn.v_proj,2,8,0.5970658659934998,True,89.24683380126953
3.self_attn.v_proj,2,9,0.6376447081565857,True,89.16734313964844
3.self_attn.v_proj,3,4,0.11563766747713089,True,86.3870620727539
3.self_attn.v_proj,3,5,0.22726713120937347,True,83.56881713867188
3.self_attn.v_proj,3,6,0.34824487566947937,True,83.85018157958984
3.self_attn.v_proj,3,7,0.4597891569137573,True,88.76019287109375
3.self_attn.v_proj,3,8,0.5282865166664124,True,89.49773406982422
3.self_attn.v_proj,3,9,0.6076722741127014,True,89.10139465332031
3.self_attn.v_proj,4,5,0.13067464530467987,True,55.2305908203125
3.self_attn.v_proj,4,6,0.2612217664718628,True,71.55467987060547
3.self_attn.v_proj,4,7,0.38756006956100464,True,87.56031799316406
3.self_attn.v_proj,4,8,0.4709201455116272,True,89.35731506347656
3.self_attn.v_proj,4,9,0.5796970129013062,True,89.83789825439453
3.self_attn.v_proj,5,6,0.15037643909454346,True,49.21738815307617
3.self_attn.v_proj,5,7,0.2893982231616974,True,81.51863861083984
3.self_attn.v_proj,5,8,0.39389365911483765,True,89.04125213623047
3.self_attn.v_proj,5,9,0.541530430316925,True,88.83900451660156
3.self_attn.v_proj,6,7,0.16142001748085022,True,77.54195404052734
3.self_attn.v_proj,6,8,0.28737562894821167,True,89.22953033447266
3.self_attn.v_proj,6,9,0.48000913858413696,True,89.64469909667969
3.self_attn.v_proj,7,8,0.15982471406459808,True,60.330101013183594
3.self_attn.v_proj,7,9,0.39518532156944275,True,73.65766906738281
3.self_attn.v_proj,8,9,0.26987022161483765,True,45.14073181152344
3.self_attn.o_proj,0,1,0.05862084776163101,True,6.285905838012695
3.self_attn.o_proj,0,2,0.09150199592113495,True,10.598916053771973
3.self_attn.o_proj,0,3,0.13347305357456207,True,28.11224365234375
3.self_attn.o_proj,0,4,0.16580726206302643,True,52.95050048828125
3.self_attn.o_proj,0,5,0.21759995818138123,True,71.91956329345703
3.self_attn.o_proj,0,6,0.29584506154060364,True,78.60352325439453
3.self_attn.o_proj,0,7,0.38249391317367554,True,89.64054870605469
3.self_attn.o_proj,0,8,0.4519081115722656,True,89.46239471435547
3.self_attn.o_proj,0,9,0.44127485156059265,True,88.92860412597656
3.self_attn.o_proj,1,2,0.039918556809425354,True,5.150313854217529
3.self_attn.o_proj,1,3,0.08896676450967789,True,23.199064254760742
3.self_attn.o_proj,1,4,0.12808457016944885,True,48.67786407470703
3.self_attn.o_proj,1,5,0.18263062834739685,True,67.99237823486328
3.self_attn.o_proj,1,6,0.27131393551826477,True,74.96268463134766
3.self_attn.o_proj,1,7,0.3667062819004059,True,87.06928253173828
3.self_attn.o_proj,1,8,0.44423606991767883,True,89.94027709960938
3.self_attn.o_proj,1,9,0.4380103647708893,True,89.11387634277344
3.self_attn.o_proj,2,3,0.05747658386826515,True,21.047903060913086
3.self_attn.o_proj,2,4,0.09859819710254669,True,46.80525207519531
3.self_attn.o_proj,2,5,0.15252304077148438,True,66.39983367919922
3.self_attn.o_proj,2,6,0.24803127348423004,True,73.38642120361328
3.self_attn.o_proj,2,7,0.35062500834465027,True,86.0782241821289
3.self_attn.o_proj,2,8,0.4375973045825958,True,89.95740509033203
3.self_attn.o_proj,2,9,0.43951481580734253,True,89.14491271972656
3.self_attn.o_proj,3,4,0.04798489809036255,True,26.07511329650879
3.self_attn.o_proj,3,5,0.10487644374370575,True,46.24993133544922
3.self_attn.o_proj,3,6,0.20539166033267975,True,54.74370193481445
3.self_attn.o_proj,3,7,0.31956610083580017,True,73.28668975830078
3.self_attn.o_proj,3,8,0.42283618450164795,True,88.51042938232422
3.self_attn.o_proj,3,9,0.4447108209133148,True,89.7447738647461
3.self_attn.o_proj,4,5,0.06738107651472092,True,21.08729362487793
3.self_attn.o_proj,4,6,0.16676616668701172,True,31.903427124023438
3.self_attn.o_proj,4,7,0.28932785987854004,True,57.04512023925781
3.self_attn.o_proj,4,8,0.40609198808670044,True,86.83680725097656
3.self_attn.o_proj,4,9,0.44696733355522156,True,89.21868133544922
3.self_attn.o_proj,5,6,0.1159980520606041,True,14.421185493469238
3.self_attn.o_proj,5,7,0.24689632654190063,True,43.999324798583984
3.self_attn.o_proj,5,8,0.38264358043670654,True,85.03627014160156
3.self_attn.o_proj,5,9,0.4458765387535095,True,88.46184539794922
3.self_attn.o_proj,6,7,0.1461195945739746,True,33.56759262084961
3.self_attn.o_proj,6,8,0.3111740052700043,True,83.77179718017578
3.self_attn.o_proj,6,9,0.42958903312683105,True,87.26006317138672
3.self_attn.o_proj,7,8,0.19622942805290222,True,77.52709197998047
3.self_attn.o_proj,7,9,0.379491925239563,True,85.01835632324219
3.self_attn.o_proj,8,9,0.25137051939964294,True,86.455322265625
3.mlp.gate_proj,0,1,0.1745147556066513,True,10.432452201843262
3.mlp.gate_proj,0,2,0.27903491258621216,True,26.73952293395996
3.mlp.gate_proj,0,3,0.39226222038269043,True,77.77635955810547
3.mlp.gate_proj,0,4,0.467507541179657,True,87.93074035644531
3.mlp.gate_proj,0,5,0.5448477268218994,True,86.95304107666016
3.mlp.gate_proj,0,6,0.604590117931366,True,87.77427673339844
3.mlp.gate_proj,0,7,0.6437016129493713,True,89.25624084472656
3.mlp.gate_proj,0,8,0.6612330675125122,True,89.70109558105469
3.mlp.gate_proj,0,9,0.6677398085594177,True,88.92713928222656
3.mlp.gate_proj,1,2,0.12900473177433014,True,18.622453689575195
3.mlp.gate_proj,1,3,0.2634691894054413,True,73.5762710571289
3.mlp.gate_proj,1,4,0.3586205840110779,True,86.13841247558594
3.mlp.gate_proj,1,5,0.457072913646698,True,87.0761947631836
3.mlp.gate_proj,1,6,0.5386752486228943,True,88.19239807128906
3.mlp.gate_proj,1,7,0.600384533405304,True,89.91712188720703
3.mlp.gate_proj,1,8,0.6368710994720459,True,89.50369262695312
3.mlp.gate_proj,1,9,0.6591832041740417,True,88.55996704101562
3.mlp.gate_proj,2,3,0.14912322163581848,True,67.39988708496094
3.mlp.gate_proj,2,4,0.2497025728225708,True,85.4140396118164
3.mlp.gate_proj,2,5,0.3616366386413574,True,87.04412841796875
3.mlp.gate_proj,2,6,0.4610323905944824,True,88.6028823852539
3.mlp.gate_proj,2,7,0.542357861995697,True,89.9887466430664
3.mlp.gate_proj,2,8,0.5978355407714844,True,89.44183349609375
3.mlp.gate_proj,2,9,0.6391147971153259,True,87.66669464111328
3.mlp.gate_proj,3,4,0.11943657696247101,True,57.31914520263672
3.mlp.gate_proj,3,5,0.23987416923046112,True,86.19185638427734
3.mlp.gate_proj,3,6,0.3540906608104706,True,89.07344055175781
3.mlp.gate_proj,3,7,0.456021785736084,True,88.88248443603516
3.mlp.gate_proj,3,8,0.5352898240089417,True,88.93585205078125
3.mlp.gate_proj,3,9,0.6032822132110596,True,85.76886749267578
3.mlp.gate_proj,4,5,0.1326831430196762,True,89.57991790771484
3.mlp.gate_proj,4,6,0.25742265582084656,True,86.37486267089844
3.mlp.gate_proj,4,7,0.3731045424938202,True,86.84626770019531
3.mlp.gate_proj,4,8,0.46919694542884827,True,86.91545104980469
3.mlp.gate_proj,4,9,0.5604199171066284,True,89.95948791503906
3.mlp.gate_proj,5,6,0.14091438055038452,True,38.46691131591797
3.mlp.gate_proj,5,7,0.266547828912735,True,88.1583480834961
3.mlp.gate_proj,5,8,0.3836904466152191,True,85.21355438232422
3.mlp.gate_proj,5,9,0.5053443908691406,True,84.10153198242188
3.mlp.gate_proj,6,7,0.14363239705562592,True,80.76062774658203
3.mlp.gate_proj,6,8,0.2781331241130829,True,88.68648529052734
3.mlp.gate_proj,6,9,0.43331003189086914,True,80.3634033203125
3.mlp.gate_proj,7,8,0.1575894057750702,True,34.95238494873047
3.mlp.gate_proj,7,9,0.34536537528038025,True,78.01469421386719
3.mlp.gate_proj,8,9,0.2125779688358307,True,60.203125
3.mlp.up_proj,0,1,0.1745147556066513,True,10.432452201843262
3.mlp.up_proj,0,2,0.27903491258621216,True,26.73952293395996
3.mlp.up_proj,0,3,0.39226222038269043,True,77.77635955810547
3.mlp.up_proj,0,4,0.467507541179657,True,87.93074035644531
3.mlp.up_proj,0,5,0.5448477268218994,True,86.95304107666016
3.mlp.up_proj,0,6,0.604590117931366,True,87.77427673339844
3.mlp.up_proj,0,7,0.6437016129493713,True,89.25624084472656
3.mlp.up_proj,0,8,0.6612330675125122,True,89.70109558105469
3.mlp.up_proj,0,9,0.6677398085594177,True,88.92713928222656
3.mlp.up_proj,1,2,0.12900473177433014,True,18.622453689575195
3.mlp.up_proj,1,3,0.2634691894054413,True,73.5762710571289
3.mlp.up_proj,1,4,0.3586205840110779,True,86.13841247558594
3.mlp.up_proj,1,5,0.457072913646698,True,87.0761947631836
3.mlp.up_proj,1,6,0.5386752486228943,True,88.19239807128906
3.mlp.up_proj,1,7,0.600384533405304,True,89.91712188720703
3.mlp.up_proj,1,8,0.6368710994720459,True,89.50369262695312
3.mlp.up_proj,1,9,0.6591832041740417,True,88.55996704101562
3.mlp.up_proj,2,3,0.14912322163581848,True,67.39988708496094
3.mlp.up_proj,2,4,0.2497025728225708,True,85.4140396118164
3.mlp.up_proj,2,5,0.3616366386413574,True,87.04412841796875
3.mlp.up_proj,2,6,0.4610323905944824,True,88.6028823852539
3.mlp.up_proj,2,7,0.542357861995697,True,89.9887466430664
3.mlp.up_proj,2,8,0.5978355407714844,True,89.44183349609375
3.mlp.up_proj,2,9,0.6391147971153259,True,87.66669464111328
3.mlp.up_proj,3,4,0.11943657696247101,True,57.31914520263672
3.mlp.up_proj,3,5,0.23987416923046112,True,86.19185638427734
3.mlp.up_proj,3,6,0.3540906608104706,True,89.07344055175781
3.mlp.up_proj,3,7,0.456021785736084,True,88.88248443603516
3.mlp.up_proj,3,8,0.5352898240089417,True,88.93585205078125
3.mlp.up_proj,3,9,0.6032822132110596,True,85.76886749267578
3.mlp.up_proj,4,5,0.1326831430196762,True,89.57991790771484
3.mlp.up_proj,4,6,0.25742265582084656,True,86.37486267089844
3.mlp.up_proj,4,7,0.3731045424938202,True,86.84626770019531
3.mlp.up_proj,4,8,0.46919694542884827,True,86.91545104980469
3.mlp.up_proj,4,9,0.5604199171066284,True,89.95948791503906
3.mlp.up_proj,5,6,0.14091438055038452,True,38.46691131591797
3.mlp.up_proj,5,7,0.266547828912735,True,88.1583480834961
3.mlp.up_proj,5,8,0.3836904466152191,True,85.21355438232422
3.mlp.up_proj,5,9,0.5053443908691406,True,84.10153198242188
3.mlp.up_proj,6,7,0.14363239705562592,True,80.76062774658203
3.mlp.up_proj,6,8,0.2781331241130829,True,88.68648529052734
3.mlp.up_proj,6,9,0.43331003189086914,True,80.3634033203125
3.mlp.up_proj,7,8,0.1575894057750702,True,34.95238494873047
3.mlp.up_proj,7,9,0.34536537528038025,True,78.01469421386719
3.mlp.up_proj,8,9,0.2125779688358307,True,60.203125
3.mlp.down_proj,0,1,0.09011483937501907,True,21.77410125732422
3.mlp.down_proj,0,2,0.13749626278877258,True,83.99181365966797
3.mlp.down_proj,0,3,0.19257351756095886,True,88.06134796142578
3.mlp.down_proj,0,4,0.23315036296844482,True,89.45741271972656
3.mlp.down_proj,0,5,0.2782382369041443,True,89.85913848876953
3.mlp.down_proj,0,6,0.3145448565483093,True,89.91340637207031
3.mlp.down_proj,0,7,0.32482707500457764,True,89.9404067993164
3.mlp.down_proj,0,8,0.31251487135887146,True,89.84859466552734
3.mlp.down_proj,0,9,0.3015075623989105,True,89.98221588134766
3.mlp.down_proj,1,2,0.06363426893949509,True,76.05364227294922
3.mlp.down_proj,1,3,0.1297255903482437,True,86.34479522705078
3.mlp.down_proj,1,4,0.1836872100830078,True,88.07958984375
3.mlp.down_proj,1,5,0.24464236199855804,True,89.56172180175781
3.mlp.down_proj,1,6,0.3044435679912567,True,88.70874786376953
3.mlp.down_proj,1,7,0.33413568139076233,True,89.14654541015625
3.mlp.down_proj,1,8,0.3357762098312378,True,89.98080444335938
3.mlp.down_proj,1,9,0.3294907212257385,True,89.93863677978516
3.mlp.down_proj,2,3,0.07682525366544724,True,86.19097900390625
3.mlp.down_proj,2,4,0.13373340666294098,True,89.67487335205078
3.mlp.down_proj,2,5,0.20659306645393372,True,88.84174346923828
3.mlp.down_proj,2,6,0.2850874960422516,True,88.6899642944336
3.mlp.down_proj,2,7,0.328866183757782,True,89.28288269042969
3.mlp.down_proj,2,8,0.3411543369293213,True,89.2794189453125
3.mlp.down_proj,2,9,0.3398328125476837,True,89.49340057373047
3.mlp.down_proj,3,4,0.07252943515777588,True,86.63229370117188
3.mlp.down_proj,3,5,0.15439139306545258,True,88.14820098876953
3.mlp.down_proj,3,6,0.25636109709739685,True,87.96720886230469
3.mlp.down_proj,3,7,0.32391729950904846,True,89.9900131225586
3.mlp.down_proj,3,8,0.35692980885505676,True,89.65835571289062
3.mlp.down_proj,3,9,0.3646179139614105,True,89.81207275390625
3.mlp.down_proj,4,5,0.09666887670755386,True,80.44371795654297
3.mlp.down_proj,4,6,0.22006672620773315,True,88.30223846435547
3.mlp.down_proj,4,7,0.30826476216316223,True,89.82019805908203
3.mlp.down_proj,4,8,0.362235963344574,True,88.86246490478516
3.mlp.down_proj,4,9,0.3819696605205536,True,88.87007904052734
3.mlp.down_proj,5,6,0.15134842693805695,True,75.8112564086914
3.mlp.down_proj,5,7,0.26979467272758484,True,80.75308990478516
3.mlp.down_proj,5,8,0.36293303966522217,True,89.15143585205078
3.mlp.down_proj,5,9,0.40823590755462646,True,89.72675323486328
3.mlp.down_proj,6,7,0.1574964076280594,True,58.03062438964844
3.mlp.down_proj,6,8,0.30454114079475403,True,85.76364135742188
3.mlp.down_proj,6,9,0.4051181972026825,True,89.95799255371094
3.mlp.down_proj,7,8,0.1862117499113083,True,85.8444595336914
3.mlp.down_proj,7,9,0.3478609621524811,True,89.17888641357422
3.mlp.down_proj,8,9,0.22319290041923523,True,88.63294219970703
4.self_attn.q_proj,0,1,0.10563579201698303,True,85.1896743774414
4.self_attn.q_proj,0,2,0.14847993850708008,True,88.82568359375
4.self_attn.q_proj,0,3,0.19132190942764282,True,89.66017150878906
4.self_attn.q_proj,0,4,0.23235543072223663,True,89.9974136352539
4.self_attn.q_proj,0,5,0.2723441421985626,True,89.43565368652344
4.self_attn.q_proj,0,6,0.3092617094516754,True,89.73685455322266
4.self_attn.q_proj,0,7,0.32027503848075867,True,89.10577392578125
4.self_attn.q_proj,0,8,0.31494876742362976,True,89.79501342773438
4.self_attn.q_proj,0,9,0.2865821421146393,True,89.88552856445312
4.self_attn.q_proj,1,2,0.049014803022146225,True,81.04753875732422
4.self_attn.q_proj,1,3,0.10065759718418121,True,86.20279693603516
4.self_attn.q_proj,1,4,0.14865611493587494,True,87.95579528808594
4.self_attn.q_proj,1,5,0.20413736999034882,True,88.83673095703125
4.self_attn.q_proj,1,6,0.2624644935131073,True,88.64865112304688
4.self_attn.q_proj,1,7,0.29981958866119385,True,88.70529174804688
4.self_attn.q_proj,1,8,0.31277692317962646,True,89.74639129638672
4.self_attn.q_proj,1,9,0.30403319001197815,True,89.66204071044922
4.self_attn.q_proj,2,3,0.057004231959581375,True,84.31787109375
4.self_attn.q_proj,2,4,0.10774758458137512,True,88.07235717773438
4.self_attn.q_proj,2,5,0.1715259850025177,True,86.79928588867188
4.self_attn.q_proj,2,6,0.24375641345977783,True,84.82771301269531
4.self_attn.q_proj,2,7,0.2985125184059143,True,85.6563949584961
4.self_attn.q_proj,2,8,0.3262957036495209,True,85.7401351928711
4.self_attn.q_proj,2,9,0.3331286311149597,True,89.08222198486328
4.self_attn.q_proj,3,4,0.056069426238536835,True,28.915382385253906
4.self_attn.q_proj,3,5,0.12445852905511856,True,64.33426666259766
4.self_attn.q_proj,3,6,0.20960016548633575,True,89.746337890625
4.self_attn.q_proj,3,7,0.28268253803253174,True,85.08341217041016
4.self_attn.q_proj,3,8,0.32942572236061096,True,87.67610168457031
4.self_attn.q_proj,3,9,0.35836243629455566,True,86.84578704833984
4.self_attn.q_proj,4,5,0.07873295247554779,True,47.89911651611328
4.self_attn.q_proj,4,6,0.1762840300798416,True,83.60465240478516
4.self_attn.q_proj,4,7,0.26797032356262207,True,88.13631439208984
4.self_attn.q_proj,4,8,0.33473995327949524,True,89.35122680664062
4.self_attn.q_proj,4,9,0.3890702426433563,True,89.7219467163086
4.self_attn.q_proj,5,6,0.11426357179880142,True,44.90623474121094
4.self_attn.q_proj,5,7,0.22213788330554962,True,68.39056396484375
4.self_attn.q_proj,5,8,0.31438612937927246,True,88.69952392578125
4.self_attn.q_proj,5,9,0.4041382968425751,True,87.18256378173828
4.self_attn.q_proj,6,7,0.12924699485301971,True,44.4176139831543
4.self_attn.q_proj,6,8,0.25043055415153503,True,88.16854095458984
4.self_attn.q_proj,6,9,0.39095112681388855,True,87.91381072998047
4.self_attn.q_proj,7,8,0.1521396040916443,True,81.92225646972656
4.self_attn.q_proj,7,9,0.3380916118621826,True,88.5318603515625
4.self_attn.q_proj,8,9,0.2190999835729599,True,85.61627197265625
4.self_attn.k_proj,0,1,0.10563579201698303,True,85.1896743774414
4.self_attn.k_proj,0,2,0.14847993850708008,True,88.82568359375
4.self_attn.k_proj,0,3,0.19132190942764282,True,89.66017150878906
4.self_attn.k_proj,0,4,0.23235543072223663,True,89.9974136352539
4.self_attn.k_proj,0,5,0.2723441421985626,True,89.43565368652344
4.self_attn.k_proj,0,6,0.3092617094516754,True,89.73685455322266
4.self_attn.k_proj,0,7,0.32027503848075867,True,89.10577392578125
4.self_attn.k_proj,0,8,0.31494876742362976,True,89.79501342773438
4.self_attn.k_proj,0,9,0.2865821421146393,True,89.88552856445312
4.self_attn.k_proj,1,2,0.049014803022146225,True,81.04753875732422
4.self_attn.k_proj,1,3,0.10065759718418121,True,86.20279693603516
4.self_attn.k_proj,1,4,0.14865611493587494,True,87.95579528808594
4.self_attn.k_proj,1,5,0.20413736999034882,True,88.83673095703125
4.self_attn.k_proj,1,6,0.2624644935131073,True,88.64865112304688
4.self_attn.k_proj,1,7,0.29981958866119385,True,88.70529174804688
4.self_attn.k_proj,1,8,0.31277692317962646,True,89.74639129638672
4.self_attn.k_proj,1,9,0.30403319001197815,True,89.66204071044922
4.self_attn.k_proj,2,3,0.057004231959581375,True,84.31787109375
4.self_attn.k_proj,2,4,0.10774758458137512,True,88.07235717773438
4.self_attn.k_proj,2,5,0.1715259850025177,True,86.79928588867188
4.self_attn.k_proj,2,6,0.24375641345977783,True,84.82771301269531
4.self_attn.k_proj,2,7,0.2985125184059143,True,85.6563949584961
4.self_attn.k_proj,2,8,0.3262957036495209,True,85.7401351928711
4.self_attn.k_proj,2,9,0.3331286311149597,True,89.08222198486328
4.self_attn.k_proj,3,4,0.056069426238536835,True,28.915382385253906
4.self_attn.k_proj,3,5,0.12445852905511856,True,64.33426666259766
4.self_attn.k_proj,3,6,0.20960016548633575,True,89.746337890625
4.self_attn.k_proj,3,7,0.28268253803253174,True,85.08341217041016
4.self_attn.k_proj,3,8,0.32942572236061096,True,87.67610168457031
4.self_attn.k_proj,3,9,0.35836243629455566,True,86.84578704833984
4.self_attn.k_proj,4,5,0.07873295247554779,True,47.89911651611328
4.self_attn.k_proj,4,6,0.1762840300798416,True,83.60465240478516
4.self_attn.k_proj,4,7,0.26797032356262207,True,88.13631439208984
4.self_attn.k_proj,4,8,0.33473995327949524,True,89.35122680664062
4.self_attn.k_proj,4,9,0.3890702426433563,True,89.7219467163086
4.self_attn.k_proj,5,6,0.11426357179880142,True,44.90623474121094
4.self_attn.k_proj,5,7,0.22213788330554962,True,68.39056396484375
4.self_attn.k_proj,5,8,0.31438612937927246,True,88.69952392578125
4.self_attn.k_proj,5,9,0.4041382968425751,True,87.18256378173828
4.self_attn.k_proj,6,7,0.12924699485301971,True,44.4176139831543
4.self_attn.k_proj,6,8,0.25043055415153503,True,88.16854095458984
4.self_attn.k_proj,6,9,0.39095112681388855,True,87.91381072998047
4.self_attn.k_proj,7,8,0.1521396040916443,True,81.92225646972656
4.self_attn.k_proj,7,9,0.3380916118621826,True,88.5318603515625
4.self_attn.k_proj,8,9,0.2190999835729599,True,85.61627197265625
4.self_attn.v_proj,0,1,0.10563579201698303,True,85.1896743774414
4.self_attn.v_proj,0,2,0.14847993850708008,True,88.82568359375
4.self_attn.v_proj,0,3,0.19132190942764282,True,89.66017150878906
4.self_attn.v_proj,0,4,0.23235543072223663,True,89.9974136352539
4.self_attn.v_proj,0,5,0.2723441421985626,True,89.43565368652344
4.self_attn.v_proj,0,6,0.3092617094516754,True,89.73685455322266
4.self_attn.v_proj,0,7,0.32027503848075867,True,89.10577392578125
4.self_attn.v_proj,0,8,0.31494876742362976,True,89.79501342773438
4.self_attn.v_proj,0,9,0.2865821421146393,True,89.88552856445312
4.self_attn.v_proj,1,2,0.049014803022146225,True,81.04753875732422
4.self_attn.v_proj,1,3,0.10065759718418121,True,86.20279693603516
4.self_attn.v_proj,1,4,0.14865611493587494,True,87.95579528808594
4.self_attn.v_proj,1,5,0.20413736999034882,True,88.83673095703125
4.self_attn.v_proj,1,6,0.2624644935131073,True,88.64865112304688
4.self_attn.v_proj,1,7,0.29981958866119385,True,88.70529174804688
4.self_attn.v_proj,1,8,0.31277692317962646,True,89.74639129638672
4.self_attn.v_proj,1,9,0.30403319001197815,True,89.66204071044922
4.self_attn.v_proj,2,3,0.057004231959581375,True,84.31787109375
4.self_attn.v_proj,2,4,0.10774758458137512,True,88.07235717773438
4.self_attn.v_proj,2,5,0.1715259850025177,True,86.79928588867188
4.self_attn.v_proj,2,6,0.24375641345977783,True,84.82771301269531
4.self_attn.v_proj,2,7,0.2985125184059143,True,85.6563949584961
4.self_attn.v_proj,2,8,0.3262957036495209,True,85.7401351928711
4.self_attn.v_proj,2,9,0.3331286311149597,True,89.08222198486328
4.self_attn.v_proj,3,4,0.056069426238536835,True,28.915382385253906
4.self_attn.v_proj,3,5,0.12445852905511856,True,64.33426666259766
4.self_attn.v_proj,3,6,0.20960016548633575,True,89.746337890625
4.self_attn.v_proj,3,7,0.28268253803253174,True,85.08341217041016
4.self_attn.v_proj,3,8,0.32942572236061096,True,87.67610168457031
4.self_attn.v_proj,3,9,0.35836243629455566,True,86.84578704833984
4.self_attn.v_proj,4,5,0.07873295247554779,True,47.89911651611328
4.self_attn.v_proj,4,6,0.1762840300798416,True,83.60465240478516
4.self_attn.v_proj,4,7,0.26797032356262207,True,88.13631439208984
4.self_attn.v_proj,4,8,0.33473995327949524,True,89.35122680664062
4.self_attn.v_proj,4,9,0.3890702426433563,True,89.7219467163086
4.self_attn.v_proj,5,6,0.11426357179880142,True,44.90623474121094
4.self_attn.v_proj,5,7,0.22213788330554962,True,68.39056396484375
4.self_attn.v_proj,5,8,0.31438612937927246,True,88.69952392578125
4.self_attn.v_proj,5,9,0.4041382968425751,True,87.18256378173828
4.self_attn.v_proj,6,7,0.12924699485301971,True,44.4176139831543
4.self_attn.v_proj,6,8,0.25043055415153503,True,88.16854095458984
4.self_attn.v_proj,6,9,0.39095112681388855,True,87.91381072998047
4.self_attn.v_proj,7,8,0.1521396040916443,True,81.92225646972656
4.self_attn.v_proj,7,9,0.3380916118621826,True,88.5318603515625
4.self_attn.v_proj,8,9,0.2190999835729599,True,85.61627197265625
4.self_attn.o_proj,0,1,0.18077605962753296,True,24.539012908935547
4.self_attn.o_proj,0,2,0.24470923840999603,True,50.7015266418457
4.self_attn.o_proj,0,3,0.3118787407875061,True,76.01740264892578
4.self_attn.o_proj,0,4,0.35933929681777954,True,82.71558380126953
4.self_attn.o_proj,0,5,0.3940834701061249,True,87.87801361083984
4.self_attn.o_proj,0,6,0.3696666657924652,True,88.34541320800781
4.self_attn.o_proj,0,7,0.2996582090854645,True,88.82289123535156
4.self_attn.o_proj,0,8,0.22382040321826935,True,89.83660125732422
4.self_attn.o_proj,0,9,0.1387791484594345,True,89.59051513671875
4.self_attn.o_proj,1,2,0.0876217782497406,True,32.08456802368164
4.self_attn.o_proj,1,3,0.1836397796869278,True,64.27828979492188
4.self_attn.o_proj,1,4,0.27190399169921875,True,74.73738861083984
4.self_attn.o_proj,1,5,0.3505118489265442,True,86.86920166015625
4.self_attn.o_proj,1,6,0.36099550127983093,True,89.20457458496094
4.self_attn.o_proj,1,7,0.30401140451431274,True,87.99493408203125
4.self_attn.o_proj,1,8,0.2253449410200119,True,89.48361206054688
4.self_attn.o_proj,1,9,0.13721567392349243,True,89.57207489013672
4.self_attn.o_proj,2,3,0.10700453072786331,True,39.23548126220703
4.self_attn.o_proj,2,4,0.21135969460010529,True,56.8228645324707
4.self_attn.o_proj,2,5,0.31710222363471985,True,86.90980529785156
4.self_attn.o_proj,2,6,0.35438671708106995,True,89.18682861328125
4.self_attn.o_proj,2,7,0.3152593970298767,True,88.11730194091797
4.self_attn.o_proj,2,8,0.24071452021598816,True,89.68900299072266
4.self_attn.o_proj,2,9,0.14629746973514557,True,88.75147247314453
4.self_attn.o_proj,3,4,0.12244854122400284,True,40.82838439941406
4.self_attn.o_proj,3,5,0.257575124502182,True,86.2358169555664
4.self_attn.o_proj,3,6,0.3344711363315582,True,87.7660140991211
4.self_attn.o_proj,3,7,0.3280273973941803,True,88.07859802246094
4.self_attn.o_proj,3,8,0.2646467089653015,True,89.96712493896484
4.self_attn.o_proj,3,9,0.16530555486679077,True,89.7462387084961
4.self_attn.o_proj,4,5,0.1608567237854004,True,73.6951675415039
4.self_attn.o_proj,4,6,0.27990061044692993,True,84.43045043945312
4.self_attn.o_proj,4,7,0.3241434097290039,True,87.55729675292969
4.self_attn.o_proj,4,8,0.29037994146347046,True,89.7966537475586
4.self_attn.o_proj,4,9,0.2009221464395523,True,89.51419067382812
4.self_attn.o_proj,5,6,0.16683831810951233,True,76.20792388916016
4.self_attn.o_proj,5,7,0.27830058336257935,True,87.38404846191406
4.self_attn.o_proj,5,8,0.2982550263404846,True,87.47279357910156
4.self_attn.o_proj,5,9,0.24069955945014954,True,89.990478515625
4.self_attn.o_proj,6,7,0.16613918542861938,True,69.47221374511719
4.self_attn.o_proj,6,8,0.2522001266479492,True,83.96466827392578
4.self_attn.o_proj,6,9,0.26004868745803833,True,88.46179962158203
4.self_attn.o_proj,7,8,0.14465737342834473,True,67.90525817871094
4.self_attn.o_proj,7,9,0.23201242089271545,True,88.10173034667969
4.self_attn.o_proj,8,9,0.1482764482498169,True,86.31095123291016
4.mlp.gate_proj,0,1,0.2500903010368347,True,17.79659652709961
4.mlp.gate_proj,0,2,0.3631426692008972,True,24.470630645751953
4.mlp.gate_proj,0,3,0.46347278356552124,True,46.66401672363281
4.mlp.gate_proj,0,4,0.5279073119163513,True,62.06401824951172
4.mlp.gate_proj,0,5,0.5781276226043701,True,84.96638488769531
4.mlp.gate_proj,0,6,0.5898265838623047,True,87.54865264892578
4.mlp.gate_proj,0,7,0.5779550075531006,True,88.44145202636719
4.mlp.gate_proj,0,8,0.5605100393295288,True,88.94551849365234
4.mlp.gate_proj,0,9,0.5491421818733215,True,88.91685485839844
4.mlp.gate_proj,1,2,0.15757232904434204,True,18.17599868774414
4.mlp.gate_proj,1,3,0.297975093126297,True,42.99269485473633
4.mlp.gate_proj,1,4,0.40548962354660034,True,59.20143508911133
4.mlp.gate_proj,1,5,0.5017643570899963,True,87.43466186523438
4.mlp.gate_proj,1,6,0.5569713711738586,True,89.40736389160156
4.mlp.gate_proj,1,7,0.5851472616195679,True,89.96708679199219
4.mlp.gate_proj,1,8,0.5844687223434448,True,89.49916076660156
4.mlp.gate_proj,1,9,0.581994891166687,True,89.1694564819336
4.mlp.gate_proj,2,3,0.16515062749385834,True,26.517337799072266
4.mlp.gate_proj,2,4,0.2885741591453552,True,51.80720520019531
4.mlp.gate_proj,2,5,0.41258177161216736,True,88.29660034179688
4.mlp.gate_proj,2,6,0.5009511709213257,True,89.95684814453125
4.mlp.gate_proj,2,7,0.564197838306427,True,89.90625762939453
4.mlp.gate_proj,2,8,0.5842552781105042,True,88.85932922363281
4.mlp.gate_proj,2,9,0.5971731543540955,True,89.42082977294922
4.mlp.gate_proj,3,4,0.1547195315361023,True,44.19818878173828
4.mlp.gate_proj,3,5,0.2937065660953522,True,89.04776000976562
4.mlp.gate_proj,3,6,0.41043946146965027,True,89.53436279296875
4.mlp.gate_proj,3,7,0.5095270872116089,True,89.33013916015625
4.mlp.gate_proj,3,8,0.5554285645484924,True,87.88343811035156
4.mlp.gate_proj,3,9,0.5910274982452393,True,89.31425476074219
4.mlp.gate_proj,4,5,0.1677687019109726,True,65.8731460571289
4.mlp.gate_proj,4,6,0.3062223494052887,True,77.0811538696289
4.mlp.gate_proj,4,7,0.43470633029937744,True,83.48126220703125
4.mlp.gate_proj,4,8,0.5046965479850769,True,87.86461639404297
4.mlp.gate_proj,4,9,0.5678895115852356,True,88.92832946777344
4.mlp.gate_proj,5,6,0.16858775913715363,True,72.25294494628906
4.mlp.gate_proj,5,7,0.3219355046749115,True,85.8095474243164
4.mlp.gate_proj,5,8,0.42304667830467224,True,87.76200866699219
4.mlp.gate_proj,5,9,0.525007426738739,True,88.47320556640625
4.mlp.gate_proj,6,7,0.1849851757287979,True,88.47097778320312
4.mlp.gate_proj,6,8,0.3092576265335083,True,89.85843658447266
4.mlp.gate_proj,6,9,0.452453076839447,True,87.95867156982422
4.mlp.gate_proj,7,8,0.1666659414768219,True,60.1811408996582
4.mlp.gate_proj,7,9,0.355147123336792,True,88.85594940185547
4.mlp.gate_proj,8,9,0.22064125537872314,True,89.5850830078125
4.mlp.up_proj,0,1,0.2500903010368347,True,17.79659652709961
4.mlp.up_proj,0,2,0.3631426692008972,True,24.470630645751953
4.mlp.up_proj,0,3,0.46347278356552124,True,46.66401672363281
4.mlp.up_proj,0,4,0.5279073119163513,True,62.06401824951172
4.mlp.up_proj,0,5,0.5781276226043701,True,84.96638488769531
4.mlp.up_proj,0,6,0.5898265838623047,True,87.54865264892578
4.mlp.up_proj,0,7,0.5779550075531006,True,88.44145202636719
4.mlp.up_proj,0,8,0.5605100393295288,True,88.94551849365234
4.mlp.up_proj,0,9,0.5491421818733215,True,88.91685485839844
4.mlp.up_proj,1,2,0.15757232904434204,True,18.17599868774414
4.mlp.up_proj,1,3,0.297975093126297,True,42.99269485473633
4.mlp.up_proj,1,4,0.40548962354660034,True,59.20143508911133
4.mlp.up_proj,1,5,0.5017643570899963,True,87.43466186523438
4.mlp.up_proj,1,6,0.5569713711738586,True,89.40736389160156
4.mlp.up_proj,1,7,0.5851472616195679,True,89.96708679199219
4.mlp.up_proj,1,8,0.5844687223434448,True,89.49916076660156
4.mlp.up_proj,1,9,0.581994891166687,True,89.1694564819336
4.mlp.up_proj,2,3,0.16515062749385834,True,26.517337799072266
4.mlp.up_proj,2,4,0.2885741591453552,True,51.80720520019531
4.mlp.up_proj,2,5,0.41258177161216736,True,88.29660034179688
4.mlp.up_proj,2,6,0.5009511709213257,True,89.95684814453125
4.mlp.up_proj,2,7,0.564197838306427,True,89.90625762939453
4.mlp.up_proj,2,8,0.5842552781105042,True,88.85932922363281
4.mlp.up_proj,2,9,0.5971731543540955,True,89.42082977294922
4.mlp.up_proj,3,4,0.1547195315361023,True,44.19818878173828
4.mlp.up_proj,3,5,0.2937065660953522,True,89.04776000976562
4.mlp.up_proj,3,6,0.41043946146965027,True,89.53436279296875
4.mlp.up_proj,3,7,0.5095270872116089,True,89.33013916015625
4.mlp.up_proj,3,8,0.5554285645484924,True,87.88343811035156
4.mlp.up_proj,3,9,0.5910274982452393,True,89.31425476074219
4.mlp.up_proj,4,5,0.1677687019109726,True,65.8731460571289
4.mlp.up_proj,4,6,0.3062223494052887,True,77.0811538696289
4.mlp.up_proj,4,7,0.43470633029937744,True,83.48126220703125
4.mlp.up_proj,4,8,0.5046965479850769,True,87.86461639404297
4.mlp.up_proj,4,9,0.5678895115852356,True,88.92832946777344
4.mlp.up_proj,5,6,0.16858775913715363,True,72.25294494628906
4.mlp.up_proj,5,7,0.3219355046749115,True,85.8095474243164
4.mlp.up_proj,5,8,0.42304667830467224,True,87.76200866699219
4.mlp.up_proj,5,9,0.525007426738739,True,88.47320556640625
4.mlp.up_proj,6,7,0.1849851757287979,True,88.47097778320312
4.mlp.up_proj,6,8,0.3092576265335083,True,89.85843658447266
4.mlp.up_proj,6,9,0.452453076839447,True,87.95867156982422
4.mlp.up_proj,7,8,0.1666659414768219,True,60.1811408996582
4.mlp.up_proj,7,9,0.355147123336792,True,88.85594940185547
4.mlp.up_proj,8,9,0.22064125537872314,True,89.5850830078125
4.mlp.down_proj,0,1,0.2423819750547409,True,48.24226760864258
4.mlp.down_proj,0,2,0.35356637835502625,True,72.33460235595703
4.mlp.down_proj,0,3,0.43666452169418335,True,87.99610900878906
4.mlp.down_proj,0,4,0.4817298650741577,True,87.04447174072266
4.mlp.down_proj,0,5,0.49647730588912964,True,88.35566711425781
4.mlp.down_proj,0,6,0.4473123550415039,True,89.8455810546875
4.mlp.down_proj,0,7,0.3525662124156952,True,89.6889419555664
4.mlp.down_proj,0,8,0.30911558866500854,True,89.99520111083984
4.mlp.down_proj,0,9,0.29098209738731384,True,89.36883544921875
4.mlp.down_proj,1,2,0.16134758293628693,True,76.0815658569336
4.mlp.down_proj,1,3,0.2877388000488281,True,88.64129638671875
4.mlp.down_proj,1,4,0.3827228248119354,True,82.85224914550781
4.mlp.down_proj,1,5,0.46025389432907104,True,87.26392364501953
4.mlp.down_proj,1,6,0.4646376669406891,True,89.01789093017578
4.mlp.down_proj,1,7,0.3955800235271454,True,89.88194274902344
4.mlp.down_proj,1,8,0.351141095161438,True,89.96524810791016
4.mlp.down_proj,1,9,0.3281264007091522,True,89.96427917480469
4.mlp.down_proj,2,3,0.15804633498191833,True,34.55792236328125
4.mlp.down_proj,2,4,0.2771129310131073,True,85.22370147705078
4.mlp.down_proj,2,5,0.40299639105796814,True,87.4686279296875
4.mlp.down_proj,2,6,0.45281681418418884,True,89.46038055419922
4.mlp.down_proj,2,7,0.4080032408237457,True,89.35556030273438
4.mlp.down_proj,2,8,0.3651203215122223,True,89.5684814453125
4.mlp.down_proj,2,9,0.3408533036708832,True,89.31570434570312
4.mlp.down_proj,3,4,0.1541626751422882,True,83.27728271484375
4.mlp.down_proj,3,5,0.31992021203041077,True,85.64578247070312
4.mlp.down_proj,3,6,0.4277724623680115,True,89.01909637451172
4.mlp.down_proj,3,7,0.42404285073280334,True,89.70610046386719
4.mlp.down_proj,3,8,0.3876499831676483,True,89.999755859375
4.mlp.down_proj,3,9,0.359650194644928,True,89.64495086669922
4.mlp.down_proj,4,5,0.21470867097377777,True,66.98214721679688
4.mlp.down_proj,4,6,0.38275349140167236,True,81.16358947753906
4.mlp.down_proj,4,7,0.428616464138031,True,87.85187530517578
4.mlp.down_proj,4,8,0.40430814027786255,True,87.52627563476562
4.mlp.down_proj,4,9,0.3771728277206421,True,89.93180847167969
4.mlp.down_proj,5,6,0.24524110555648804,True,62.6646614074707
4.mlp.down_proj,5,7,0.3817666172981262,True,80.30845642089844
4.mlp.down_proj,5,8,0.3969632685184479,True,85.84888458251953
4.mlp.down_proj,5,9,0.390683114528656,True,89.90791320800781
4.mlp.down_proj,6,7,0.22135689854621887,True,60.02638626098633
4.mlp.down_proj,6,8,0.301100492477417,True,85.9822006225586
4.mlp.down_proj,6,9,0.3667472302913666,True,89.4649658203125
4.mlp.down_proj,7,8,0.1447334587574005,True,88.05716705322266
4.mlp.down_proj,7,9,0.2873649597167969,True,87.08386993408203
4.mlp.down_proj,8,9,0.18996524810791016,True,87.9894027709961
5.self_attn.q_proj,0,1,0.10525526851415634,True,20.396533966064453
5.self_attn.q_proj,0,2,0.14082396030426025,True,87.58671569824219
5.self_attn.q_proj,0,3,0.17609341442584991,True,89.66692352294922
5.self_attn.q_proj,0,4,0.21203461289405823,True,89.88929748535156
5.self_attn.q_proj,0,5,0.26138973236083984,True,89.82555389404297
5.self_attn.q_proj,0,6,0.30220866203308105,True,89.486083984375
5.self_attn.q_proj,0,7,0.35591259598731995,True,89.4522705078125
5.self_attn.q_proj,0,8,0.3891582489013672,True,89.47113037109375
5.self_attn.q_proj,0,9,0.4026174545288086,True,89.26534271240234
5.self_attn.q_proj,1,2,0.04318392276763916,True,84.64927673339844
5.self_attn.q_proj,1,3,0.08444276452064514,True,87.7508773803711
5.self_attn.q_proj,1,4,0.12580496072769165,True,89.7762680053711
5.self_attn.q_proj,1,5,0.17926762998104095,True,89.8058090209961
5.self_attn.q_proj,1,6,0.2260221689939499,True,89.97217559814453
5.self_attn.q_proj,1,7,0.2861345410346985,True,88.4945068359375
5.self_attn.q_proj,1,8,0.3249862492084503,True,89.71915435791016
5.self_attn.q_proj,1,9,0.34805652499198914,True,89.75296783447266
5.self_attn.q_proj,2,3,0.04600583389401436,True,48.43608474731445
5.self_attn.q_proj,2,4,0.08836361020803452,True,74.17996978759766
5.self_attn.q_proj,2,5,0.14451131224632263,True,78.65885925292969
5.self_attn.q_proj,2,6,0.19637808203697205,True,81.49270629882812
5.self_attn.q_proj,2,7,0.2645023465156555,True,89.5750961303711
5.self_attn.q_proj,2,8,0.3112832009792328,True,89.38394165039062
5.self_attn.q_proj,2,9,0.34544628858566284,True,89.9352035522461
5.self_attn.q_proj,3,4,0.047336429357528687,True,47.10740661621094
5.self_attn.q_proj,3,5,0.10443879663944244,True,55.189369201660156
5.self_attn.q_proj,3,6,0.16074618697166443,True,71.44747161865234
5.self_attn.q_proj,3,7,0.23800580203533173,True,87.56803894042969
5.self_attn.q_proj,3,8,0.29569312930107117,True,89.02852630615234
5.self_attn.q_proj,3,9,0.3456417918205261,True,89.92304229736328
5.self_attn.q_proj,4,5,0.06325764954090118,True,32.78388214111328
5.self_attn.q_proj,4,6,0.12489119172096252,True,68.86090087890625
5.self_attn.q_proj,4,7,0.21297083795070648,True,86.77926635742188
5.self_attn.q_proj,4,8,0.28337332606315613,True,88.18087005615234
5.self_attn.q_proj,4,9,0.3529280126094818,True,88.61080169677734
5.self_attn.q_proj,5,6,0.0719500184059143,True,59.11372375488281
5.self_attn.q_proj,5,7,0.17043980956077576,True,87.2623291015625
5.self_attn.q_proj,5,8,0.25862523913383484,True,89.65694427490234
5.self_attn.q_proj,5,9,0.35711491107940674,True,87.85518646240234
5.self_attn.q_proj,6,7,0.11128295958042145,True,62.740509033203125
5.self_attn.q_proj,6,8,0.2126481682062149,True,84.41500854492188
5.self_attn.q_proj,6,9,0.3413216471672058,True,87.90232849121094
5.self_attn.q_proj,7,8,0.1278976947069168,True,85.21054077148438
5.self_attn.q_proj,7,9,0.2995483875274658,True,89.0790786743164
5.self_attn.q_proj,8,9,0.20884618163108826,True,70.9826431274414
5.self_attn.k_proj,0,1,0.10525526851415634,True,20.396533966064453
5.self_attn.k_proj,0,2,0.14082396030426025,True,87.58671569824219
5.self_attn.k_proj,0,3,0.17609341442584991,True,89.66692352294922
5.self_attn.k_proj,0,4,0.21203461289405823,True,89.88929748535156
5.self_attn.k_proj,0,5,0.26138973236083984,True,89.82555389404297
5.self_attn.k_proj,0,6,0.30220866203308105,True,89.486083984375
5.self_attn.k_proj,0,7,0.35591259598731995,True,89.4522705078125
5.self_attn.k_proj,0,8,0.3891582489013672,True,89.47113037109375
5.self_attn.k_proj,0,9,0.4026174545288086,True,89.26534271240234
5.self_attn.k_proj,1,2,0.04318392276763916,True,84.64927673339844
5.self_attn.k_proj,1,3,0.08444276452064514,True,87.7508773803711
5.self_attn.k_proj,1,4,0.12580496072769165,True,89.7762680053711
5.self_attn.k_proj,1,5,0.17926762998104095,True,89.8058090209961
5.self_attn.k_proj,1,6,0.2260221689939499,True,89.97217559814453
5.self_attn.k_proj,1,7,0.2861345410346985,True,88.4945068359375
5.self_attn.k_proj,1,8,0.3249862492084503,True,89.71915435791016
5.self_attn.k_proj,1,9,0.34805652499198914,True,89.75296783447266
5.self_attn.k_proj,2,3,0.04600583389401436,True,48.43608474731445
5.self_attn.k_proj,2,4,0.08836361020803452,True,74.17996978759766
5.self_attn.k_proj,2,5,0.14451131224632263,True,78.65885925292969
5.self_attn.k_proj,2,6,0.19637808203697205,True,81.49270629882812
5.self_attn.k_proj,2,7,0.2645023465156555,True,89.5750961303711
5.self_attn.k_proj,2,8,0.3112832009792328,True,89.38394165039062
5.self_attn.k_proj,2,9,0.34544628858566284,True,89.9352035522461
5.self_attn.k_proj,3,4,0.047336429357528687,True,47.10740661621094
5.self_attn.k_proj,3,5,0.10443879663944244,True,55.189369201660156
5.self_attn.k_proj,3,6,0.16074618697166443,True,71.44747161865234
5.self_attn.k_proj,3,7,0.23800580203533173,True,87.56803894042969
5.self_attn.k_proj,3,8,0.29569312930107117,True,89.02852630615234
5.self_attn.k_proj,3,9,0.3456417918205261,True,89.92304229736328
5.self_attn.k_proj,4,5,0.06325764954090118,True,32.78388214111328
5.self_attn.k_proj,4,6,0.12489119172096252,True,68.86090087890625
5.self_attn.k_proj,4,7,0.21297083795070648,True,86.77926635742188
5.self_attn.k_proj,4,8,0.28337332606315613,True,88.18087005615234
5.self_attn.k_proj,4,9,0.3529280126094818,True,88.61080169677734
5.self_attn.k_proj,5,6,0.0719500184059143,True,59.11372375488281
5.self_attn.k_proj,5,7,0.17043980956077576,True,87.2623291015625
5.self_attn.k_proj,5,8,0.25862523913383484,True,89.65694427490234
5.self_attn.k_proj,5,9,0.35711491107940674,True,87.85518646240234
5.self_attn.k_proj,6,7,0.11128295958042145,True,62.740509033203125
5.self_attn.k_proj,6,8,0.2126481682062149,True,84.41500854492188
5.self_attn.k_proj,6,9,0.3413216471672058,True,87.90232849121094
5.self_attn.k_proj,7,8,0.1278976947069168,True,85.21054077148438
5.self_attn.k_proj,7,9,0.2995483875274658,True,89.0790786743164
5.self_attn.k_proj,8,9,0.20884618163108826,True,70.9826431274414
5.self_attn.v_proj,0,1,0.10525526851415634,True,20.396533966064453
5.self_attn.v_proj,0,2,0.14082396030426025,True,87.58671569824219
5.self_attn.v_proj,0,3,0.17609341442584991,True,89.66692352294922
5.self_attn.v_proj,0,4,0.21203461289405823,True,89.88929748535156
5.self_attn.v_proj,0,5,0.26138973236083984,True,89.82555389404297
5.self_attn.v_proj,0,6,0.30220866203308105,True,89.486083984375
5.self_attn.v_proj,0,7,0.35591259598731995,True,89.4522705078125
5.self_attn.v_proj,0,8,0.3891582489013672,True,89.47113037109375
5.self_attn.v_proj,0,9,0.4026174545288086,True,89.26534271240234
5.self_attn.v_proj,1,2,0.04318392276763916,True,84.64927673339844
5.self_attn.v_proj,1,3,0.08444276452064514,True,87.7508773803711
5.self_attn.v_proj,1,4,0.12580496072769165,True,89.7762680053711
5.self_attn.v_proj,1,5,0.17926762998104095,True,89.8058090209961
5.self_attn.v_proj,1,6,0.2260221689939499,True,89.97217559814453
5.self_attn.v_proj,1,7,0.2861345410346985,True,88.4945068359375
5.self_attn.v_proj,1,8,0.3249862492084503,True,89.71915435791016
5.self_attn.v_proj,1,9,0.34805652499198914,True,89.75296783447266
5.self_attn.v_proj,2,3,0.04600583389401436,True,48.43608474731445
5.self_attn.v_proj,2,4,0.08836361020803452,True,74.17996978759766
5.self_attn.v_proj,2,5,0.14451131224632263,True,78.65885925292969
5.self_attn.v_proj,2,6,0.19637808203697205,True,81.49270629882812
5.self_attn.v_proj,2,7,0.2645023465156555,True,89.5750961303711
5.self_attn.v_proj,2,8,0.3112832009792328,True,89.38394165039062
5.self_attn.v_proj,2,9,0.34544628858566284,True,89.9352035522461
5.self_attn.v_proj,3,4,0.047336429357528687,True,47.10740661621094
5.self_attn.v_proj,3,5,0.10443879663944244,True,55.189369201660156
5.self_attn.v_proj,3,6,0.16074618697166443,True,71.44747161865234
5.self_attn.v_proj,3,7,0.23800580203533173,True,87.56803894042969
5.self_attn.v_proj,3,8,0.29569312930107117,True,89.02852630615234
5.self_attn.v_proj,3,9,0.3456417918205261,True,89.92304229736328
5.self_attn.v_proj,4,5,0.06325764954090118,True,32.78388214111328
5.self_attn.v_proj,4,6,0.12489119172096252,True,68.86090087890625
5.self_attn.v_proj,4,7,0.21297083795070648,True,86.77926635742188
5.self_attn.v_proj,4,8,0.28337332606315613,True,88.18087005615234
5.self_attn.v_proj,4,9,0.3529280126094818,True,88.61080169677734
5.self_attn.v_proj,5,6,0.0719500184059143,True,59.11372375488281
5.self_attn.v_proj,5,7,0.17043980956077576,True,87.2623291015625
5.self_attn.v_proj,5,8,0.25862523913383484,True,89.65694427490234
5.self_attn.v_proj,5,9,0.35711491107940674,True,87.85518646240234
5.self_attn.v_proj,6,7,0.11128295958042145,True,62.740509033203125
5.self_attn.v_proj,6,8,0.2126481682062149,True,84.41500854492188
5.self_attn.v_proj,6,9,0.3413216471672058,True,87.90232849121094
5.self_attn.v_proj,7,8,0.1278976947069168,True,85.21054077148438
5.self_attn.v_proj,7,9,0.2995483875274658,True,89.0790786743164
5.self_attn.v_proj,8,9,0.20884618163108826,True,70.9826431274414
5.self_attn.o_proj,0,1,0.1064685508608818,True,17.765329360961914
5.self_attn.o_proj,0,2,0.17502827942371368,True,27.21712875366211
5.self_attn.o_proj,0,3,0.2102464735507965,True,36.388160705566406
5.self_attn.o_proj,0,4,0.2533663809299469,True,46.346046447753906
5.self_attn.o_proj,0,5,0.305111825466156,True,56.84529495239258
5.self_attn.o_proj,0,6,0.3210999071598053,True,62.80963897705078
5.self_attn.o_proj,0,7,0.35758471488952637,True,72.11000061035156
5.self_attn.o_proj,0,8,0.39506787061691284,True,76.51341247558594
5.self_attn.o_proj,0,9,0.4595325291156769,True,85.25040435791016
5.self_attn.o_proj,1,2,0.0766574889421463,True,11.510502815246582
5.self_attn.o_proj,1,3,0.11192884296178818,True,21.553071975708008
5.self_attn.o_proj,1,4,0.1602560132741928,True,32.099281311035156
5.self_attn.o_proj,1,5,0.21945133805274963,True,43.603851318359375
5.self_attn.o_proj,1,6,0.2379305213689804,True,50.41930389404297
5.self_attn.o_proj,1,7,0.2825682461261749,True,62.59823989868164
5.self_attn.o_proj,1,8,0.3273647725582123,True,67.50765228271484
5.self_attn.o_proj,1,9,0.40306124091148376,True,78.41653442382812
5.self_attn.o_proj,2,3,0.041821688413619995,True,10.4342041015625
5.self_attn.o_proj,2,4,0.09102869778871536,True,21.11465072631836
5.self_attn.o_proj,2,5,0.15113545954227448,True,33.03916549682617
5.self_attn.o_proj,2,6,0.17922399938106537,True,40.672149658203125
5.self_attn.o_proj,2,7,0.23113735020160675,True,55.380794525146484
5.self_attn.o_proj,2,8,0.28154000639915466,True,62.47528076171875
5.self_attn.o_proj,2,9,0.36402183771133423,True,74.83849334716797
5.self_attn.o_proj,3,4,0.0521143302321434,True,11.010309219360352
5.self_attn.o_proj,3,5,0.11561677604913712,True,23.430028915405273
5.self_attn.o_proj,3,6,0.141687273979187,True,31.630943298339844
5.self_attn.o_proj,3,7,0.19654656946659088,True,49.65348434448242
5.self_attn.o_proj,3,8,0.2494024783372879,True,60.09297180175781
5.self_attn.o_proj,3,9,0.3359701633453369,True,71.77983093261719
5.self_attn.o_proj,4,5,0.06568783521652222,True,12.895747184753418
5.self_attn.o_proj,4,6,0.0947219729423523,True,22.030471801757812
5.self_attn.o_proj,4,7,0.1533365398645401,True,43.22747802734375
5.self_attn.o_proj,4,8,0.20927143096923828,True,56.043514251708984
5.self_attn.o_proj,4,9,0.3015304505825043,True,67.39076232910156
5.self_attn.o_proj,5,6,0.062619648873806,True,11.90699577331543
5.self_attn.o_proj,5,7,0.11693423241376877,True,35.27388381958008
5.self_attn.o_proj,5,8,0.17336569726467133,True,51.13259506225586
5.self_attn.o_proj,5,9,0.2689740061759949,True,63.4497184753418
5.self_attn.o_proj,6,7,0.06315501779317856,True,24.578733444213867
5.self_attn.o_proj,6,8,0.1227162554860115,True,41.68586349487305
5.self_attn.o_proj,6,9,0.22714027762413025,True,55.96343231201172
5.self_attn.o_proj,7,8,0.06401532888412476,True,21.533151626586914
5.self_attn.o_proj,7,9,0.18169234693050385,True,42.66084289550781
5.self_attn.o_proj,8,9,0.12751887738704681,True,27.682355880737305
5.mlp.gate_proj,0,1,0.27339982986450195,True,51.27030563354492
5.mlp.gate_proj,0,2,0.3870900571346283,True,42.72313690185547
5.mlp.gate_proj,0,3,0.4942357540130615,True,55.9149055480957
5.mlp.gate_proj,0,4,0.5435059666633606,True,67.59416961669922
5.mlp.gate_proj,0,5,0.605400800704956,True,81.85749816894531
5.mlp.gate_proj,0,6,0.6214160323143005,True,89.24388885498047
5.mlp.gate_proj,0,7,0.6144940257072449,True,89.5439453125
5.mlp.gate_proj,0,8,0.6068024039268494,True,89.63983154296875
5.mlp.gate_proj,0,9,0.6016129851341248,True,89.70854187011719
5.mlp.gate_proj,1,2,0.1562618762254715,True,26.412784576416016
5.mlp.gate_proj,1,3,0.30616962909698486,True,55.32747268676758
5.mlp.gate_proj,1,4,0.39476892352104187,True,67.38628387451172
5.mlp.gate_proj,1,5,0.5067693591117859,True,82.9661636352539
5.mlp.gate_proj,1,6,0.56711745262146,True,88.39653778076172
5.mlp.gate_proj,1,7,0.6106953620910645,True,89.55045318603516
5.mlp.gate_proj,1,8,0.6161261796951294,True,88.55291748046875
5.mlp.gate_proj,1,9,0.6181989908218384,True,89.89796447753906
5.mlp.gate_proj,2,3,0.17199945449829102,True,33.675357818603516
5.mlp.gate_proj,2,4,0.2730935215950012,True,50.50080490112305
5.mlp.gate_proj,2,5,0.41024214029312134,True,78.83845520019531
5.mlp.gate_proj,2,6,0.49934718012809753,True,86.67548370361328
5.mlp.gate_proj,2,7,0.5786958932876587,True,88.8074951171875
5.mlp.gate_proj,2,8,0.6005600690841675,True,87.93877410888672
5.mlp.gate_proj,2,9,0.6166846752166748,True,89.36941528320312
5.mlp.gate_proj,3,4,0.13300667703151703,True,21.1297550201416
5.mlp.gate_proj,3,5,0.2793293595314026,True,75.2787094116211
5.mlp.gate_proj,3,6,0.39301255345344543,True,84.68006134033203
5.mlp.gate_proj,3,7,0.5101935863494873,True,87.53543853759766
5.mlp.gate_proj,3,8,0.5561214685440063,True,87.33079528808594
5.mlp.gate_proj,3,9,0.5959139466285706,True,89.35979461669922
5.mlp.gate_proj,4,5,0.17861804366111755,True,64.67224884033203
5.mlp.gate_proj,4,6,0.30852997303009033,True,84.03607940673828
5.mlp.gate_proj,4,7,0.45179057121276855,True,85.99769592285156
5.mlp.gate_proj,4,8,0.5116776823997498,True,86.61898040771484
5.mlp.gate_proj,4,9,0.5709808468818665,True,89.51351928710938
5.mlp.gate_proj,5,6,0.1616811454296112,True,89.7445297241211
5.mlp.gate_proj,5,7,0.3290441036224365,True,88.98009490966797
5.mlp.gate_proj,5,8,0.4221920669078827,True,89.4397201538086
5.mlp.gate_proj,5,9,0.5235089063644409,True,89.20777893066406
5.mlp.gate_proj,6,7,0.20181873440742493,True,46.339786529541016
5.mlp.gate_proj,6,8,0.3139626681804657,True,79.25334167480469
5.mlp.gate_proj,6,9,0.4552080035209656,True,88.09744262695312
5.mlp.gate_proj,7,8,0.175884410738945,True,65.72183990478516
5.mlp.gate_proj,7,9,0.3729395866394043,True,87.33257293701172
5.mlp.gate_proj,8,9,0.23367422819137573,True,81.19014739990234
5.mlp.up_proj,0,1,0.27339982986450195,True,51.27030563354492
5.mlp.up_proj,0,2,0.3870900571346283,True,42.72313690185547
5.mlp.up_proj,0,3,0.4942357540130615,True,55.9149055480957
5.mlp.up_proj,0,4,0.5435059666633606,True,67.59416961669922
5.mlp.up_proj,0,5,0.605400800704956,True,81.85749816894531
5.mlp.up_proj,0,6,0.6214160323143005,True,89.24388885498047
5.mlp.up_proj,0,7,0.6144940257072449,True,89.5439453125
5.mlp.up_proj,0,8,0.6068024039268494,True,89.63983154296875
5.mlp.up_proj,0,9,0.6016129851341248,True,89.70854187011719
5.mlp.up_proj,1,2,0.1562618762254715,True,26.412784576416016
5.mlp.up_proj,1,3,0.30616962909698486,True,55.32747268676758
5.mlp.up_proj,1,4,0.39476892352104187,True,67.38628387451172
5.mlp.up_proj,1,5,0.5067693591117859,True,82.9661636352539
5.mlp.up_proj,1,6,0.56711745262146,True,88.39653778076172
5.mlp.up_proj,1,7,0.6106953620910645,True,89.55045318603516
5.mlp.up_proj,1,8,0.6161261796951294,True,88.55291748046875
5.mlp.up_proj,1,9,0.6181989908218384,True,89.89796447753906
5.mlp.up_proj,2,3,0.17199945449829102,True,33.675357818603516
5.mlp.up_proj,2,4,0.2730935215950012,True,50.50080490112305
5.mlp.up_proj,2,5,0.41024214029312134,True,78.83845520019531
5.mlp.up_proj,2,6,0.49934718012809753,True,86.67548370361328
5.mlp.up_proj,2,7,0.5786958932876587,True,88.8074951171875
5.mlp.up_proj,2,8,0.6005600690841675,True,87.93877410888672
5.mlp.up_proj,2,9,0.6166846752166748,True,89.36941528320312
5.mlp.up_proj,3,4,0.13300667703151703,True,21.1297550201416
5.mlp.up_proj,3,5,0.2793293595314026,True,75.2787094116211
5.mlp.up_proj,3,6,0.39301255345344543,True,84.68006134033203
5.mlp.up_proj,3,7,0.5101935863494873,True,87.53543853759766
5.mlp.up_proj,3,8,0.5561214685440063,True,87.33079528808594
5.mlp.up_proj,3,9,0.5959139466285706,True,89.35979461669922
5.mlp.up_proj,4,5,0.17861804366111755,True,64.67224884033203
5.mlp.up_proj,4,6,0.30852997303009033,True,84.03607940673828
5.mlp.up_proj,4,7,0.45179057121276855,True,85.99769592285156
5.mlp.up_proj,4,8,0.5116776823997498,True,86.61898040771484
5.mlp.up_proj,4,9,0.5709808468818665,True,89.51351928710938
5.mlp.up_proj,5,6,0.1616811454296112,True,89.7445297241211
5.mlp.up_proj,5,7,0.3290441036224365,True,88.98009490966797
5.mlp.up_proj,5,8,0.4221920669078827,True,89.4397201538086
5.mlp.up_proj,5,9,0.5235089063644409,True,89.20777893066406
5.mlp.up_proj,6,7,0.20181873440742493,True,46.339786529541016
5.mlp.up_proj,6,8,0.3139626681804657,True,79.25334167480469
5.mlp.up_proj,6,9,0.4552080035209656,True,88.09744262695312
5.mlp.up_proj,7,8,0.175884410738945,True,65.72183990478516
5.mlp.up_proj,7,9,0.3729395866394043,True,87.33257293701172
5.mlp.up_proj,8,9,0.23367422819137573,True,81.19014739990234
5.mlp.down_proj,0,1,0.26577699184417725,True,25.696231842041016
5.mlp.down_proj,0,2,0.3742711544036865,True,58.03797912597656
5.mlp.down_proj,0,3,0.4610309302806854,True,87.39334106445312
5.mlp.down_proj,0,4,0.4833025634288788,True,85.42259216308594
5.mlp.down_proj,0,5,0.4370863437652588,True,86.03004455566406
5.mlp.down_proj,0,6,0.34255197644233704,True,88.03429412841797
5.mlp.down_proj,0,7,0.2762914001941681,True,87.52637481689453
5.mlp.down_proj,0,8,0.24908025562763214,True,89.42122650146484
5.mlp.down_proj,0,9,0.24003992974758148,True,88.72613525390625
5.mlp.down_proj,1,2,0.16228890419006348,True,45.34140396118164
5.mlp.down_proj,1,3,0.32116612792015076,True,82.1726303100586
5.mlp.down_proj,1,4,0.41877907514572144,True,88.69466400146484
5.mlp.down_proj,1,5,0.4440452456474304,True,87.81006622314453
5.mlp.down_proj,1,6,0.3766644299030304,True,89.80528259277344
5.mlp.down_proj,1,7,0.3129205107688904,True,87.34304809570312
5.mlp.down_proj,1,8,0.28452613949775696,True,89.096923828125
5.mlp.down_proj,1,9,0.2771202027797699,True,89.25030517578125
5.mlp.down_proj,2,3,0.19434712827205658,True,63.5700798034668
5.mlp.down_proj,2,4,0.3450084924697876,True,85.69587707519531
5.mlp.down_proj,2,5,0.4464864730834961,True,89.28126525878906
5.mlp.down_proj,2,6,0.42822137475013733,True,88.043212890625
5.mlp.down_proj,2,7,0.3822489380836487,True,87.3478775024414
5.mlp.down_proj,2,8,0.3584795892238617,True,89.28130340576172
5.mlp.down_proj,2,9,0.35326430201530457,True,89.96113586425781
5.mlp.down_proj,3,4,0.2089378982782364,True,73.24800872802734
5.mlp.down_proj,3,5,0.4054877758026123,True,87.62458801269531
5.mlp.down_proj,3,6,0.4733903408050537,True,84.62126159667969
5.mlp.down_proj,3,7,0.4687453806400299,True,87.20047760009766
5.mlp.down_proj,3,8,0.4587899148464203,True,89.25524139404297
5.mlp.down_proj,3,9,0.45798394083976746,True,89.26946258544922
5.mlp.down_proj,4,5,0.27954304218292236,True,51.347957611083984
5.mlp.down_proj,4,6,0.4528976082801819,True,88.11945343017578
5.mlp.down_proj,4,7,0.5142490863800049,True,87.02802276611328
5.mlp.down_proj,4,8,0.5307264924049377,True,89.67298889160156
5.mlp.down_proj,4,9,0.5372428894042969,True,88.7569580078125
5.mlp.down_proj,5,6,0.26614195108413696,True,73.41683959960938
5.mlp.down_proj,5,7,0.4068644046783447,True,87.56163787841797
5.mlp.down_proj,5,8,0.46139973402023315,True,88.68684387207031
5.mlp.down_proj,5,9,0.4816650450229645,True,88.69245910644531
5.mlp.down_proj,6,7,0.17986370623111725,True,75.0572280883789
5.mlp.down_proj,6,8,0.2569552958011627,True,85.63880920410156
5.mlp.down_proj,6,9,0.29712775349617004,True,89.33934783935547
5.mlp.down_proj,7,8,0.09592133015394211,True,69.44190979003906
5.mlp.down_proj,7,9,0.17509537935256958,True,86.52625274658203
5.mlp.down_proj,8,9,0.10271681845188141,True,81.92449188232422
6.self_attn.q_proj,0,1,0.2546444237232208,True,64.74919891357422
6.self_attn.q_proj,0,2,0.35377252101898193,True,82.82167053222656
6.self_attn.q_proj,0,3,0.4448477029800415,True,82.15643310546875
6.self_attn.q_proj,0,4,0.48556795716285706,True,85.24322509765625
6.self_attn.q_proj,0,5,0.5382624268531799,True,87.86662292480469
6.self_attn.q_proj,0,6,0.5669428110122681,True,88.55653381347656
6.self_attn.q_proj,0,7,0.5787739753723145,True,89.46416473388672
6.self_attn.q_proj,0,8,0.5701137781143188,True,89.99176025390625
6.self_attn.q_proj,0,9,0.5383093357086182,True,89.35664367675781
6.self_attn.q_proj,1,2,0.1403540074825287,True,42.326683044433594
6.self_attn.q_proj,1,3,0.26485174894332886,True,59.70227813720703
6.self_attn.q_proj,1,4,0.34019485116004944,True,67.541015625
6.self_attn.q_proj,1,5,0.42958539724349976,True,80.75762176513672
6.self_attn.q_proj,1,6,0.5010020732879639,True,88.41234588623047
6.self_attn.q_proj,1,7,0.5627382397651672,True,89.68231964111328
6.self_attn.q_proj,1,8,0.5782748460769653,True,89.64913940429688
6.self_attn.q_proj,1,9,0.5730288028717041,True,89.9267349243164
6.self_attn.q_proj,2,3,0.14674429595470428,True,27.571929931640625
6.self_attn.q_proj,2,4,0.2305048108100891,True,47.7462272644043
6.self_attn.q_proj,2,5,0.3366323709487915,True,78.67241668701172
6.self_attn.q_proj,2,6,0.4342395067214966,True,88.75685119628906
6.self_attn.q_proj,2,7,0.5287060141563416,True,89.9394302368164
6.self_attn.q_proj,2,8,0.5660828948020935,True,88.94507598876953
6.self_attn.q_proj,2,9,0.5831851363182068,True,89.6681900024414
6.self_attn.q_proj,3,4,0.12167518585920334,True,38.068992614746094
6.self_attn.q_proj,3,5,0.22567613422870636,True,75.14867401123047
6.self_attn.q_proj,3,6,0.34457072615623474,True,87.21892547607422
6.self_attn.q_proj,3,7,0.47032058238983154,True,88.68427276611328
6.self_attn.q_proj,3,8,0.5344282984733582,True,88.80397033691406
6.self_attn.q_proj,3,9,0.5764813423156738,True,88.76753234863281
6.self_attn.q_proj,4,5,0.13997404277324677,True,76.7547836303711
6.self_attn.q_proj,4,6,0.2784651517868042,True,87.49764251708984
6.self_attn.q_proj,4,7,0.42888474464416504,True,88.5849380493164
6.self_attn.q_proj,4,8,0.5099923610687256,True,89.3382568359375
6.self_attn.q_proj,4,9,0.5686529874801636,True,89.02759552001953
6.self_attn.q_proj,5,6,0.1680879294872284,True,64.97623443603516
6.self_attn.q_proj,5,7,0.3433264493942261,True,76.68622589111328
6.self_attn.q_proj,5,8,0.45624831318855286,True,80.2584228515625
6.self_attn.q_proj,5,9,0.547141969203949,True,85.98273468017578
6.self_attn.q_proj,6,7,0.2091381996870041,True,50.76124572753906
6.self_attn.q_proj,6,8,0.35089579224586487,True,66.66131591796875
6.self_attn.q_proj,6,9,0.48728781938552856,True,84.57215881347656
6.self_attn.q_proj,7,8,0.19501973688602448,True,58.93012619018555
6.self_attn.q_proj,7,9,0.3854147791862488,True,85.46717834472656
6.self_attn.q_proj,8,9,0.24282512068748474,True,86.9212875366211
6.self_attn.k_proj,0,1,0.2546444237232208,True,64.74919891357422
6.self_attn.k_proj,0,2,0.35377252101898193,True,82.82167053222656
6.self_attn.k_proj,0,3,0.4448477029800415,True,82.15643310546875
6.self_attn.k_proj,0,4,0.48556795716285706,True,85.24322509765625
6.self_attn.k_proj,0,5,0.5382624268531799,True,87.86662292480469
6.self_attn.k_proj,0,6,0.5669428110122681,True,88.55653381347656
6.self_attn.k_proj,0,7,0.5787739753723145,True,89.46416473388672
6.self_attn.k_proj,0,8,0.5701137781143188,True,89.99176025390625
6.self_attn.k_proj,0,9,0.5383093357086182,True,89.35664367675781
6.self_attn.k_proj,1,2,0.1403540074825287,True,42.326683044433594
6.self_attn.k_proj,1,3,0.26485174894332886,True,59.70227813720703
6.self_attn.k_proj,1,4,0.34019485116004944,True,67.541015625
6.self_attn.k_proj,1,5,0.42958539724349976,True,80.75762176513672
6.self_attn.k_proj,1,6,0.5010020732879639,True,88.41234588623047
6.self_attn.k_proj,1,7,0.5627382397651672,True,89.68231964111328
6.self_attn.k_proj,1,8,0.5782748460769653,True,89.64913940429688
6.self_attn.k_proj,1,9,0.5730288028717041,True,89.9267349243164
6.self_attn.k_proj,2,3,0.14674429595470428,True,27.571929931640625
6.self_attn.k_proj,2,4,0.2305048108100891,True,47.7462272644043
6.self_attn.k_proj,2,5,0.3366323709487915,True,78.67241668701172
6.self_attn.k_proj,2,6,0.4342395067214966,True,88.75685119628906
6.self_attn.k_proj,2,7,0.5287060141563416,True,89.9394302368164
6.self_attn.k_proj,2,8,0.5660828948020935,True,88.94507598876953
6.self_attn.k_proj,2,9,0.5831851363182068,True,89.6681900024414
6.self_attn.k_proj,3,4,0.12167518585920334,True,38.068992614746094
6.self_attn.k_proj,3,5,0.22567613422870636,True,75.14867401123047
6.self_attn.k_proj,3,6,0.34457072615623474,True,87.21892547607422
6.self_attn.k_proj,3,7,0.47032058238983154,True,88.68427276611328
6.self_attn.k_proj,3,8,0.5344282984733582,True,88.80397033691406
6.self_attn.k_proj,3,9,0.5764813423156738,True,88.76753234863281
6.self_attn.k_proj,4,5,0.13997404277324677,True,76.7547836303711
6.self_attn.k_proj,4,6,0.2784651517868042,True,87.49764251708984
6.self_attn.k_proj,4,7,0.42888474464416504,True,88.5849380493164
6.self_attn.k_proj,4,8,0.5099923610687256,True,89.3382568359375
6.self_attn.k_proj,4,9,0.5686529874801636,True,89.02759552001953
6.self_attn.k_proj,5,6,0.1680879294872284,True,64.97623443603516
6.self_attn.k_proj,5,7,0.3433264493942261,True,76.68622589111328
6.self_attn.k_proj,5,8,0.45624831318855286,True,80.2584228515625
6.self_attn.k_proj,5,9,0.547141969203949,True,85.98273468017578
6.self_attn.k_proj,6,7,0.2091381996870041,True,50.76124572753906
6.self_attn.k_proj,6,8,0.35089579224586487,True,66.66131591796875
6.self_attn.k_proj,6,9,0.48728781938552856,True,84.57215881347656
6.self_attn.k_proj,7,8,0.19501973688602448,True,58.93012619018555
6.self_attn.k_proj,7,9,0.3854147791862488,True,85.46717834472656
6.self_attn.k_proj,8,9,0.24282512068748474,True,86.9212875366211
6.self_attn.v_proj,0,1,0.2546444237232208,True,64.74919891357422
6.self_attn.v_proj,0,2,0.35377252101898193,True,82.82167053222656
6.self_attn.v_proj,0,3,0.4448477029800415,True,82.15643310546875
6.self_attn.v_proj,0,4,0.48556795716285706,True,85.24322509765625
6.self_attn.v_proj,0,5,0.5382624268531799,True,87.86662292480469
6.self_attn.v_proj,0,6,0.5669428110122681,True,88.55653381347656
6.self_attn.v_proj,0,7,0.5787739753723145,True,89.46416473388672
6.self_attn.v_proj,0,8,0.5701137781143188,True,89.99176025390625
6.self_attn.v_proj,0,9,0.5383093357086182,True,89.35664367675781
6.self_attn.v_proj,1,2,0.1403540074825287,True,42.326683044433594
6.self_attn.v_proj,1,3,0.26485174894332886,True,59.70227813720703
6.self_attn.v_proj,1,4,0.34019485116004944,True,67.541015625
6.self_attn.v_proj,1,5,0.42958539724349976,True,80.75762176513672
6.self_attn.v_proj,1,6,0.5010020732879639,True,88.41234588623047
6.self_attn.v_proj,1,7,0.5627382397651672,True,89.68231964111328
6.self_attn.v_proj,1,8,0.5782748460769653,True,89.64913940429688
6.self_attn.v_proj,1,9,0.5730288028717041,True,89.9267349243164
6.self_attn.v_proj,2,3,0.14674429595470428,True,27.571929931640625
6.self_attn.v_proj,2,4,0.2305048108100891,True,47.7462272644043
6.self_attn.v_proj,2,5,0.3366323709487915,True,78.67241668701172
6.self_attn.v_proj,2,6,0.4342395067214966,True,88.75685119628906
6.self_attn.v_proj,2,7,0.5287060141563416,True,89.9394302368164
6.self_attn.v_proj,2,8,0.5660828948020935,True,88.94507598876953
6.self_attn.v_proj,2,9,0.5831851363182068,True,89.6681900024414
6.self_attn.v_proj,3,4,0.12167518585920334,True,38.068992614746094
6.self_attn.v_proj,3,5,0.22567613422870636,True,75.14867401123047
6.self_attn.v_proj,3,6,0.34457072615623474,True,87.21892547607422
6.self_attn.v_proj,3,7,0.47032058238983154,True,88.68427276611328
6.self_attn.v_proj,3,8,0.5344282984733582,True,88.80397033691406
6.self_attn.v_proj,3,9,0.5764813423156738,True,88.76753234863281
6.self_attn.v_proj,4,5,0.13997404277324677,True,76.7547836303711
6.self_attn.v_proj,4,6,0.2784651517868042,True,87.49764251708984
6.self_attn.v_proj,4,7,0.42888474464416504,True,88.5849380493164
6.self_attn.v_proj,4,8,0.5099923610687256,True,89.3382568359375
6.self_attn.v_proj,4,9,0.5686529874801636,True,89.02759552001953
6.self_attn.v_proj,5,6,0.1680879294872284,True,64.97623443603516
6.self_attn.v_proj,5,7,0.3433264493942261,True,76.68622589111328
6.self_attn.v_proj,5,8,0.45624831318855286,True,80.2584228515625
6.self_attn.v_proj,5,9,0.547141969203949,True,85.98273468017578
6.self_attn.v_proj,6,7,0.2091381996870041,True,50.76124572753906
6.self_attn.v_proj,6,8,0.35089579224586487,True,66.66131591796875
6.self_attn.v_proj,6,9,0.48728781938552856,True,84.57215881347656
6.self_attn.v_proj,7,8,0.19501973688602448,True,58.93012619018555
6.self_attn.v_proj,7,9,0.3854147791862488,True,85.46717834472656
6.self_attn.v_proj,8,9,0.24282512068748474,True,86.9212875366211
6.self_attn.o_proj,0,1,0.08887515962123871,True,22.12666130065918
6.self_attn.o_proj,0,2,0.1492314636707306,True,65.06423950195312
6.self_attn.o_proj,0,3,0.20720401406288147,True,85.48046875
6.self_attn.o_proj,0,4,0.2458537071943283,True,87.40850830078125
6.self_attn.o_proj,0,5,0.2742631733417511,True,86.95555114746094
6.self_attn.o_proj,0,6,0.2932196259498596,True,83.96834564208984
6.self_attn.o_proj,0,7,0.30917608737945557,True,81.44314575195312
6.self_attn.o_proj,0,8,0.3150811493396759,True,83.10391998291016
6.self_attn.o_proj,0,9,0.30979210138320923,True,89.17385864257812
6.self_attn.o_proj,1,2,0.07366809248924255,True,58.11738204956055
6.self_attn.o_proj,1,3,0.14126667380332947,True,79.69412231445312
6.self_attn.o_proj,1,4,0.19337347149848938,True,83.96031951904297
6.self_attn.o_proj,1,5,0.23449724912643433,True,84.7490005493164
6.self_attn.o_proj,1,6,0.26688048243522644,True,82.0444107055664
6.self_attn.o_proj,1,7,0.29530924558639526,True,80.2359619140625
6.self_attn.o_proj,1,8,0.3066874146461487,True,82.19949340820312
6.self_attn.o_proj,1,9,0.3099224865436554,True,89.01937866210938
6.self_attn.o_proj,2,3,0.07745406776666641,True,43.810340881347656
6.self_attn.o_proj,2,4,0.13913756608963013,True,60.65406036376953
6.self_attn.o_proj,2,5,0.193972647190094,True,71.85282897949219
6.self_attn.o_proj,2,6,0.24113139510154724,True,78.10804748535156
6.self_attn.o_proj,2,7,0.28373193740844727,True,88.6821517944336
6.self_attn.o_proj,2,8,0.3015604317188263,True,89.67009735107422
6.self_attn.o_proj,2,9,0.3130052983760834,True,87.39067077636719
6.self_attn.o_proj,3,4,0.07396430522203445,True,28.913087844848633
6.self_attn.o_proj,3,5,0.13883334398269653,True,47.98713684082031
6.self_attn.o_proj,3,6,0.2013569325208664,True,67.14285278320312
6.self_attn.o_proj,3,7,0.26096782088279724,True,88.01060485839844
6.self_attn.o_proj,3,8,0.2882591784000397,True,88.00733947753906
6.self_attn.o_proj,3,9,0.31015631556510925,True,86.3126220703125
6.self_attn.o_proj,4,5,0.08028800040483475,True,24.14905548095703
6.self_attn.o_proj,4,6,0.1568070948123932,True,54.85762405395508
6.self_attn.o_proj,4,7,0.2325371950864792,True,84.4160385131836
6.self_attn.o_proj,4,8,0.27090421319007874,True,87.72328186035156
6.self_attn.o_proj,4,9,0.3033185303211212,True,87.08905792236328
6.self_attn.o_proj,5,6,0.09258688986301422,True,35.37134552001953
6.self_attn.o_proj,5,7,0.1826474964618683,True,73.7149658203125
6.self_attn.o_proj,5,8,0.23700547218322754,True,80.06929779052734
6.self_attn.o_proj,5,9,0.28425484895706177,True,89.64704132080078
6.self_attn.o_proj,6,7,0.1077214926481247,True,54.486961364746094
6.self_attn.o_proj,6,8,0.17829811573028564,True,65.53361511230469
6.self_attn.o_proj,6,9,0.2488347440958023,True,84.0614242553711
6.self_attn.o_proj,7,8,0.09929753839969635,True,43.65372848510742
6.self_attn.o_proj,7,9,0.19710123538970947,True,73.82475280761719
6.self_attn.o_proj,8,9,0.13213397562503815,True,52.735774993896484
6.mlp.gate_proj,0,1,0.23314057290554047,True,20.416887283325195
6.mlp.gate_proj,0,2,0.2986270785331726,True,36.17647171020508
6.mlp.gate_proj,0,3,0.3504786193370819,True,51.15625762939453
6.mlp.gate_proj,0,4,0.3871847689151764,True,61.92722702026367
6.mlp.gate_proj,0,5,0.41713273525238037,True,79.26467895507812
6.mlp.gate_proj,0,6,0.420327752828598,True,87.60600280761719
6.mlp.gate_proj,0,7,0.38943979144096375,True,87.63301849365234
6.mlp.gate_proj,0,8,0.3645668625831604,True,88.85706329345703
6.mlp.gate_proj,0,9,0.3039360046386719,True,89.55951690673828
6.mlp.gate_proj,1,2,0.11238998919725418,True,23.474794387817383
6.mlp.gate_proj,1,3,0.19969728589057922,True,39.452701568603516
6.mlp.gate_proj,1,4,0.2781832814216614,True,52.644046783447266
6.mlp.gate_proj,1,5,0.3490428030490875,True,79.23661804199219
6.mlp.gate_proj,1,6,0.39931392669677734,True,88.09205627441406
6.mlp.gate_proj,1,7,0.42150288820266724,True,87.15898132324219
6.mlp.gate_proj,1,8,0.4082390069961548,True,88.3554916381836
6.mlp.gate_proj,1,9,0.35957255959510803,True,89.36117553710938
6.mlp.gate_proj,2,3,0.11347024142742157,True,20.62800407409668
6.mlp.gate_proj,2,4,0.2010027915239334,True,39.73763656616211
6.mlp.gate_proj,2,5,0.289936900138855,True,77.52458953857422
6.mlp.gate_proj,2,6,0.36690643429756165,True,88.84661865234375
6.mlp.gate_proj,2,7,0.4214942157268524,True,86.07089233398438
6.mlp.gate_proj,2,8,0.4230513572692871,True,87.59210205078125
6.mlp.gate_proj,2,9,0.38806360960006714,True,89.07189178466797
6.mlp.gate_proj,3,4,0.11788275092840195,True,23.255210876464844
6.mlp.gate_proj,3,5,0.2145969122648239,True,73.6429672241211
6.mlp.gate_proj,3,6,0.31424057483673096,True,88.44961547851562
6.mlp.gate_proj,3,7,0.40236547589302063,True,85.15908813476562
6.mlp.gate_proj,3,8,0.424056738615036,True,86.5055160522461
6.mlp.gate_proj,3,9,0.40851569175720215,True,89.48394775390625
6.mlp.gate_proj,4,5,0.12528766691684723,True,60.557003021240234
6.mlp.gate_proj,4,6,0.24820318818092346,True,82.111083984375
6.mlp.gate_proj,4,7,0.37151801586151123,True,85.83682250976562
6.mlp.gate_proj,4,8,0.41804417967796326,True,87.20833587646484
6.mlp.gate_proj,4,9,0.42957475781440735,True,89.6033935546875
6.mlp.gate_proj,5,6,0.16100695729255676,True,70.1229019165039
6.mlp.gate_proj,5,7,0.3167242705821991,True,88.43832397460938
6.mlp.gate_proj,5,8,0.3941594958305359,True,86.331298828125
6.mlp.gate_proj,5,9,0.4403975307941437,True,88.7339859008789
6.mlp.gate_proj,6,7,0.20142289996147156,True,73.99813079833984
6.mlp.gate_proj,6,8,0.31526821851730347,True,88.23161315917969
6.mlp.gate_proj,6,9,0.41823944449424744,True,84.78067779541016
6.mlp.gate_proj,7,8,0.18786406517028809,True,60.95097351074219
6.mlp.gate_proj,7,9,0.3649305999279022,True,81.38420104980469
6.mlp.gate_proj,8,9,0.24896477162837982,True,87.89550018310547
6.mlp.up_proj,0,1,0.23314057290554047,True,20.416887283325195
6.mlp.up_proj,0,2,0.2986270785331726,True,36.17647171020508
6.mlp.up_proj,0,3,0.3504786193370819,True,51.15625762939453
6.mlp.up_proj,0,4,0.3871847689151764,True,61.92722702026367
6.mlp.up_proj,0,5,0.41713273525238037,True,79.26467895507812
6.mlp.up_proj,0,6,0.420327752828598,True,87.60600280761719
6.mlp.up_proj,0,7,0.38943979144096375,True,87.63301849365234
6.mlp.up_proj,0,8,0.3645668625831604,True,88.85706329345703
6.mlp.up_proj,0,9,0.3039360046386719,True,89.55951690673828
6.mlp.up_proj,1,2,0.11238998919725418,True,23.474794387817383
6.mlp.up_proj,1,3,0.19969728589057922,True,39.452701568603516
6.mlp.up_proj,1,4,0.2781832814216614,True,52.644046783447266
6.mlp.up_proj,1,5,0.3490428030490875,True,79.23661804199219
6.mlp.up_proj,1,6,0.39931392669677734,True,88.09205627441406
6.mlp.up_proj,1,7,0.42150288820266724,True,87.15898132324219
6.mlp.up_proj,1,8,0.4082390069961548,True,88.3554916381836
6.mlp.up_proj,1,9,0.35957255959510803,True,89.36117553710938
6.mlp.up_proj,2,3,0.11347024142742157,True,20.62800407409668
6.mlp.up_proj,2,4,0.2010027915239334,True,39.73763656616211
6.mlp.up_proj,2,5,0.289936900138855,True,77.52458953857422
6.mlp.up_proj,2,6,0.36690643429756165,True,88.84661865234375
6.mlp.up_proj,2,7,0.4214942157268524,True,86.07089233398438
6.mlp.up_proj,2,8,0.4230513572692871,True,87.59210205078125
6.mlp.up_proj,2,9,0.38806360960006714,True,89.07189178466797
6.mlp.up_proj,3,4,0.11788275092840195,True,23.255210876464844
6.mlp.up_proj,3,5,0.2145969122648239,True,73.6429672241211
6.mlp.up_proj,3,6,0.31424057483673096,True,88.44961547851562
6.mlp.up_proj,3,7,0.40236547589302063,True,85.15908813476562
6.mlp.up_proj,3,8,0.424056738615036,True,86.5055160522461
6.mlp.up_proj,3,9,0.40851569175720215,True,89.48394775390625
6.mlp.up_proj,4,5,0.12528766691684723,True,60.557003021240234
6.mlp.up_proj,4,6,0.24820318818092346,True,82.111083984375
6.mlp.up_proj,4,7,0.37151801586151123,True,85.83682250976562
6.mlp.up_proj,4,8,0.41804417967796326,True,87.20833587646484
6.mlp.up_proj,4,9,0.42957475781440735,True,89.6033935546875
6.mlp.up_proj,5,6,0.16100695729255676,True,70.1229019165039
6.mlp.up_proj,5,7,0.3167242705821991,True,88.43832397460938
6.mlp.up_proj,5,8,0.3941594958305359,True,86.331298828125
6.mlp.up_proj,5,9,0.4403975307941437,True,88.7339859008789
6.mlp.up_proj,6,7,0.20142289996147156,True,73.99813079833984
6.mlp.up_proj,6,8,0.31526821851730347,True,88.23161315917969
6.mlp.up_proj,6,9,0.41823944449424744,True,84.78067779541016
6.mlp.up_proj,7,8,0.18786406517028809,True,60.95097351074219
6.mlp.up_proj,7,9,0.3649305999279022,True,81.38420104980469
6.mlp.up_proj,8,9,0.24896477162837982,True,87.89550018310547
6.mlp.down_proj,0,1,0.19816112518310547,True,76.84481048583984
6.mlp.down_proj,0,2,0.2692858576774597,True,82.43982696533203
6.mlp.down_proj,0,3,0.3353743553161621,True,81.7140121459961
6.mlp.down_proj,0,4,0.4039696156978607,True,83.46833038330078
6.mlp.down_proj,0,5,0.45882874727249146,True,86.35694885253906
6.mlp.down_proj,0,6,0.458516925573349,True,88.1689682006836
6.mlp.down_proj,0,7,0.4147912859916687,True,89.3991470336914
6.mlp.down_proj,0,8,0.3785938620567322,True,88.73709869384766
6.mlp.down_proj,0,9,0.32604309916496277,True,89.61747741699219
6.mlp.down_proj,1,2,0.10643328726291656,True,77.6201400756836
6.mlp.down_proj,1,3,0.20263583958148956,True,86.07749938964844
6.mlp.down_proj,1,4,0.31468236446380615,True,88.23872375488281
6.mlp.down_proj,1,5,0.41075241565704346,True,88.7828598022461
6.mlp.down_proj,1,6,0.4471948742866516,True,87.40889739990234
6.mlp.down_proj,1,7,0.42341798543930054,True,88.42530059814453
6.mlp.down_proj,1,8,0.3920285403728485,True,89.82351684570312
6.mlp.down_proj,1,9,0.3414764106273651,True,89.97974395751953
6.mlp.down_proj,2,3,0.11756860464811325,True,42.77956771850586
6.mlp.down_proj,2,4,0.24265150725841522,True,75.29425811767578
6.mlp.down_proj,2,5,0.36418455839157104,True,81.2957534790039
6.mlp.down_proj,2,6,0.43078020215034485,True,85.54035186767578
6.mlp.down_proj,2,7,0.42819786071777344,True,89.18060302734375
6.mlp.down_proj,2,8,0.4051148295402527,True,88.36485290527344
6.mlp.down_proj,2,9,0.35849571228027344,True,89.99392700195312
6.mlp.down_proj,3,4,0.15421675145626068,True,56.40111541748047
6.mlp.down_proj,3,5,0.2963196039199829,True,75.78858184814453
6.mlp.down_proj,3,6,0.39873477816581726,True,80.97168731689453
6.mlp.down_proj,3,7,0.4304058849811554,True,89.94924926757812
6.mlp.down_proj,3,8,0.42333415150642395,True,89.88568115234375
6.mlp.down_proj,3,9,0.3845662772655487,True,89.87474822998047
6.mlp.down_proj,4,5,0.1747705042362213,True,71.02545928955078
6.mlp.down_proj,4,6,0.3240742087364197,True,81.66375732421875
6.mlp.down_proj,4,7,0.40032145380973816,True,87.77513885498047
6.mlp.down_proj,4,8,0.4219064712524414,True,87.36033630371094
6.mlp.down_proj,4,9,0.4047476649284363,True,89.75277709960938
6.mlp.down_proj,5,6,0.19895946979522705,True,45.733421325683594
6.mlp.down_proj,5,7,0.3286771774291992,True,84.08677673339844
6.mlp.down_proj,5,8,0.39405328035354614,True,84.940185546875
6.mlp.down_proj,5,9,0.412453830242157,True,89.69325256347656
6.mlp.down_proj,6,7,0.18520225584506989,True,88.62886047363281
6.mlp.down_proj,6,8,0.3093881607055664,True,86.029296875
6.mlp.down_proj,6,9,0.38779452443122864,True,88.4199447631836
6.mlp.down_proj,7,8,0.17258796095848083,True,88.501220703125
6.mlp.down_proj,7,9,0.318311870098114,True,88.03855895996094
6.mlp.down_proj,8,9,0.2053384631872177,True,88.2226333618164
7.self_attn.q_proj,0,1,0.2624147832393646,True,67.22105407714844
7.self_attn.q_proj,0,2,0.3734649419784546,True,73.3746337890625
7.self_attn.q_proj,0,3,0.46313491463661194,True,75.3305892944336
7.self_attn.q_proj,0,4,0.5152847170829773,True,78.97980499267578
7.self_attn.q_proj,0,5,0.5609874129295349,True,83.05858612060547
7.self_attn.q_proj,0,6,0.5774285197257996,True,85.05291748046875
7.self_attn.q_proj,0,7,0.5955489277839661,True,86.74115753173828
7.self_attn.q_proj,0,8,0.588874101638794,True,86.96652221679688
7.self_attn.q_proj,0,9,0.5616626739501953,True,89.10254669189453
7.self_attn.q_proj,1,2,0.14891289174556732,True,21.314510345458984
7.self_attn.q_proj,1,3,0.2779600918292999,True,41.706607818603516
7.self_attn.q_proj,1,4,0.3643200397491455,True,65.38689422607422
7.self_attn.q_proj,1,5,0.4505009651184082,True,79.36978912353516
7.self_attn.q_proj,1,6,0.5082800984382629,True,82.02154541015625
7.self_attn.q_proj,1,7,0.5703815817832947,True,82.65724182128906
7.self_attn.q_proj,1,8,0.5828213095664978,True,82.0281982421875
7.self_attn.q_proj,1,9,0.5832763314247131,True,89.78291320800781
7.self_attn.q_proj,2,3,0.14760427176952362,True,22.20450782775879
7.self_attn.q_proj,2,4,0.24503622949123383,True,57.21790313720703
7.self_attn.q_proj,2,5,0.35215461254119873,True,75.78614044189453
7.self_attn.q_proj,2,6,0.4371824562549591,True,78.18415069580078
7.self_attn.q_proj,2,7,0.5310324430465698,True,83.26605987548828
7.self_attn.q_proj,2,8,0.5619975924491882,True,81.53584289550781
7.self_attn.q_proj,2,9,0.5875350832939148,True,89.9737777709961
7.self_attn.q_proj,3,4,0.1167757585644722,True,45.58127975463867
7.self_attn.q_proj,3,5,0.23491910099983215,True,68.73210906982422
7.self_attn.q_proj,3,6,0.34228086471557617,True,71.81744384765625
7.self_attn.q_proj,3,7,0.4665943682193756,True,83.25116729736328
7.self_attn.q_proj,3,8,0.5202865600585938,True,81.17163848876953
7.self_attn.q_proj,3,9,0.5752077698707581,True,89.64093017578125
7.self_attn.q_proj,4,5,0.13745416700839996,True,43.421382904052734
7.self_attn.q_proj,4,6,0.2625168263912201,True,58.178871154785156
7.self_attn.q_proj,4,7,0.41083332896232605,True,81.97720336914062
7.self_attn.q_proj,4,8,0.4830356538295746,True,79.16110229492188
7.self_attn.q_proj,4,9,0.5623695850372314,True,88.89109802246094
7.self_attn.q_proj,5,6,0.1531713455915451,True,40.666465759277344
7.self_attn.q_proj,5,7,0.32112768292427063,True,79.17464447021484
7.self_attn.q_proj,5,8,0.41835492849349976,True,73.80186462402344
7.self_attn.q_proj,5,9,0.5321080088615417,True,85.38101196289062
7.self_attn.q_proj,6,7,0.19582511484622955,True,86.3604736328125
7.self_attn.q_proj,6,8,0.3148086965084076,True,71.35414123535156
7.self_attn.q_proj,6,9,0.4698528051376343,True,79.55472564697266
7.self_attn.q_proj,7,8,0.16638986766338348,True,39.067386627197266
7.self_attn.q_proj,7,9,0.36905792355537415,True,89.75090789794922
7.self_attn.q_proj,8,9,0.24411621689796448,True,80.19676208496094
7.self_attn.k_proj,0,1,0.2624147832393646,True,67.22105407714844
7.self_attn.k_proj,0,2,0.3734649419784546,True,73.3746337890625
7.self_attn.k_proj,0,3,0.46313491463661194,True,75.3305892944336
7.self_attn.k_proj,0,4,0.5152847170829773,True,78.97980499267578
7.self_attn.k_proj,0,5,0.5609874129295349,True,83.05858612060547
7.self_attn.k_proj,0,6,0.5774285197257996,True,85.05291748046875
7.self_attn.k_proj,0,7,0.5955489277839661,True,86.74115753173828
7.self_attn.k_proj,0,8,0.588874101638794,True,86.96652221679688
7.self_attn.k_proj,0,9,0.5616626739501953,True,89.10254669189453
7.self_attn.k_proj,1,2,0.14891289174556732,True,21.314510345458984
7.self_attn.k_proj,1,3,0.2779600918292999,True,41.706607818603516
7.self_attn.k_proj,1,4,0.3643200397491455,True,65.38689422607422
7.self_attn.k_proj,1,5,0.4505009651184082,True,79.36978912353516
7.self_attn.k_proj,1,6,0.5082800984382629,True,82.02154541015625
7.self_attn.k_proj,1,7,0.5703815817832947,True,82.65724182128906
7.self_attn.k_proj,1,8,0.5828213095664978,True,82.0281982421875
7.self_attn.k_proj,1,9,0.5832763314247131,True,89.78291320800781
7.self_attn.k_proj,2,3,0.14760427176952362,True,22.20450782775879
7.self_attn.k_proj,2,4,0.24503622949123383,True,57.21790313720703
7.self_attn.k_proj,2,5,0.35215461254119873,True,75.78614044189453
7.self_attn.k_proj,2,6,0.4371824562549591,True,78.18415069580078
7.self_attn.k_proj,2,7,0.5310324430465698,True,83.26605987548828
7.self_attn.k_proj,2,8,0.5619975924491882,True,81.53584289550781
7.self_attn.k_proj,2,9,0.5875350832939148,True,89.9737777709961
7.self_attn.k_proj,3,4,0.1167757585644722,True,45.58127975463867
7.self_attn.k_proj,3,5,0.23491910099983215,True,68.73210906982422
7.self_attn.k_proj,3,6,0.34228086471557617,True,71.81744384765625
7.self_attn.k_proj,3,7,0.4665943682193756,True,83.25116729736328
7.self_attn.k_proj,3,8,0.5202865600585938,True,81.17163848876953
7.self_attn.k_proj,3,9,0.5752077698707581,True,89.64093017578125
7.self_attn.k_proj,4,5,0.13745416700839996,True,43.421382904052734
7.self_attn.k_proj,4,6,0.2625168263912201,True,58.178871154785156
7.self_attn.k_proj,4,7,0.41083332896232605,True,81.97720336914062
7.self_attn.k_proj,4,8,0.4830356538295746,True,79.16110229492188
7.self_attn.k_proj,4,9,0.5623695850372314,True,88.89109802246094
7.self_attn.k_proj,5,6,0.1531713455915451,True,40.666465759277344
7.self_attn.k_proj,5,7,0.32112768292427063,True,79.17464447021484
7.self_attn.k_proj,5,8,0.41835492849349976,True,73.80186462402344
7.self_attn.k_proj,5,9,0.5321080088615417,True,85.38101196289062
7.self_attn.k_proj,6,7,0.19582511484622955,True,86.3604736328125
7.self_attn.k_proj,6,8,0.3148086965084076,True,71.35414123535156
7.self_attn.k_proj,6,9,0.4698528051376343,True,79.55472564697266
7.self_attn.k_proj,7,8,0.16638986766338348,True,39.067386627197266
7.self_attn.k_proj,7,9,0.36905792355537415,True,89.75090789794922
7.self_attn.k_proj,8,9,0.24411621689796448,True,80.19676208496094
7.self_attn.v_proj,0,1,0.2624147832393646,True,67.22105407714844
7.self_attn.v_proj,0,2,0.3734649419784546,True,73.3746337890625
7.self_attn.v_proj,0,3,0.46313491463661194,True,75.3305892944336
7.self_attn.v_proj,0,4,0.5152847170829773,True,78.97980499267578
7.self_attn.v_proj,0,5,0.5609874129295349,True,83.05858612060547
7.self_attn.v_proj,0,6,0.5774285197257996,True,85.05291748046875
7.self_attn.v_proj,0,7,0.5955489277839661,True,86.74115753173828
7.self_attn.v_proj,0,8,0.588874101638794,True,86.96652221679688
7.self_attn.v_proj,0,9,0.5616626739501953,True,89.10254669189453
7.self_attn.v_proj,1,2,0.14891289174556732,True,21.314510345458984
7.self_attn.v_proj,1,3,0.2779600918292999,True,41.706607818603516
7.self_attn.v_proj,1,4,0.3643200397491455,True,65.38689422607422
7.self_attn.v_proj,1,5,0.4505009651184082,True,79.36978912353516
7.self_attn.v_proj,1,6,0.5082800984382629,True,82.02154541015625
7.self_attn.v_proj,1,7,0.5703815817832947,True,82.65724182128906
7.self_attn.v_proj,1,8,0.5828213095664978,True,82.0281982421875
7.self_attn.v_proj,1,9,0.5832763314247131,True,89.78291320800781
7.self_attn.v_proj,2,3,0.14760427176952362,True,22.20450782775879
7.self_attn.v_proj,2,4,0.24503622949123383,True,57.21790313720703
7.self_attn.v_proj,2,5,0.35215461254119873,True,75.78614044189453
7.self_attn.v_proj,2,6,0.4371824562549591,True,78.18415069580078
7.self_attn.v_proj,2,7,0.5310324430465698,True,83.26605987548828
7.self_attn.v_proj,2,8,0.5619975924491882,True,81.53584289550781
7.self_attn.v_proj,2,9,0.5875350832939148,True,89.9737777709961
7.self_attn.v_proj,3,4,0.1167757585644722,True,45.58127975463867
7.self_attn.v_proj,3,5,0.23491910099983215,True,68.73210906982422
7.self_attn.v_proj,3,6,0.34228086471557617,True,71.81744384765625
7.self_attn.v_proj,3,7,0.4665943682193756,True,83.25116729736328
7.self_attn.v_proj,3,8,0.5202865600585938,True,81.17163848876953
7.self_attn.v_proj,3,9,0.5752077698707581,True,89.64093017578125
7.self_attn.v_proj,4,5,0.13745416700839996,True,43.421382904052734
7.self_attn.v_proj,4,6,0.2625168263912201,True,58.178871154785156
7.self_attn.v_proj,4,7,0.41083332896232605,True,81.97720336914062
7.self_attn.v_proj,4,8,0.4830356538295746,True,79.16110229492188
7.self_attn.v_proj,4,9,0.5623695850372314,True,88.89109802246094
7.self_attn.v_proj,5,6,0.1531713455915451,True,40.666465759277344
7.self_attn.v_proj,5,7,0.32112768292427063,True,79.17464447021484
7.self_attn.v_proj,5,8,0.41835492849349976,True,73.80186462402344
7.self_attn.v_proj,5,9,0.5321080088615417,True,85.38101196289062
7.self_attn.v_proj,6,7,0.19582511484622955,True,86.3604736328125
7.self_attn.v_proj,6,8,0.3148086965084076,True,71.35414123535156
7.self_attn.v_proj,6,9,0.4698528051376343,True,79.55472564697266
7.self_attn.v_proj,7,8,0.16638986766338348,True,39.067386627197266
7.self_attn.v_proj,7,9,0.36905792355537415,True,89.75090789794922
7.self_attn.v_proj,8,9,0.24411621689796448,True,80.19676208496094
7.self_attn.o_proj,0,1,0.1705990880727768,True,28.44023323059082
7.self_attn.o_proj,0,2,0.25482770800590515,True,58.727725982666016
7.self_attn.o_proj,0,3,0.3297271430492401,True,73.37897491455078
7.self_attn.o_proj,0,4,0.3794233500957489,True,78.36564636230469
7.self_attn.o_proj,0,5,0.4164513945579529,True,88.51142883300781
7.self_attn.o_proj,0,6,0.411078542470932,True,89.03123474121094
7.self_attn.o_proj,0,7,0.3977225124835968,True,89.9344711303711
7.self_attn.o_proj,0,8,0.35950857400894165,True,89.33563232421875
7.self_attn.o_proj,0,9,0.2735652029514313,True,89.16336822509766
7.self_attn.o_proj,1,2,0.10792741924524307,True,35.06047439575195
7.self_attn.o_proj,1,3,0.1987103521823883,True,54.973785400390625
7.self_attn.o_proj,1,4,0.2711690068244934,True,75.11074829101562
7.self_attn.o_proj,1,5,0.3386407196521759,True,88.9819564819336
7.self_attn.o_proj,1,6,0.3535367250442505,True,88.69942474365234
7.self_attn.o_proj,1,7,0.3679165840148926,True,88.83662414550781
7.self_attn.o_proj,1,8,0.34541431069374084,True,88.60487365722656
7.self_attn.o_proj,1,9,0.2782374918460846,True,89.45329284667969
7.self_attn.o_proj,2,3,0.10529212653636932,True,33.0955810546875
7.self_attn.o_proj,2,4,0.18691205978393555,True,72.98391723632812
7.self_attn.o_proj,2,5,0.27478474378585815,True,87.49319458007812
7.self_attn.o_proj,2,6,0.30989131331443787,True,87.71659851074219
7.self_attn.o_proj,2,7,0.34200891852378845,True,88.14564514160156
7.self_attn.o_proj,2,8,0.33330145478248596,True,88.40666198730469
7.self_attn.o_proj,2,9,0.280378520488739,True,89.44930267333984
7.self_attn.o_proj,3,4,0.09778184443712234,True,52.89079284667969
7.self_attn.o_proj,3,5,0.200459823012352,True,75.88517761230469
7.self_attn.o_proj,3,6,0.25393354892730713,True,81.60891723632812
7.self_attn.o_proj,3,7,0.3084651827812195,True,89.6539077758789
7.self_attn.o_proj,3,8,0.3167344033718109,True,86.84918975830078
7.self_attn.o_proj,3,9,0.28299978375434875,True,89.98145294189453
7.self_attn.o_proj,4,5,0.12159006297588348,True,62.09624099731445
7.self_attn.o_proj,4,6,0.19825173914432526,True,69.28327178955078
7.self_attn.o_proj,4,7,0.2681982219219208,True,81.14954376220703
7.self_attn.o_proj,4,8,0.2957574129104614,True,83.9525375366211
7.self_attn.o_proj,4,9,0.28308606147766113,True,89.1828842163086
7.self_attn.o_proj,5,6,0.11588945239782333,True,61.50389862060547
7.self_attn.o_proj,5,7,0.19823946058750153,True,75.26131439208984
7.self_attn.o_proj,5,8,0.2570497393608093,True,81.48729705810547
7.self_attn.o_proj,5,9,0.28066447377204895,True,89.29501342773438
7.self_attn.o_proj,6,7,0.12961764633655548,True,67.86795043945312
7.self_attn.o_proj,6,8,0.2074255645275116,True,72.63114166259766
7.self_attn.o_proj,6,9,0.2708025574684143,True,88.52693939208984
7.self_attn.o_proj,7,8,0.12304394692182541,True,48.147682189941406
7.self_attn.o_proj,7,9,0.2331192046403885,True,87.1913070678711
7.self_attn.o_proj,8,9,0.1563318967819214,True,84.7129898071289
7.mlp.gate_proj,0,1,0.24313665926456451,True,31.9903507232666
7.mlp.gate_proj,0,2,0.3335122764110565,True,48.3015022277832
7.mlp.gate_proj,0,3,0.4226163327693939,True,68.77572631835938
7.mlp.gate_proj,0,4,0.45741426944732666,True,79.32131958007812
7.mlp.gate_proj,0,5,0.4958954453468323,True,86.68991088867188
7.mlp.gate_proj,0,6,0.5045217275619507,True,89.24037170410156
7.mlp.gate_proj,0,7,0.4608958959579468,True,88.99752807617188
7.mlp.gate_proj,0,8,0.4403839111328125,True,89.98257446289062
7.mlp.gate_proj,0,9,0.391312837600708,True,89.70901489257812
7.mlp.gate_proj,1,2,0.1325417011976242,True,17.62082290649414
7.mlp.gate_proj,1,3,0.2639484703540802,True,56.80889892578125
7.mlp.gate_proj,1,4,0.3372943699359894,True,73.55894470214844
7.mlp.gate_proj,1,5,0.42203742265701294,True,82.5068130493164
7.mlp.gate_proj,1,6,0.4827691614627838,True,88.05928802490234
7.mlp.gate_proj,1,7,0.49272945523262024,True,88.23344421386719
7.mlp.gate_proj,1,8,0.4772862195968628,True,89.66218566894531
7.mlp.gate_proj,1,9,0.4206390976905823,True,89.43212890625
7.mlp.gate_proj,2,3,0.1559082567691803,True,42.3663215637207
7.mlp.gate_proj,2,4,0.24130307137966156,True,61.286808013916016
7.mlp.gate_proj,2,5,0.3503512144088745,True,73.94000244140625
7.mlp.gate_proj,2,6,0.44412660598754883,True,85.85165405273438
7.mlp.gate_proj,2,7,0.49109411239624023,True,88.78511047363281
7.mlp.gate_proj,2,8,0.4874654710292816,True,89.4093246459961
7.mlp.gate_proj,2,9,0.4375481903553009,True,89.34124755859375
7.mlp.gate_proj,3,4,0.12285272032022476,True,38.108619689941406
7.mlp.gate_proj,3,5,0.2407490462064743,True,58.0751838684082
7.mlp.gate_proj,3,6,0.36564603447914124,True,81.58213806152344
7.mlp.gate_proj,3,7,0.45676708221435547,True,89.82072448730469
7.mlp.gate_proj,3,8,0.47445738315582275,True,88.71662902832031
7.mlp.gate_proj,3,9,0.44222360849380493,True,89.7154541015625
7.mlp.gate_proj,4,5,0.15171505510807037,True,35.10636520385742
7.mlp.gate_proj,4,6,0.29924196004867554,True,78.16970825195312
7.mlp.gate_proj,4,7,0.42060765624046326,True,88.14134979248047
7.mlp.gate_proj,4,8,0.4534688889980316,True,88.83843231201172
7.mlp.gate_proj,4,9,0.44138166308403015,True,87.05794525146484
7.mlp.gate_proj,5,6,0.1819685846567154,True,58.06397247314453
7.mlp.gate_proj,5,7,0.33746686577796936,True,86.46515655517578
7.mlp.gate_proj,5,8,0.4019469916820526,True,89.19924926757812
7.mlp.gate_proj,5,9,0.42909112572669983,True,85.91214752197266
7.mlp.gate_proj,6,7,0.20242033898830414,True,83.07725524902344
7.mlp.gate_proj,6,8,0.3053275942802429,True,87.56629180908203
7.mlp.gate_proj,6,9,0.40040093660354614,True,83.01974487304688
7.mlp.gate_proj,7,8,0.1849246472120285,True,46.840213775634766
7.mlp.gate_proj,7,9,0.3588647246360779,True,87.70159912109375
7.mlp.gate_proj,8,9,0.24317434430122375,True,81.4348373413086
7.mlp.up_proj,0,1,0.24313665926456451,True,31.9903507232666
7.mlp.up_proj,0,2,0.3335122764110565,True,48.3015022277832
7.mlp.up_proj,0,3,0.4226163327693939,True,68.77572631835938
7.mlp.up_proj,0,4,0.45741426944732666,True,79.32131958007812
7.mlp.up_proj,0,5,0.4958954453468323,True,86.68991088867188
7.mlp.up_proj,0,6,0.5045217275619507,True,89.24037170410156
7.mlp.up_proj,0,7,0.4608958959579468,True,88.99752807617188
7.mlp.up_proj,0,8,0.4403839111328125,True,89.98257446289062
7.mlp.up_proj,0,9,0.391312837600708,True,89.70901489257812
7.mlp.up_proj,1,2,0.1325417011976242,True,17.62082290649414
7.mlp.up_proj,1,3,0.2639484703540802,True,56.80889892578125
7.mlp.up_proj,1,4,0.3372943699359894,True,73.55894470214844
7.mlp.up_proj,1,5,0.42203742265701294,True,82.5068130493164
7.mlp.up_proj,1,6,0.4827691614627838,True,88.05928802490234
7.mlp.up_proj,1,7,0.49272945523262024,True,88.23344421386719
7.mlp.up_proj,1,8,0.4772862195968628,True,89.66218566894531
7.mlp.up_proj,1,9,0.4206390976905823,True,89.43212890625
7.mlp.up_proj,2,3,0.1559082567691803,True,42.3663215637207
7.mlp.up_proj,2,4,0.24130307137966156,True,61.286808013916016
7.mlp.up_proj,2,5,0.3503512144088745,True,73.94000244140625
7.mlp.up_proj,2,6,0.44412660598754883,True,85.85165405273438
7.mlp.up_proj,2,7,0.49109411239624023,True,88.78511047363281
7.mlp.up_proj,2,8,0.4874654710292816,True,89.4093246459961
7.mlp.up_proj,2,9,0.4375481903553009,True,89.34124755859375
7.mlp.up_proj,3,4,0.12285272032022476,True,38.108619689941406
7.mlp.up_proj,3,5,0.2407490462064743,True,58.0751838684082
7.mlp.up_proj,3,6,0.36564603447914124,True,81.58213806152344
7.mlp.up_proj,3,7,0.45676708221435547,True,89.82072448730469
7.mlp.up_proj,3,8,0.47445738315582275,True,88.71662902832031
7.mlp.up_proj,3,9,0.44222360849380493,True,89.7154541015625
7.mlp.up_proj,4,5,0.15171505510807037,True,35.10636520385742
7.mlp.up_proj,4,6,0.29924196004867554,True,78.16970825195312
7.mlp.up_proj,4,7,0.42060765624046326,True,88.14134979248047
7.mlp.up_proj,4,8,0.4534688889980316,True,88.83843231201172
7.mlp.up_proj,4,9,0.44138166308403015,True,87.05794525146484
7.mlp.up_proj,5,6,0.1819685846567154,True,58.06397247314453
7.mlp.up_proj,5,7,0.33746686577796936,True,86.46515655517578
7.mlp.up_proj,5,8,0.4019469916820526,True,89.19924926757812
7.mlp.up_proj,5,9,0.42909112572669983,True,85.91214752197266
7.mlp.up_proj,6,7,0.20242033898830414,True,83.07725524902344
7.mlp.up_proj,6,8,0.3053275942802429,True,87.56629180908203
7.mlp.up_proj,6,9,0.40040093660354614,True,83.01974487304688
7.mlp.up_proj,7,8,0.1849246472120285,True,46.840213775634766
7.mlp.up_proj,7,9,0.3588647246360779,True,87.70159912109375
7.mlp.up_proj,8,9,0.24317434430122375,True,81.4348373413086
7.mlp.down_proj,0,1,0.21526658535003662,True,36.72372817993164
7.mlp.down_proj,0,2,0.29211944341659546,True,50.322261810302734
7.mlp.down_proj,0,3,0.35060593485832214,True,65.70125579833984
7.mlp.down_proj,0,4,0.37373191118240356,True,76.74931335449219
7.mlp.down_proj,0,5,0.38837575912475586,True,86.31666564941406
7.mlp.down_proj,0,6,0.39240196347236633,True,87.82547760009766
7.mlp.down_proj,0,7,0.38556769490242004,True,89.9413833618164
7.mlp.down_proj,0,8,0.38102543354034424,True,89.58810424804688
7.mlp.down_proj,0,9,0.33592984080314636,True,89.45767974853516
7.mlp.down_proj,1,2,0.12370274215936661,True,18.790504455566406
7.mlp.down_proj,1,3,0.24010832607746124,True,56.29013442993164
7.mlp.down_proj,1,4,0.31119558215141296,True,66.84745025634766
7.mlp.down_proj,1,5,0.38012540340423584,True,81.3727798461914
7.mlp.down_proj,1,6,0.4137742817401886,True,88.69170379638672
7.mlp.down_proj,1,7,0.4322444796562195,True,88.56565856933594
7.mlp.down_proj,1,8,0.42996618151664734,True,89.36953735351562
7.mlp.down_proj,1,9,0.39643779397010803,True,89.71299743652344
7.mlp.down_proj,2,3,0.13694971799850464,True,41.255226135253906
7.mlp.down_proj,2,4,0.2292822003364563,True,54.33644485473633
7.mlp.down_proj,2,5,0.3262329399585724,True,78.3550796508789
7.mlp.down_proj,2,6,0.37984445691108704,True,89.80859375
7.mlp.down_proj,2,7,0.41534224152565,True,88.10028076171875
7.mlp.down_proj,2,8,0.42380502820014954,True,89.84432220458984
7.mlp.down_proj,2,9,0.41351261734962463,True,89.37895202636719
7.mlp.down_proj,3,4,0.11836639791727066,True,38.779869079589844
7.mlp.down_proj,3,5,0.23399879038333893,True,74.38551330566406
7.mlp.down_proj,3,6,0.3069864809513092,True,89.23503112792969
7.mlp.down_proj,3,7,0.36060506105422974,True,89.05667877197266
7.mlp.down_proj,3,8,0.3889150619506836,True,89.8622055053711
7.mlp.down_proj,3,9,0.418418288230896,True,89.06746673583984
7.mlp.down_proj,4,5,0.13465027511119843,True,59.51108169555664
7.mlp.down_proj,4,6,0.2177697718143463,True,88.66934967041016
7.mlp.down_proj,4,7,0.2899743616580963,True,89.91603088378906
7.mlp.down_proj,4,8,0.3411225974559784,True,89.77470397949219
7.mlp.down_proj,4,9,0.41109561920166016,True,89.57730102539062
7.mlp.down_proj,5,6,0.10205205529928207,True,85.23118591308594
7.mlp.down_proj,5,7,0.1875348538160324,True,89.20521545410156
7.mlp.down_proj,5,8,0.28110185265541077,True,89.67228698730469
7.mlp.down_proj,5,9,0.40019962191581726,True,89.60693359375
7.mlp.down_proj,6,7,0.1106003001332283,True,85.88714599609375
7.mlp.down_proj,6,8,0.2263106107711792,True,88.6936264038086
7.mlp.down_proj,6,9,0.38351011276245117,True,89.92910766601562
7.mlp.down_proj,7,8,0.15772561728954315,True,86.17752075195312
7.mlp.down_proj,7,9,0.354844331741333,True,89.29753112792969
7.mlp.down_proj,8,9,0.2622283101081848,True,88.32063293457031
8.self_attn.q_proj,0,1,0.15987874567508698,True,16.57114028930664
8.self_attn.q_proj,0,2,0.21140652894973755,True,70.54378509521484
8.self_attn.q_proj,0,3,0.27342715859413147,True,81.11266326904297
8.self_attn.q_proj,0,4,0.3236083984375,True,81.81400299072266
8.self_attn.q_proj,0,5,0.3747335374355316,True,85.6303939819336
8.self_attn.q_proj,0,6,0.4172700047492981,True,88.68437957763672
8.self_attn.q_proj,0,7,0.4484357237815857,True,89.80599212646484
8.self_attn.q_proj,0,8,0.4781443178653717,True,89.20403289794922
8.self_attn.q_proj,0,9,0.4706912338733673,True,89.68563079833984
8.self_attn.q_proj,1,2,0.06858755648136139,True,66.24053955078125
8.self_attn.q_proj,1,3,0.138137087225914,True,78.11882019042969
8.self_attn.q_proj,1,4,0.1993253082036972,True,80.14521026611328
8.self_attn.q_proj,1,5,0.26186642050743103,True,85.05398559570312
8.self_attn.q_proj,1,6,0.32037603855133057,True,89.4771957397461
8.self_attn.q_proj,1,7,0.3681766986846924,True,89.72952270507812
8.self_attn.q_proj,1,8,0.4158822298049927,True,89.16102600097656
8.self_attn.q_proj,1,9,0.43045878410339355,True,89.76202392578125
8.self_attn.q_proj,2,3,0.07976660132408142,True,46.41542434692383
8.self_attn.q_proj,2,4,0.14002813398838043,True,72.01606750488281
8.self_attn.q_proj,2,5,0.20728425681591034,True,83.54330444335938
8.self_attn.q_proj,2,6,0.2741934359073639,True,87.2094955444336
8.self_attn.q_proj,2,7,0.33089253306388855,True,87.0410385131836
8.self_attn.q_proj,2,8,0.38922762870788574,True,86.9887924194336
8.self_attn.q_proj,2,9,0.416860967874527,True,89.31134796142578
8.self_attn.q_proj,3,4,0.07338782399892807,True,57.689064025878906
8.self_attn.q_proj,3,5,0.14406818151474,True,78.81907653808594
8.self_attn.q_proj,3,6,0.2206474095582962,True,81.30860900878906
8.self_attn.q_proj,3,7,0.29104751348495483,True,86.35101318359375
8.self_attn.q_proj,3,8,0.3660520613193512,True,87.2498779296875
8.self_attn.q_proj,3,9,0.4148479402065277,True,89.7605972290039
8.self_attn.q_proj,4,5,0.0835133045911789,True,47.77603530883789
8.self_attn.q_proj,4,6,0.16988977789878845,True,74.44310760498047
8.self_attn.q_proj,4,7,0.25238314270973206,True,89.33555603027344
8.self_attn.q_proj,4,8,0.3432874381542206,True,88.10213470458984
8.self_attn.q_proj,4,9,0.41424664855003357,True,89.07908630371094
8.self_attn.q_proj,5,6,0.10099183022975922,True,49.91133499145508
8.self_attn.q_proj,5,7,0.1933426409959793,True,82.19315338134766
8.self_attn.q_proj,5,8,0.3031062185764313,True,85.11094665527344
8.self_attn.q_proj,5,9,0.4024127125740051,True,89.79582214355469
8.self_attn.q_proj,6,7,0.11009383946657181,True,50.614219665527344
8.self_attn.q_proj,6,8,0.2359417974948883,True,79.01453399658203
8.self_attn.q_proj,6,9,0.3696845471858978,True,88.11337280273438
8.self_attn.q_proj,7,8,0.15152840316295624,True,51.14508056640625
8.self_attn.q_proj,7,9,0.32158178091049194,True,89.32553100585938
8.self_attn.q_proj,8,9,0.21241290867328644,True,85.69055938720703
8.self_attn.k_proj,0,1,0.15987874567508698,True,16.57114028930664
8.self_attn.k_proj,0,2,0.21140652894973755,True,70.54378509521484
8.self_attn.k_proj,0,3,0.27342715859413147,True,81.11266326904297
8.self_attn.k_proj,0,4,0.3236083984375,True,81.81400299072266
8.self_attn.k_proj,0,5,0.3747335374355316,True,85.6303939819336
8.self_attn.k_proj,0,6,0.4172700047492981,True,88.68437957763672
8.self_attn.k_proj,0,7,0.4484357237815857,True,89.80599212646484
8.self_attn.k_proj,0,8,0.4781443178653717,True,89.20403289794922
8.self_attn.k_proj,0,9,0.4706912338733673,True,89.68563079833984
8.self_attn.k_proj,1,2,0.06858755648136139,True,66.24053955078125
8.self_attn.k_proj,1,3,0.138137087225914,True,78.11882019042969
8.self_attn.k_proj,1,4,0.1993253082036972,True,80.14521026611328
8.self_attn.k_proj,1,5,0.26186642050743103,True,85.05398559570312
8.self_attn.k_proj,1,6,0.32037603855133057,True,89.4771957397461
8.self_attn.k_proj,1,7,0.3681766986846924,True,89.72952270507812
8.self_attn.k_proj,1,8,0.4158822298049927,True,89.16102600097656
8.self_attn.k_proj,1,9,0.43045878410339355,True,89.76202392578125
8.self_attn.k_proj,2,3,0.07976660132408142,True,46.41542434692383
8.self_attn.k_proj,2,4,0.14002813398838043,True,72.01606750488281
8.self_attn.k_proj,2,5,0.20728425681591034,True,83.54330444335938
8.self_attn.k_proj,2,6,0.2741934359073639,True,87.2094955444336
8.self_attn.k_proj,2,7,0.33089253306388855,True,87.0410385131836
8.self_attn.k_proj,2,8,0.38922762870788574,True,86.9887924194336
8.self_attn.k_proj,2,9,0.416860967874527,True,89.31134796142578
8.self_attn.k_proj,3,4,0.07338782399892807,True,57.689064025878906
8.self_attn.k_proj,3,5,0.14406818151474,True,78.81907653808594
8.self_attn.k_proj,3,6,0.2206474095582962,True,81.30860900878906
8.self_attn.k_proj,3,7,0.29104751348495483,True,86.35101318359375
8.self_attn.k_proj,3,8,0.3660520613193512,True,87.2498779296875
8.self_attn.k_proj,3,9,0.4148479402065277,True,89.7605972290039
8.self_attn.k_proj,4,5,0.0835133045911789,True,47.77603530883789
8.self_attn.k_proj,4,6,0.16988977789878845,True,74.44310760498047
8.self_attn.k_proj,4,7,0.25238314270973206,True,89.33555603027344
8.self_attn.k_proj,4,8,0.3432874381542206,True,88.10213470458984
8.self_attn.k_proj,4,9,0.41424664855003357,True,89.07908630371094
8.self_attn.k_proj,5,6,0.10099183022975922,True,49.91133499145508
8.self_attn.k_proj,5,7,0.1933426409959793,True,82.19315338134766
8.self_attn.k_proj,5,8,0.3031062185764313,True,85.11094665527344
8.self_attn.k_proj,5,9,0.4024127125740051,True,89.79582214355469
8.self_attn.k_proj,6,7,0.11009383946657181,True,50.614219665527344
8.self_attn.k_proj,6,8,0.2359417974948883,True,79.01453399658203
8.self_attn.k_proj,6,9,0.3696845471858978,True,88.11337280273438
8.self_attn.k_proj,7,8,0.15152840316295624,True,51.14508056640625
8.self_attn.k_proj,7,9,0.32158178091049194,True,89.32553100585938
8.self_attn.k_proj,8,9,0.21241290867328644,True,85.69055938720703
8.self_attn.v_proj,0,1,0.15987874567508698,True,16.57114028930664
8.self_attn.v_proj,0,2,0.21140652894973755,True,70.54378509521484
8.self_attn.v_proj,0,3,0.27342715859413147,True,81.11266326904297
8.self_attn.v_proj,0,4,0.3236083984375,True,81.81400299072266
8.self_attn.v_proj,0,5,0.3747335374355316,True,85.6303939819336
8.self_attn.v_proj,0,6,0.4172700047492981,True,88.68437957763672
8.self_attn.v_proj,0,7,0.4484357237815857,True,89.80599212646484
8.self_attn.v_proj,0,8,0.4781443178653717,True,89.20403289794922
8.self_attn.v_proj,0,9,0.4706912338733673,True,89.68563079833984
8.self_attn.v_proj,1,2,0.06858755648136139,True,66.24053955078125
8.self_attn.v_proj,1,3,0.138137087225914,True,78.11882019042969
8.self_attn.v_proj,1,4,0.1993253082036972,True,80.14521026611328
8.self_attn.v_proj,1,5,0.26186642050743103,True,85.05398559570312
8.self_attn.v_proj,1,6,0.32037603855133057,True,89.4771957397461
8.self_attn.v_proj,1,7,0.3681766986846924,True,89.72952270507812
8.self_attn.v_proj,1,8,0.4158822298049927,True,89.16102600097656
8.self_attn.v_proj,1,9,0.43045878410339355,True,89.76202392578125
8.self_attn.v_proj,2,3,0.07976660132408142,True,46.41542434692383
8.self_attn.v_proj,2,4,0.14002813398838043,True,72.01606750488281
8.self_attn.v_proj,2,5,0.20728425681591034,True,83.54330444335938
8.self_attn.v_proj,2,6,0.2741934359073639,True,87.2094955444336
8.self_attn.v_proj,2,7,0.33089253306388855,True,87.0410385131836
8.self_attn.v_proj,2,8,0.38922762870788574,True,86.9887924194336
8.self_attn.v_proj,2,9,0.416860967874527,True,89.31134796142578
8.self_attn.v_proj,3,4,0.07338782399892807,True,57.689064025878906
8.self_attn.v_proj,3,5,0.14406818151474,True,78.81907653808594
8.self_attn.v_proj,3,6,0.2206474095582962,True,81.30860900878906
8.self_attn.v_proj,3,7,0.29104751348495483,True,86.35101318359375
8.self_attn.v_proj,3,8,0.3660520613193512,True,87.2498779296875
8.self_attn.v_proj,3,9,0.4148479402065277,True,89.7605972290039
8.self_attn.v_proj,4,5,0.0835133045911789,True,47.77603530883789
8.self_attn.v_proj,4,6,0.16988977789878845,True,74.44310760498047
8.self_attn.v_proj,4,7,0.25238314270973206,True,89.33555603027344
8.self_attn.v_proj,4,8,0.3432874381542206,True,88.10213470458984
8.self_attn.v_proj,4,9,0.41424664855003357,True,89.07908630371094
8.self_attn.v_proj,5,6,0.10099183022975922,True,49.91133499145508
8.self_attn.v_proj,5,7,0.1933426409959793,True,82.19315338134766
8.self_attn.v_proj,5,8,0.3031062185764313,True,85.11094665527344
8.self_attn.v_proj,5,9,0.4024127125740051,True,89.79582214355469
8.self_attn.v_proj,6,7,0.11009383946657181,True,50.614219665527344
8.self_attn.v_proj,6,8,0.2359417974948883,True,79.01453399658203
8.self_attn.v_proj,6,9,0.3696845471858978,True,88.11337280273438
8.self_attn.v_proj,7,8,0.15152840316295624,True,51.14508056640625
8.self_attn.v_proj,7,9,0.32158178091049194,True,89.32553100585938
8.self_attn.v_proj,8,9,0.21241290867328644,True,85.69055938720703
8.self_attn.o_proj,0,1,0.026484297588467598,True,11.472893714904785
8.self_attn.o_proj,0,2,0.05568847432732582,True,27.13619613647461
8.self_attn.o_proj,0,3,0.08092767745256424,True,38.64765548706055
8.self_attn.o_proj,0,4,0.12519732117652893,True,62.710853576660156
8.self_attn.o_proj,0,5,0.16939979791641235,True,88.13688659667969
8.self_attn.o_proj,0,6,0.21554982662200928,True,89.52763366699219
8.self_attn.o_proj,0,7,0.24904580414295197,True,89.12740325927734
8.self_attn.o_proj,0,8,0.290059894323349,True,89.3413314819336
8.self_attn.o_proj,0,9,0.317497581243515,True,89.64134979248047
8.self_attn.o_proj,1,2,0.035245683044195175,True,19.809614181518555
8.self_attn.o_proj,1,3,0.060413479804992676,True,32.68571472167969
8.self_attn.o_proj,1,4,0.10759368538856506,True,58.82697677612305
8.self_attn.o_proj,1,5,0.15390673279762268,True,88.04766082763672
8.self_attn.o_proj,1,6,0.2028547078371048,True,89.66968536376953
8.self_attn.o_proj,1,7,0.23878897726535797,True,88.821533203125
8.self_attn.o_proj,1,8,0.2829010784626007,True,89.29703521728516
8.self_attn.o_proj,1,9,0.3132980167865753,True,89.52123260498047
8.self_attn.o_proj,2,3,0.030631227418780327,True,15.812837600708008
8.self_attn.o_proj,2,4,0.07786646485328674,True,46.19363784790039
8.self_attn.o_proj,2,5,0.1272030770778656,True,89.38983154296875
8.self_attn.o_proj,2,6,0.17956066131591797,True,89.6845932006836
8.self_attn.o_proj,2,7,0.21824605762958527,True,88.7121810913086
8.self_attn.o_proj,2,8,0.2678872346878052,True,89.14649200439453
8.self_attn.o_proj,2,9,0.3036767244338989,True,89.66964721679688
8.self_attn.o_proj,3,4,0.05066428333520889,True,32.97862243652344
8.self_attn.o_proj,3,5,0.10177185386419296,True,89.89611053466797
8.self_attn.o_proj,3,6,0.15764538943767548,True,89.43460083007812
8.self_attn.o_proj,3,7,0.20061267912387848,True,89.52799224853516
8.self_attn.o_proj,3,8,0.2544829249382019,True,88.81583404541016
8.self_attn.o_proj,3,9,0.295518696308136,True,89.44121551513672
8.self_attn.o_proj,4,5,0.05390545353293419,True,83.41509246826172
8.self_attn.o_proj,4,6,0.11382445693016052,True,86.05020141601562
8.self_attn.o_proj,4,7,0.16227510571479797,True,87.02000427246094
8.self_attn.o_proj,4,8,0.22431370615959167,True,88.95539855957031
8.self_attn.o_proj,4,9,0.2757282257080078,True,88.33865356445312
8.self_attn.o_proj,5,6,0.06405505537986755,True,86.085693359375
8.self_attn.o_proj,5,7,0.11848659813404083,True,87.01905822753906
8.self_attn.o_proj,5,8,0.18783889710903168,True,83.19805908203125
8.self_attn.o_proj,5,9,0.2512226700782776,True,88.5078353881836
8.self_attn.o_proj,6,7,0.06253285706043243,True,26.92007064819336
8.self_attn.o_proj,6,8,0.13744448125362396,True,80.3697280883789
8.self_attn.o_proj,6,9,0.21567276120185852,True,80.850341796875
8.self_attn.o_proj,7,8,0.086296446621418,True,78.26040649414062
8.self_attn.o_proj,7,9,0.17655257880687714,True,78.70587158203125
8.self_attn.o_proj,8,9,0.10769098997116089,True,59.630184173583984
8.mlp.gate_proj,0,1,0.17070424556732178,True,33.043670654296875
8.mlp.gate_proj,0,2,0.21739773452281952,True,60.13877868652344
8.mlp.gate_proj,0,3,0.2676517367362976,True,73.9177017211914
8.mlp.gate_proj,0,4,0.30262550711631775,True,79.6137924194336
8.mlp.gate_proj,0,5,0.3484620153903961,True,87.33968353271484
8.mlp.gate_proj,0,6,0.3808564841747284,True,87.8093032836914
8.mlp.gate_proj,0,7,0.39338740706443787,True,88.33697509765625
8.mlp.gate_proj,0,8,0.3804081380367279,True,89.2389907836914
8.mlp.gate_proj,0,9,0.33492836356163025,True,89.14186096191406
8.mlp.gate_proj,1,2,0.08351466059684753,True,32.64729309082031
8.mlp.gate_proj,1,3,0.1523517370223999,True,52.985599517822266
8.mlp.gate_proj,1,4,0.21480846405029297,True,71.46302795410156
8.mlp.gate_proj,1,5,0.2837218940258026,True,83.94336700439453
8.mlp.gate_proj,1,6,0.34467580914497375,True,86.84088134765625
8.mlp.gate_proj,1,7,0.39137107133865356,True,87.38638305664062
8.mlp.gate_proj,1,8,0.3894166648387909,True,87.9868392944336
8.mlp.gate_proj,1,9,0.3611495792865753,True,89.88994598388672
8.mlp.gate_proj,2,3,0.08495020121335983,True,33.00470733642578
8.mlp.gate_proj,2,4,0.15271562337875366,True,64.39790344238281
8.mlp.gate_proj,2,5,0.23237714171409607,True,80.1339111328125
8.mlp.gate_proj,2,6,0.3082350194454193,True,89.67455291748047
8.mlp.gate_proj,2,7,0.37575116753578186,True,86.20008087158203
8.mlp.gate_proj,2,8,0.38516971468925476,True,88.20040130615234
8.mlp.gate_proj,2,9,0.3725815415382385,True,89.59735870361328
8.mlp.gate_proj,3,4,0.0923071801662445,True,40.008018493652344
8.mlp.gate_proj,3,5,0.17609520256519318,True,70.05343627929688
8.mlp.gate_proj,3,6,0.26413053274154663,True,88.57056427001953
8.mlp.gate_proj,3,7,0.35122132301330566,True,84.89332580566406
8.mlp.gate_proj,3,8,0.3738637864589691,True,89.60749053955078
8.mlp.gate_proj,3,9,0.37811359763145447,True,88.64986419677734
8.mlp.gate_proj,4,5,0.10707966983318329,True,54.36355972290039
8.mlp.gate_proj,4,6,0.20526891946792603,True,89.89250183105469
8.mlp.gate_proj,4,7,0.31389403343200684,True,81.20177459716797
8.mlp.gate_proj,4,8,0.351105272769928,True,89.28862762451172
8.mlp.gate_proj,4,9,0.3800515830516815,True,89.22925567626953
8.mlp.gate_proj,5,6,0.12696576118469238,True,80.98297119140625
8.mlp.gate_proj,5,7,0.2548592686653137,True,69.88291931152344
8.mlp.gate_proj,5,8,0.31511566042900085,True,89.52655792236328
8.mlp.gate_proj,5,9,0.3789186477661133,True,88.82583618164062
8.mlp.gate_proj,6,7,0.1721220761537552,True,69.50456237792969
8.mlp.gate_proj,6,8,0.2514137327671051,True,89.05081176757812
8.mlp.gate_proj,6,9,0.36533328890800476,True,89.8357162475586
8.mlp.gate_proj,7,8,0.15710137784481049,True,81.27983093261719
8.mlp.gate_proj,7,9,0.32903504371643066,True,87.87117767333984
8.mlp.gate_proj,8,9,0.23567645251750946,True,57.40741729736328
8.mlp.up_proj,0,1,0.17070424556732178,True,33.043670654296875
8.mlp.up_proj,0,2,0.21739773452281952,True,60.13877868652344
8.mlp.up_proj,0,3,0.2676517367362976,True,73.9177017211914
8.mlp.up_proj,0,4,0.30262550711631775,True,79.6137924194336
8.mlp.up_proj,0,5,0.3484620153903961,True,87.33968353271484
8.mlp.up_proj,0,6,0.3808564841747284,True,87.8093032836914
8.mlp.up_proj,0,7,0.39338740706443787,True,88.33697509765625
8.mlp.up_proj,0,8,0.3804081380367279,True,89.2389907836914
8.mlp.up_proj,0,9,0.33492836356163025,True,89.14186096191406
8.mlp.up_proj,1,2,0.08351466059684753,True,32.64729309082031
8.mlp.up_proj,1,3,0.1523517370223999,True,52.985599517822266
8.mlp.up_proj,1,4,0.21480846405029297,True,71.46302795410156
8.mlp.up_proj,1,5,0.2837218940258026,True,83.94336700439453
8.mlp.up_proj,1,6,0.34467580914497375,True,86.84088134765625
8.mlp.up_proj,1,7,0.39137107133865356,True,87.38638305664062
8.mlp.up_proj,1,8,0.3894166648387909,True,87.9868392944336
8.mlp.up_proj,1,9,0.3611495792865753,True,89.88994598388672
8.mlp.up_proj,2,3,0.08495020121335983,True,33.00470733642578
8.mlp.up_proj,2,4,0.15271562337875366,True,64.39790344238281
8.mlp.up_proj,2,5,0.23237714171409607,True,80.1339111328125
8.mlp.up_proj,2,6,0.3082350194454193,True,89.67455291748047
8.mlp.up_proj,2,7,0.37575116753578186,True,86.20008087158203
8.mlp.up_proj,2,8,0.38516971468925476,True,88.20040130615234
8.mlp.up_proj,2,9,0.3725815415382385,True,89.59735870361328
8.mlp.up_proj,3,4,0.0923071801662445,True,40.008018493652344
8.mlp.up_proj,3,5,0.17609520256519318,True,70.05343627929688
8.mlp.up_proj,3,6,0.26413053274154663,True,88.57056427001953
8.mlp.up_proj,3,7,0.35122132301330566,True,84.89332580566406
8.mlp.up_proj,3,8,0.3738637864589691,True,89.60749053955078
8.mlp.up_proj,3,9,0.37811359763145447,True,88.64986419677734
8.mlp.up_proj,4,5,0.10707966983318329,True,54.36355972290039
8.mlp.up_proj,4,6,0.20526891946792603,True,89.89250183105469
8.mlp.up_proj,4,7,0.31389403343200684,True,81.20177459716797
8.mlp.up_proj,4,8,0.351105272769928,True,89.28862762451172
8.mlp.up_proj,4,9,0.3800515830516815,True,89.22925567626953
8.mlp.up_proj,5,6,0.12696576118469238,True,80.98297119140625
8.mlp.up_proj,5,7,0.2548592686653137,True,69.88291931152344
8.mlp.up_proj,5,8,0.31511566042900085,True,89.52655792236328
8.mlp.up_proj,5,9,0.3789186477661133,True,88.82583618164062
8.mlp.up_proj,6,7,0.1721220761537552,True,69.50456237792969
8.mlp.up_proj,6,8,0.2514137327671051,True,89.05081176757812
8.mlp.up_proj,6,9,0.36533328890800476,True,89.8357162475586
8.mlp.up_proj,7,8,0.15710137784481049,True,81.27983093261719
8.mlp.up_proj,7,9,0.32903504371643066,True,87.87117767333984
8.mlp.up_proj,8,9,0.23567645251750946,True,57.40741729736328
8.mlp.down_proj,0,1,0.10893403738737106,True,30.233312606811523
8.mlp.down_proj,0,2,0.14750927686691284,True,36.687538146972656
8.mlp.down_proj,0,3,0.18967178463935852,True,45.00206756591797
8.mlp.down_proj,0,4,0.23151545226573944,True,60.315956115722656
8.mlp.down_proj,0,5,0.28344660997390747,True,79.32007598876953
8.mlp.down_proj,0,6,0.3275792896747589,True,81.46412658691406
8.mlp.down_proj,0,7,0.3524872362613678,True,88.17217254638672
8.mlp.down_proj,0,8,0.3503708839416504,True,89.7303695678711
8.mlp.down_proj,0,9,0.3288942277431488,True,89.70602416992188
8.mlp.down_proj,1,2,0.06711765378713608,True,12.3148775100708
8.mlp.down_proj,1,3,0.11851637065410614,True,26.024595260620117
8.mlp.down_proj,1,4,0.18131859600543976,True,55.80824279785156
8.mlp.down_proj,1,5,0.24759642779827118,True,79.72648620605469
8.mlp.down_proj,1,6,0.3068458139896393,True,81.4659194946289
8.mlp.down_proj,1,7,0.34402579069137573,True,87.27159881591797
8.mlp.down_proj,1,8,0.35007503628730774,True,89.80326843261719
8.mlp.down_proj,1,9,0.33086907863616943,True,89.76580047607422
8.mlp.down_proj,2,3,0.062446821480989456,True,15.921010971069336
8.mlp.down_proj,2,4,0.12993229925632477,True,51.409263610839844
8.mlp.down_proj,2,5,0.2075623720884323,True,78.242919921875
8.mlp.down_proj,2,6,0.280140221118927,True,80.09793090820312
8.mlp.down_proj,2,7,0.33279716968536377,True,86.9783706665039
8.mlp.down_proj,2,8,0.35295766592025757,True,89.7705078125
8.mlp.down_proj,2,9,0.34280407428741455,True,89.91483306884766
8.mlp.down_proj,3,4,0.08359526842832565,True,43.12256622314453
8.mlp.down_proj,3,5,0.16675548255443573,True,74.6097412109375
8.mlp.down_proj,3,6,0.250583291053772,True,77.1204833984375
8.mlp.down_proj,3,7,0.31688016653060913,True,86.43810272216797
8.mlp.down_proj,3,8,0.35029101371765137,True,89.5562973022461
8.mlp.down_proj,3,9,0.34908437728881836,True,89.41043090820312
8.mlp.down_proj,4,5,0.0987357571721077,True,49.651248931884766
8.mlp.down_proj,4,6,0.19614911079406738,True,74.4217300415039
8.mlp.down_proj,4,7,0.2846151888370514,True,87.15145874023438
8.mlp.down_proj,4,8,0.34260737895965576,True,89.31637573242188
8.mlp.down_proj,4,9,0.3617103695869446,True,89.19892883300781
8.mlp.down_proj,5,6,0.11771932244300842,True,75.29496002197266
8.mlp.down_proj,5,7,0.22631406784057617,True,89.2568130493164
8.mlp.down_proj,5,8,0.3130287528038025,True,89.26038360595703
8.mlp.down_proj,5,9,0.357950896024704,True,88.99579620361328
8.mlp.down_proj,6,7,0.13627497851848602,True,83.02180480957031
8.mlp.down_proj,6,8,0.2585572302341461,True,87.07465362548828
8.mlp.down_proj,6,9,0.34485024213790894,True,87.96297454833984
8.mlp.down_proj,7,8,0.1547728031873703,True,86.821044921875
8.mlp.down_proj,7,9,0.2814553380012512,True,88.17945861816406
8.mlp.down_proj,8,9,0.16272933781147003,True,83.52569580078125
9.self_attn.q_proj,0,1,0.25613999366760254,True,49.17049789428711
9.self_attn.q_proj,0,2,0.32833924889564514,True,59.849552154541016
9.self_attn.q_proj,0,3,0.40961799025535583,True,71.37123107910156
9.self_attn.q_proj,0,4,0.43530726432800293,True,73.84059143066406
9.self_attn.q_proj,0,5,0.4782020151615143,True,78.43001556396484
9.self_attn.q_proj,0,6,0.5141240358352661,True,87.18135833740234
9.self_attn.q_proj,0,7,0.5254952311515808,True,86.13292694091797
9.self_attn.q_proj,0,8,0.5267614126205444,True,88.1571273803711
9.self_attn.q_proj,0,9,0.49997544288635254,True,88.31610870361328
9.self_attn.q_proj,1,2,0.11190956085920334,True,15.817100524902344
9.self_attn.q_proj,1,3,0.2268996685743332,True,31.266494750976562
9.self_attn.q_proj,1,4,0.2824043333530426,True,47.701656341552734
9.self_attn.q_proj,1,5,0.3592402935028076,True,72.16778564453125
9.self_attn.q_proj,1,6,0.43557411432266235,True,87.68746185302734
9.self_attn.q_proj,1,7,0.4787125587463379,True,86.74765014648438
9.self_attn.q_proj,1,8,0.5031535029411316,True,86.80033874511719
9.self_attn.q_proj,1,9,0.511229932308197,True,88.99117279052734
9.self_attn.q_proj,2,3,0.13946402072906494,True,17.817949295043945
9.self_attn.q_proj,2,4,0.19117054343223572,True,38.80391311645508
9.self_attn.q_proj,2,5,0.2798400819301605,True,72.10525512695312
9.self_attn.q_proj,2,6,0.3738310933113098,True,88.93663024902344
9.self_attn.q_proj,2,7,0.4327252507209778,True,88.20114135742188
9.self_attn.q_proj,2,8,0.4718153178691864,True,87.55876159667969
9.self_attn.q_proj,2,9,0.5012917518615723,True,88.45581817626953
9.self_attn.q_proj,3,4,0.11836959421634674,True,23.68317222595215
9.self_attn.q_proj,3,5,0.20240919291973114,True,69.34874725341797
9.self_attn.q_proj,3,6,0.29936933517456055,True,89.2594223022461
9.self_attn.q_proj,3,7,0.3778516352176666,True,88.72417449951172
9.self_attn.q_proj,3,8,0.4335630536079407,True,88.02725219726562
9.self_attn.q_proj,3,9,0.48661813139915466,True,88.02379608154297
9.self_attn.q_proj,4,5,0.11513178795576096,True,62.12199783325195
9.self_attn.q_proj,4,6,0.23349341750144958,True,86.58036041259766
9.self_attn.q_proj,4,7,0.3226991891860962,True,86.23784637451172
9.self_attn.q_proj,4,8,0.3970983922481537,True,86.26661682128906
9.self_attn.q_proj,4,9,0.47812893986701965,True,87.76350402832031
9.self_attn.q_proj,5,6,0.14538376033306122,True,41.92681884765625
9.self_attn.q_proj,5,7,0.2449626475572586,True,69.62527465820312
9.self_attn.q_proj,5,8,0.34388065338134766,True,79.9055404663086
9.self_attn.q_proj,5,9,0.4601809084415436,True,89.84245300292969
9.self_attn.q_proj,6,7,0.13105244934558868,True,62.20553970336914
9.self_attn.q_proj,6,8,0.2540297508239746,True,76.81736755371094
9.self_attn.q_proj,6,9,0.41713908314704895,True,89.73497009277344
9.self_attn.q_proj,7,8,0.16045978665351868,True,52.56575393676758
9.self_attn.q_proj,7,9,0.3696610927581787,True,86.95059204101562
9.self_attn.q_proj,8,9,0.25915229320526123,True,87.56526947021484
9.self_attn.k_proj,0,1,0.25613999366760254,True,49.17049789428711
9.self_attn.k_proj,0,2,0.32833924889564514,True,59.849552154541016
9.self_attn.k_proj,0,3,0.40961799025535583,True,71.37123107910156
9.self_attn.k_proj,0,4,0.43530726432800293,True,73.84059143066406
9.self_attn.k_proj,0,5,0.4782020151615143,True,78.43001556396484
9.self_attn.k_proj,0,6,0.5141240358352661,True,87.18135833740234
9.self_attn.k_proj,0,7,0.5254952311515808,True,86.13292694091797
9.self_attn.k_proj,0,8,0.5267614126205444,True,88.1571273803711
9.self_attn.k_proj,0,9,0.49997544288635254,True,88.31610870361328
9.self_attn.k_proj,1,2,0.11190956085920334,True,15.817100524902344
9.self_attn.k_proj,1,3,0.2268996685743332,True,31.266494750976562
9.self_attn.k_proj,1,4,0.2824043333530426,True,47.701656341552734
9.self_attn.k_proj,1,5,0.3592402935028076,True,72.16778564453125
9.self_attn.k_proj,1,6,0.43557411432266235,True,87.68746185302734
9.self_attn.k_proj,1,7,0.4787125587463379,True,86.74765014648438
9.self_attn.k_proj,1,8,0.5031535029411316,True,86.80033874511719
9.self_attn.k_proj,1,9,0.511229932308197,True,88.99117279052734
9.self_attn.k_proj,2,3,0.13946402072906494,True,17.817949295043945
9.self_attn.k_proj,2,4,0.19117054343223572,True,38.80391311645508
9.self_attn.k_proj,2,5,0.2798400819301605,True,72.10525512695312
9.self_attn.k_proj,2,6,0.3738310933113098,True,88.93663024902344
9.self_attn.k_proj,2,7,0.4327252507209778,True,88.20114135742188
9.self_attn.k_proj,2,8,0.4718153178691864,True,87.55876159667969
9.self_attn.k_proj,2,9,0.5012917518615723,True,88.45581817626953
9.self_attn.k_proj,3,4,0.11836959421634674,True,23.68317222595215
9.self_attn.k_proj,3,5,0.20240919291973114,True,69.34874725341797
9.self_attn.k_proj,3,6,0.29936933517456055,True,89.2594223022461
9.self_attn.k_proj,3,7,0.3778516352176666,True,88.72417449951172
9.self_attn.k_proj,3,8,0.4335630536079407,True,88.02725219726562
9.self_attn.k_proj,3,9,0.48661813139915466,True,88.02379608154297
9.self_attn.k_proj,4,5,0.11513178795576096,True,62.12199783325195
9.self_attn.k_proj,4,6,0.23349341750144958,True,86.58036041259766
9.self_attn.k_proj,4,7,0.3226991891860962,True,86.23784637451172
9.self_attn.k_proj,4,8,0.3970983922481537,True,86.26661682128906
9.self_attn.k_proj,4,9,0.47812893986701965,True,87.76350402832031
9.self_attn.k_proj,5,6,0.14538376033306122,True,41.92681884765625
9.self_attn.k_proj,5,7,0.2449626475572586,True,69.62527465820312
9.self_attn.k_proj,5,8,0.34388065338134766,True,79.9055404663086
9.self_attn.k_proj,5,9,0.4601809084415436,True,89.84245300292969
9.self_attn.k_proj,6,7,0.13105244934558868,True,62.20553970336914
9.self_attn.k_proj,6,8,0.2540297508239746,True,76.81736755371094
9.self_attn.k_proj,6,9,0.41713908314704895,True,89.73497009277344
9.self_attn.k_proj,7,8,0.16045978665351868,True,52.56575393676758
9.self_attn.k_proj,7,9,0.3696610927581787,True,86.95059204101562
9.self_attn.k_proj,8,9,0.25915229320526123,True,87.56526947021484
9.self_attn.v_proj,0,1,0.25613999366760254,True,49.17049789428711
9.self_attn.v_proj,0,2,0.32833924889564514,True,59.849552154541016
9.self_attn.v_proj,0,3,0.40961799025535583,True,71.37123107910156
9.self_attn.v_proj,0,4,0.43530726432800293,True,73.84059143066406
9.self_attn.v_proj,0,5,0.4782020151615143,True,78.43001556396484
9.self_attn.v_proj,0,6,0.5141240358352661,True,87.18135833740234
9.self_attn.v_proj,0,7,0.5254952311515808,True,86.13292694091797
9.self_attn.v_proj,0,8,0.5267614126205444,True,88.1571273803711
9.self_attn.v_proj,0,9,0.49997544288635254,True,88.31610870361328
9.self_attn.v_proj,1,2,0.11190956085920334,True,15.817100524902344
9.self_attn.v_proj,1,3,0.2268996685743332,True,31.266494750976562
9.self_attn.v_proj,1,4,0.2824043333530426,True,47.701656341552734
9.self_attn.v_proj,1,5,0.3592402935028076,True,72.16778564453125
9.self_attn.v_proj,1,6,0.43557411432266235,True,87.68746185302734
9.self_attn.v_proj,1,7,0.4787125587463379,True,86.74765014648438
9.self_attn.v_proj,1,8,0.5031535029411316,True,86.80033874511719
9.self_attn.v_proj,1,9,0.511229932308197,True,88.99117279052734
9.self_attn.v_proj,2,3,0.13946402072906494,True,17.817949295043945
9.self_attn.v_proj,2,4,0.19117054343223572,True,38.80391311645508
9.self_attn.v_proj,2,5,0.2798400819301605,True,72.10525512695312
9.self_attn.v_proj,2,6,0.3738310933113098,True,88.93663024902344
9.self_attn.v_proj,2,7,0.4327252507209778,True,88.20114135742188
9.self_attn.v_proj,2,8,0.4718153178691864,True,87.55876159667969
9.self_attn.v_proj,2,9,0.5012917518615723,True,88.45581817626953
9.self_attn.v_proj,3,4,0.11836959421634674,True,23.68317222595215
9.self_attn.v_proj,3,5,0.20240919291973114,True,69.34874725341797
9.self_attn.v_proj,3,6,0.29936933517456055,True,89.2594223022461
9.self_attn.v_proj,3,7,0.3778516352176666,True,88.72417449951172
9.self_attn.v_proj,3,8,0.4335630536079407,True,88.02725219726562
9.self_attn.v_proj,3,9,0.48661813139915466,True,88.02379608154297
9.self_attn.v_proj,4,5,0.11513178795576096,True,62.12199783325195
9.self_attn.v_proj,4,6,0.23349341750144958,True,86.58036041259766
9.self_attn.v_proj,4,7,0.3226991891860962,True,86.23784637451172
9.self_attn.v_proj,4,8,0.3970983922481537,True,86.26661682128906
9.self_attn.v_proj,4,9,0.47812893986701965,True,87.76350402832031
9.self_attn.v_proj,5,6,0.14538376033306122,True,41.92681884765625
9.self_attn.v_proj,5,7,0.2449626475572586,True,69.62527465820312
9.self_attn.v_proj,5,8,0.34388065338134766,True,79.9055404663086
9.self_attn.v_proj,5,9,0.4601809084415436,True,89.84245300292969
9.self_attn.v_proj,6,7,0.13105244934558868,True,62.20553970336914
9.self_attn.v_proj,6,8,0.2540297508239746,True,76.81736755371094
9.self_attn.v_proj,6,9,0.41713908314704895,True,89.73497009277344
9.self_attn.v_proj,7,8,0.16045978665351868,True,52.56575393676758
9.self_attn.v_proj,7,9,0.3696610927581787,True,86.95059204101562
9.self_attn.v_proj,8,9,0.25915229320526123,True,87.56526947021484
9.self_attn.o_proj,0,1,0.08170384913682938,True,21.394155502319336
9.self_attn.o_proj,0,2,0.11102414131164551,True,29.013458251953125
9.self_attn.o_proj,0,3,0.137167289853096,True,34.15269470214844
9.self_attn.o_proj,0,4,0.15288175642490387,True,35.13562774658203
9.self_attn.o_proj,0,5,0.17745690047740936,True,38.555702209472656
9.self_attn.o_proj,0,6,0.20113591849803925,True,44.304325103759766
9.self_attn.o_proj,0,7,0.217892587184906,True,59.16734313964844
9.self_attn.o_proj,0,8,0.23203934729099274,True,82.0537338256836
9.self_attn.o_proj,0,9,0.23829735815525055,True,88.70448303222656
9.self_attn.o_proj,1,2,0.03715652599930763,True,9.182196617126465
9.self_attn.o_proj,1,3,0.06799997389316559,True,15.868940353393555
9.self_attn.o_proj,1,4,0.09080654382705688,True,21.780744552612305
9.self_attn.o_proj,1,5,0.12326648086309433,True,32.90123748779297
9.self_attn.o_proj,1,6,0.15719404816627502,True,48.766265869140625
9.self_attn.o_proj,1,7,0.18366044759750366,True,62.823387145996094
9.self_attn.o_proj,1,8,0.20758497714996338,True,79.3731689453125
9.self_attn.o_proj,1,9,0.22891604900360107,True,89.07810974121094
9.self_attn.o_proj,2,3,0.03466446325182915,True,7.6118483543396
9.self_attn.o_proj,2,4,0.0603058822453022,True,16.754791259765625
9.self_attn.o_proj,2,5,0.09487558156251907,True,31.17236328125
9.self_attn.o_proj,2,6,0.13296544551849365,True,49.345638275146484
9.self_attn.o_proj,2,7,0.1635623574256897,True,63.469642639160156
9.self_attn.o_proj,2,8,0.19316822290420532,True,78.15694427490234
9.self_attn.o_proj,2,9,0.2230536937713623,True,88.92240905761719
9.self_attn.o_proj,3,4,0.03432416543364525,True,13.21180248260498
9.self_attn.o_proj,3,5,0.06879629194736481,True,28.149784088134766
9.self_attn.o_proj,3,6,0.10951802134513855,True,47.26206970214844
9.self_attn.o_proj,3,7,0.14409391582012177,True,61.62575149536133
9.self_attn.o_proj,3,8,0.178635373711586,True,76.69792175292969
9.self_attn.o_proj,3,9,0.2161938101053238,True,88.61155700683594
9.self_attn.o_proj,4,5,0.040684040635824203,True,17.07838249206543
9.self_attn.o_proj,4,6,0.0843248963356018,True,38.509552001953125
9.self_attn.o_proj,4,7,0.12202974408864975,True,54.69235610961914
9.self_attn.o_proj,4,8,0.16227483749389648,True,76.58007049560547
9.self_attn.o_proj,4,9,0.21021336317062378,True,88.15080261230469
9.self_attn.o_proj,5,6,0.04934157431125641,True,23.339048385620117
9.self_attn.o_proj,5,7,0.09066032618284225,True,41.9063606262207
9.self_attn.o_proj,5,8,0.1381203830242157,True,76.11441040039062
9.self_attn.o_proj,5,9,0.19979096949100494,True,87.16603088378906
9.self_attn.o_proj,6,7,0.04898962751030922,True,21.837600708007812
9.self_attn.o_proj,6,8,0.10432344675064087,True,74.95471954345703
9.self_attn.o_proj,6,9,0.18339590728282928,True,85.021240234375
9.self_attn.o_proj,7,8,0.06955701112747192,True,70.29689025878906
9.self_attn.o_proj,7,9,0.16432920098304749,True,80.0103530883789
9.self_attn.o_proj,8,9,0.11542209982872009,True,55.5338249206543
9.mlp.gate_proj,0,1,0.1474507749080658,True,86.5535659790039
9.mlp.gate_proj,0,2,0.1951768696308136,True,81.03892517089844
9.mlp.gate_proj,0,3,0.2474861741065979,True,83.52005767822266
9.mlp.gate_proj,0,4,0.28135913610458374,True,86.21888732910156
9.mlp.gate_proj,0,5,0.323820561170578,True,88.18130493164062
9.mlp.gate_proj,0,6,0.35466891527175903,True,88.99287414550781
9.mlp.gate_proj,0,7,0.39030373096466064,True,89.27989959716797
9.mlp.gate_proj,0,8,0.3846646845340729,True,89.6721420288086
9.mlp.gate_proj,0,9,0.3807390332221985,True,89.42467498779297
9.mlp.gate_proj,1,2,0.08176412433385849,True,62.32786178588867
9.mlp.gate_proj,1,3,0.1495366096496582,True,66.77163696289062
9.mlp.gate_proj,1,4,0.20673683285713196,True,70.48554229736328
9.mlp.gate_proj,1,5,0.269252747297287,True,80.54024505615234
9.mlp.gate_proj,1,6,0.32149410247802734,True,85.34587097167969
9.mlp.gate_proj,1,7,0.37769174575805664,True,87.2105712890625
9.mlp.gate_proj,1,8,0.38318946957588196,True,86.04076385498047
9.mlp.gate_proj,1,9,0.39131101965904236,True,89.48684692382812
9.mlp.gate_proj,2,3,0.08558790385723114,True,36.88808059692383
9.mlp.gate_proj,2,4,0.14657172560691833,True,64.1879653930664
9.mlp.gate_proj,2,5,0.21809081733226776,True,73.72706604003906
9.mlp.gate_proj,2,6,0.28300154209136963,True,82.916748046875
9.mlp.gate_proj,2,7,0.3530108332633972,True,86.14993286132812
9.mlp.gate_proj,2,8,0.37148863077163696,True,82.66095733642578
9.mlp.gate_proj,2,9,0.39393168687820435,True,89.95706939697266
9.mlp.gate_proj,3,4,0.08927033841609955,True,32.05133056640625
9.mlp.gate_proj,3,5,0.16183122992515564,True,52.84904479980469
9.mlp.gate_proj,3,6,0.23882894217967987,True,73.15851593017578
9.mlp.gate_proj,3,7,0.3216453492641449,True,82.9593276977539
9.mlp.gate_proj,3,8,0.3565092384815216,True,82.61457824707031
9.mlp.gate_proj,3,9,0.39332982897758484,True,89.09695434570312
9.mlp.gate_proj,4,5,0.09781058132648468,True,34.07840347290039
9.mlp.gate_proj,4,6,0.18115495145320892,True,65.13540649414062
9.mlp.gate_proj,4,7,0.27660420536994934,True,82.17626953125
9.mlp.gate_proj,4,8,0.3272700905799866,True,84.41107940673828
9.mlp.gate_proj,4,9,0.3845744729042053,True,88.427734375
9.mlp.gate_proj,5,6,0.1089705303311348,True,48.68886184692383
9.mlp.gate_proj,5,7,0.21712110936641693,True,78.37433624267578
9.mlp.gate_proj,5,8,0.29023149609565735,True,84.3382339477539
9.mlp.gate_proj,5,9,0.37415117025375366,True,89.53900909423828
9.mlp.gate_proj,6,7,0.1397499144077301,True,59.16767501831055
9.mlp.gate_proj,6,8,0.22766728699207306,True,77.27928161621094
9.mlp.gate_proj,6,9,0.3468097448348999,True,89.05107879638672
9.mlp.gate_proj,7,8,0.1671927273273468,True,58.053375244140625
9.mlp.gate_proj,7,9,0.3108973801136017,True,86.2449951171875
9.mlp.gate_proj,8,9,0.21640869975090027,True,75.90462493896484
9.mlp.up_proj,0,1,0.1474507749080658,True,86.5535659790039
9.mlp.up_proj,0,2,0.1951768696308136,True,81.03892517089844
9.mlp.up_proj,0,3,0.2474861741065979,True,83.52005767822266
9.mlp.up_proj,0,4,0.28135913610458374,True,86.21888732910156
9.mlp.up_proj,0,5,0.323820561170578,True,88.18130493164062
9.mlp.up_proj,0,6,0.35466891527175903,True,88.99287414550781
9.mlp.up_proj,0,7,0.39030373096466064,True,89.27989959716797
9.mlp.up_proj,0,8,0.3846646845340729,True,89.6721420288086
9.mlp.up_proj,0,9,0.3807390332221985,True,89.42467498779297
9.mlp.up_proj,1,2,0.08176412433385849,True,62.32786178588867
9.mlp.up_proj,1,3,0.1495366096496582,True,66.77163696289062
9.mlp.up_proj,1,4,0.20673683285713196,True,70.48554229736328
9.mlp.up_proj,1,5,0.269252747297287,True,80.54024505615234
9.mlp.up_proj,1,6,0.32149410247802734,True,85.34587097167969
9.mlp.up_proj,1,7,0.37769174575805664,True,87.2105712890625
9.mlp.up_proj,1,8,0.38318946957588196,True,86.04076385498047
9.mlp.up_proj,1,9,0.39131101965904236,True,89.48684692382812
9.mlp.up_proj,2,3,0.08558790385723114,True,36.88808059692383
9.mlp.up_proj,2,4,0.14657172560691833,True,64.1879653930664
9.mlp.up_proj,2,5,0.21809081733226776,True,73.72706604003906
9.mlp.up_proj,2,6,0.28300154209136963,True,82.916748046875
9.mlp.up_proj,2,7,0.3530108332633972,True,86.14993286132812
9.mlp.up_proj,2,8,0.37148863077163696,True,82.66095733642578
9.mlp.up_proj,2,9,0.39393168687820435,True,89.95706939697266
9.mlp.up_proj,3,4,0.08927033841609955,True,32.05133056640625
9.mlp.up_proj,3,5,0.16183122992515564,True,52.84904479980469
9.mlp.up_proj,3,6,0.23882894217967987,True,73.15851593017578
9.mlp.up_proj,3,7,0.3216453492641449,True,82.9593276977539
9.mlp.up_proj,3,8,0.3565092384815216,True,82.61457824707031
9.mlp.up_proj,3,9,0.39332982897758484,True,89.09695434570312
9.mlp.up_proj,4,5,0.09781058132648468,True,34.07840347290039
9.mlp.up_proj,4,6,0.18115495145320892,True,65.13540649414062
9.mlp.up_proj,4,7,0.27660420536994934,True,82.17626953125
9.mlp.up_proj,4,8,0.3272700905799866,True,84.41107940673828
9.mlp.up_proj,4,9,0.3845744729042053,True,88.427734375
9.mlp.up_proj,5,6,0.1089705303311348,True,48.68886184692383
9.mlp.up_proj,5,7,0.21712110936641693,True,78.37433624267578
9.mlp.up_proj,5,8,0.29023149609565735,True,84.3382339477539
9.mlp.up_proj,5,9,0.37415117025375366,True,89.53900909423828
9.mlp.up_proj,6,7,0.1397499144077301,True,59.16767501831055
9.mlp.up_proj,6,8,0.22766728699207306,True,77.27928161621094
9.mlp.up_proj,6,9,0.3468097448348999,True,89.05107879638672
9.mlp.up_proj,7,8,0.1671927273273468,True,58.053375244140625
9.mlp.up_proj,7,9,0.3108973801136017,True,86.2449951171875
9.mlp.up_proj,8,9,0.21640869975090027,True,75.90462493896484
9.mlp.down_proj,0,1,0.09910373389720917,True,30.17317771911621
9.mlp.down_proj,0,2,0.15355892479419708,True,36.33881759643555
9.mlp.down_proj,0,3,0.20828521251678467,True,40.617637634277344
9.mlp.down_proj,0,4,0.2669144868850708,True,44.014163970947266
9.mlp.down_proj,0,5,0.3247325122356415,True,60.01154327392578
9.mlp.down_proj,0,6,0.3687376379966736,True,79.35059356689453
9.mlp.down_proj,0,7,0.4024057686328888,True,87.982666015625
9.mlp.down_proj,0,8,0.4103432595729828,True,89.39494323730469
9.mlp.down_proj,0,9,0.39197438955307007,True,89.328857421875
9.mlp.down_proj,1,2,0.07824787497520447,True,9.023015022277832
9.mlp.down_proj,1,3,0.14183662831783295,True,20.302078247070312
9.mlp.down_proj,1,4,0.21368780732154846,True,37.133724212646484
9.mlp.down_proj,1,5,0.2838687300682068,True,60.03681945800781
9.mlp.down_proj,1,6,0.34058263897895813,True,79.17571258544922
9.mlp.down_proj,1,7,0.38809335231781006,True,88.62736511230469
9.mlp.down_proj,1,8,0.40856635570526123,True,89.44478607177734
9.mlp.down_proj,1,9,0.4037095308303833,True,89.43195343017578
9.mlp.down_proj,2,3,0.07274718582630157,True,13.332428932189941
9.mlp.down_proj,2,4,0.14840491116046906,True,31.400053024291992
9.mlp.down_proj,2,5,0.22677364945411682,True,56.886539459228516
9.mlp.down_proj,2,6,0.29427072405815125,True,77.3625259399414
9.mlp.down_proj,2,7,0.35567110776901245,True,88.77116394042969
9.mlp.down_proj,2,8,0.3917239308357239,True,89.6673812866211
9.mlp.down_proj,2,9,0.4089336395263672,True,89.39238739013672
9.mlp.down_proj,3,4,0.08959917724132538,True,21.183700561523438
9.mlp.down_proj,3,5,0.17080476880073547,True,49.89657211303711
9.mlp.down_proj,3,6,0.2474076747894287,True,72.8772964477539
9.mlp.down_proj,3,7,0.3204909563064575,True,88.45648193359375
9.mlp.down_proj,3,8,0.37048354744911194,True,89.74755096435547
9.mlp.down_proj,3,9,0.4058040678501129,True,89.8145980834961
9.mlp.down_proj,4,5,0.09454323351383209,True,33.35912322998047
9.mlp.down_proj,4,6,0.1797700971364975,True,61.166412353515625
9.mlp.down_proj,4,7,0.2702488899230957,True,87.92119598388672
9.mlp.down_proj,4,8,0.341305673122406,True,89.06029510498047
9.mlp.down_proj,4,9,0.40735578536987305,True,89.73007202148438
9.mlp.down_proj,5,6,0.10032614320516586,True,36.340667724609375
9.mlp.down_proj,5,7,0.20616580545902252,True,88.04481506347656
9.mlp.down_proj,5,8,0.3018275499343872,True,87.98690032958984
9.mlp.down_proj,5,9,0.4018930196762085,True,89.6629867553711
9.mlp.down_proj,6,7,0.12823277711868286,True,89.43058776855469
9.mlp.down_proj,6,8,0.24538597464561462,True,88.11163330078125
9.mlp.down_proj,6,9,0.3888130486011505,True,89.80314636230469
9.mlp.down_proj,7,8,0.148370161652565,True,83.50192260742188
9.mlp.down_proj,7,9,0.3419760465621948,True,88.29717254638672
9.mlp.down_proj,8,9,0.250520259141922,True,68.7372055053711
10.self_attn.q_proj,0,1,0.149769127368927,True,16.1724796295166
10.self_attn.q_proj,0,2,0.1869792640209198,True,21.974367141723633
10.self_attn.q_proj,0,3,0.2266375571489334,True,31.614377975463867
10.self_attn.q_proj,0,4,0.25310391187667847,True,43.2729377746582
10.self_attn.q_proj,0,5,0.28458693623542786,True,57.828773498535156
10.self_attn.q_proj,0,6,0.30405762791633606,True,82.22469329833984
10.self_attn.q_proj,0,7,0.3301135003566742,True,87.66767883300781
10.self_attn.q_proj,0,8,0.3457312285900116,True,89.88468170166016
10.self_attn.q_proj,0,9,0.33718785643577576,True,89.97205352783203
10.self_attn.q_proj,1,2,0.050697192549705505,True,10.317705154418945
10.self_attn.q_proj,1,3,0.10057685524225235,True,22.74961280822754
10.self_attn.q_proj,1,4,0.13502731919288635,True,35.18106460571289
10.self_attn.q_proj,1,5,0.17770510911941528,True,53.761932373046875
10.self_attn.q_proj,1,6,0.20960456132888794,True,80.2336654663086
10.self_attn.q_proj,1,7,0.24967235326766968,True,86.37705993652344
10.self_attn.q_proj,1,8,0.2777492105960846,True,89.2667236328125
10.self_attn.q_proj,1,9,0.2925355136394501,True,89.71626281738281
10.self_attn.q_proj,2,3,0.05564265325665474,True,12.956539154052734
10.self_attn.q_proj,2,4,0.09068964421749115,True,26.398645401000977
10.self_attn.q_proj,2,5,0.13596315681934357,True,50.57305908203125
10.self_attn.q_proj,2,6,0.17252616584300995,True,78.35465240478516
10.self_attn.q_proj,2,7,0.2183111160993576,True,85.1697006225586
10.self_attn.q_proj,2,8,0.2527237832546234,True,88.7017593383789
10.self_attn.q_proj,2,9,0.2777312099933624,True,89.5859375
10.self_attn.q_proj,3,4,0.044762205332517624,True,15.868439674377441
10.self_attn.q_proj,3,5,0.09081188589334488,True,44.307621002197266
10.self_attn.q_proj,3,6,0.13382451236248016,True,75.13805389404297
10.self_attn.q_proj,3,7,0.1865679770708084,True,83.1700210571289
10.self_attn.q_proj,3,8,0.23017023503780365,True,88.1200180053711
10.self_attn.q_proj,3,9,0.2683261036872864,True,89.313720703125
10.self_attn.q_proj,4,5,0.0563926063477993,True,30.717060089111328
10.self_attn.q_proj,4,6,0.10335924476385117,True,69.55989074707031
10.self_attn.q_proj,4,7,0.16197934746742249,True,79.81405639648438
10.self_attn.q_proj,4,8,0.21350209414958954,True,87.009033203125
10.self_attn.q_proj,4,9,0.2647451162338257,True,89.10173797607422
10.self_attn.q_proj,5,6,0.06039279326796532,True,50.43014144897461
10.self_attn.q_proj,5,7,0.12130893766880035,True,66.81391143798828
10.self_attn.q_proj,5,8,0.18393602967262268,True,81.88037872314453
10.self_attn.q_proj,5,9,0.2528989315032959,True,89.53404235839844
10.self_attn.q_proj,6,7,0.07433618605136871,True,37.6734504699707
10.self_attn.q_proj,6,8,0.14472101628780365,True,72.50141906738281
10.self_attn.q_proj,6,9,0.2338247299194336,True,85.985107421875
10.self_attn.q_proj,7,8,0.08909052610397339,True,44.94386291503906
10.self_attn.q_proj,7,9,0.20332182943820953,True,72.14633178710938
10.self_attn.q_proj,8,9,0.14291858673095703,True,57.24346160888672
10.self_attn.k_proj,0,1,0.149769127368927,True,16.1724796295166
10.self_attn.k_proj,0,2,0.1869792640209198,True,21.974367141723633
10.self_attn.k_proj,0,3,0.2266375571489334,True,31.614377975463867
10.self_attn.k_proj,0,4,0.25310391187667847,True,43.2729377746582
10.self_attn.k_proj,0,5,0.28458693623542786,True,57.828773498535156
10.self_attn.k_proj,0,6,0.30405762791633606,True,82.22469329833984
10.self_attn.k_proj,0,7,0.3301135003566742,True,87.66767883300781
10.self_attn.k_proj,0,8,0.3457312285900116,True,89.88468170166016
10.self_attn.k_proj,0,9,0.33718785643577576,True,89.97205352783203
10.self_attn.k_proj,1,2,0.050697192549705505,True,10.317705154418945
10.self_attn.k_proj,1,3,0.10057685524225235,True,22.74961280822754
10.self_attn.k_proj,1,4,0.13502731919288635,True,35.18106460571289
10.self_attn.k_proj,1,5,0.17770510911941528,True,53.761932373046875
10.self_attn.k_proj,1,6,0.20960456132888794,True,80.2336654663086
10.self_attn.k_proj,1,7,0.24967235326766968,True,86.37705993652344
10.self_attn.k_proj,1,8,0.2777492105960846,True,89.2667236328125
10.self_attn.k_proj,1,9,0.2925355136394501,True,89.71626281738281
10.self_attn.k_proj,2,3,0.05564265325665474,True,12.956539154052734
10.self_attn.k_proj,2,4,0.09068964421749115,True,26.398645401000977
10.self_attn.k_proj,2,5,0.13596315681934357,True,50.57305908203125
10.self_attn.k_proj,2,6,0.17252616584300995,True,78.35465240478516
10.self_attn.k_proj,2,7,0.2183111160993576,True,85.1697006225586
10.self_attn.k_proj,2,8,0.2527237832546234,True,88.7017593383789
10.self_attn.k_proj,2,9,0.2777312099933624,True,89.5859375
10.self_attn.k_proj,3,4,0.044762205332517624,True,15.868439674377441
10.self_attn.k_proj,3,5,0.09081188589334488,True,44.307621002197266
10.self_attn.k_proj,3,6,0.13382451236248016,True,75.13805389404297
10.self_attn.k_proj,3,7,0.1865679770708084,True,83.1700210571289
10.self_attn.k_proj,3,8,0.23017023503780365,True,88.1200180053711
10.self_attn.k_proj,3,9,0.2683261036872864,True,89.313720703125
10.self_attn.k_proj,4,5,0.0563926063477993,True,30.717060089111328
10.self_attn.k_proj,4,6,0.10335924476385117,True,69.55989074707031
10.self_attn.k_proj,4,7,0.16197934746742249,True,79.81405639648438
10.self_attn.k_proj,4,8,0.21350209414958954,True,87.009033203125
10.self_attn.k_proj,4,9,0.2647451162338257,True,89.10173797607422
10.self_attn.k_proj,5,6,0.06039279326796532,True,50.43014144897461
10.self_attn.k_proj,5,7,0.12130893766880035,True,66.81391143798828
10.self_attn.k_proj,5,8,0.18393602967262268,True,81.88037872314453
10.self_attn.k_proj,5,9,0.2528989315032959,True,89.53404235839844
10.self_attn.k_proj,6,7,0.07433618605136871,True,37.6734504699707
10.self_attn.k_proj,6,8,0.14472101628780365,True,72.50141906738281
10.self_attn.k_proj,6,9,0.2338247299194336,True,85.985107421875
10.self_attn.k_proj,7,8,0.08909052610397339,True,44.94386291503906
10.self_attn.k_proj,7,9,0.20332182943820953,True,72.14633178710938
10.self_attn.k_proj,8,9,0.14291858673095703,True,57.24346160888672
10.self_attn.v_proj,0,1,0.149769127368927,True,16.1724796295166
10.self_attn.v_proj,0,2,0.1869792640209198,True,21.974367141723633
10.self_attn.v_proj,0,3,0.2266375571489334,True,31.614377975463867
10.self_attn.v_proj,0,4,0.25310391187667847,True,43.2729377746582
10.self_attn.v_proj,0,5,0.28458693623542786,True,57.828773498535156
10.self_attn.v_proj,0,6,0.30405762791633606,True,82.22469329833984
10.self_attn.v_proj,0,7,0.3301135003566742,True,87.66767883300781
10.self_attn.v_proj,0,8,0.3457312285900116,True,89.88468170166016
10.self_attn.v_proj,0,9,0.33718785643577576,True,89.97205352783203
10.self_attn.v_proj,1,2,0.050697192549705505,True,10.317705154418945
10.self_attn.v_proj,1,3,0.10057685524225235,True,22.74961280822754
10.self_attn.v_proj,1,4,0.13502731919288635,True,35.18106460571289
10.self_attn.v_proj,1,5,0.17770510911941528,True,53.761932373046875
10.self_attn.v_proj,1,6,0.20960456132888794,True,80.2336654663086
10.self_attn.v_proj,1,7,0.24967235326766968,True,86.37705993652344
10.self_attn.v_proj,1,8,0.2777492105960846,True,89.2667236328125
10.self_attn.v_proj,1,9,0.2925355136394501,True,89.71626281738281
10.self_attn.v_proj,2,3,0.05564265325665474,True,12.956539154052734
10.self_attn.v_proj,2,4,0.09068964421749115,True,26.398645401000977
10.self_attn.v_proj,2,5,0.13596315681934357,True,50.57305908203125
10.self_attn.v_proj,2,6,0.17252616584300995,True,78.35465240478516
10.self_attn.v_proj,2,7,0.2183111160993576,True,85.1697006225586
10.self_attn.v_proj,2,8,0.2527237832546234,True,88.7017593383789
10.self_attn.v_proj,2,9,0.2777312099933624,True,89.5859375
10.self_attn.v_proj,3,4,0.044762205332517624,True,15.868439674377441
10.self_attn.v_proj,3,5,0.09081188589334488,True,44.307621002197266
10.self_attn.v_proj,3,6,0.13382451236248016,True,75.13805389404297
10.self_attn.v_proj,3,7,0.1865679770708084,True,83.1700210571289
10.self_attn.v_proj,3,8,0.23017023503780365,True,88.1200180053711
10.self_attn.v_proj,3,9,0.2683261036872864,True,89.313720703125
10.self_attn.v_proj,4,5,0.0563926063477993,True,30.717060089111328
10.self_attn.v_proj,4,6,0.10335924476385117,True,69.55989074707031
10.self_attn.v_proj,4,7,0.16197934746742249,True,79.81405639648438
10.self_attn.v_proj,4,8,0.21350209414958954,True,87.009033203125
10.self_attn.v_proj,4,9,0.2647451162338257,True,89.10173797607422
10.self_attn.v_proj,5,6,0.06039279326796532,True,50.43014144897461
10.self_attn.v_proj,5,7,0.12130893766880035,True,66.81391143798828
10.self_attn.v_proj,5,8,0.18393602967262268,True,81.88037872314453
10.self_attn.v_proj,5,9,0.2528989315032959,True,89.53404235839844
10.self_attn.v_proj,6,7,0.07433618605136871,True,37.6734504699707
10.self_attn.v_proj,6,8,0.14472101628780365,True,72.50141906738281
10.self_attn.v_proj,6,9,0.2338247299194336,True,85.985107421875
10.self_attn.v_proj,7,8,0.08909052610397339,True,44.94386291503906
10.self_attn.v_proj,7,9,0.20332182943820953,True,72.14633178710938
10.self_attn.v_proj,8,9,0.14291858673095703,True,57.24346160888672
10.self_attn.o_proj,0,1,0.04935508221387863,True,13.073623657226562
10.self_attn.o_proj,0,2,0.05644479766488075,True,16.063932418823242
10.self_attn.o_proj,0,3,0.07070405036211014,True,23.61676025390625
10.self_attn.o_proj,0,4,0.06991670280694962,True,22.335227966308594
10.self_attn.o_proj,0,5,0.08200187981128693,True,38.51496887207031
10.self_attn.o_proj,0,6,0.08912473917007446,True,78.2782211303711
10.self_attn.o_proj,0,7,0.10063422471284866,True,85.66400146484375
10.self_attn.o_proj,0,8,0.12883727252483368,True,81.02872467041016
10.self_attn.o_proj,0,9,0.1976340115070343,True,84.31216430664062
10.self_attn.o_proj,1,2,0.014946508221328259,True,4.537988662719727
10.self_attn.o_proj,1,3,0.026762008666992188,True,12.288012504577637
10.self_attn.o_proj,1,4,0.03451484441757202,True,14.32085132598877
10.self_attn.o_proj,1,5,0.04825150594115257,True,34.4603271484375
10.self_attn.o_proj,1,6,0.06535251438617706,True,76.31537628173828
10.self_attn.o_proj,1,7,0.08805489540100098,True,83.83245086669922
10.self_attn.o_proj,1,8,0.11724410206079483,True,84.37460327148438
10.self_attn.o_proj,1,9,0.1865774691104889,True,85.8742904663086
10.self_attn.o_proj,2,3,0.018187114968895912,True,8.639904975891113
10.self_attn.o_proj,2,4,0.022316938266158104,True,10.640963554382324
10.self_attn.o_proj,2,5,0.037398360669612885,True,31.71908950805664
10.self_attn.o_proj,2,6,0.05457392707467079,True,74.21569061279297
10.self_attn.o_proj,2,7,0.07770125567913055,True,81.93396759033203
10.self_attn.o_proj,2,8,0.10754646360874176,True,85.59675598144531
10.self_attn.o_proj,2,9,0.1788804531097412,True,86.20124053955078
10.self_attn.o_proj,3,4,0.01768798567354679,True,8.470415115356445
10.self_attn.o_proj,3,5,0.027237480506300926,True,27.838542938232422
10.self_attn.o_proj,3,6,0.049394164234399796,True,71.259521484375
10.self_attn.o_proj,3,7,0.07667907327413559,True,79.23976135253906
10.self_attn.o_proj,3,8,0.10529988259077072,True,88.63426971435547
10.self_attn.o_proj,3,9,0.17589733004570007,True,87.6092758178711
10.self_attn.o_proj,4,5,0.017682714387774467,True,24.3212833404541
10.self_attn.o_proj,4,6,0.03619828820228577,True,67.7352066040039
10.self_attn.o_proj,4,7,0.062199898064136505,True,75.8449935913086
10.self_attn.o_proj,4,8,0.09254464507102966,True,89.75433349609375
10.self_attn.o_proj,4,9,0.16775670647621155,True,88.00489044189453
10.self_attn.o_proj,5,6,0.025941835716366768,True,46.58917236328125
10.self_attn.o_proj,5,7,0.05521397292613983,True,56.98427200317383
10.self_attn.o_proj,5,8,0.08397914469242096,True,76.2896728515625
10.self_attn.o_proj,5,9,0.16049866378307343,True,86.53711700439453
10.self_attn.o_proj,6,7,0.03240601718425751,True,15.310829162597656
10.self_attn.o_proj,6,8,0.0633857250213623,True,47.25826644897461
10.self_attn.o_proj,6,9,0.1469266265630722,True,77.74989318847656
10.self_attn.o_proj,7,8,0.03892223536968231,True,35.634281158447266
10.self_attn.o_proj,7,9,0.130323126912117,True,72.28474426269531
10.self_attn.o_proj,8,9,0.09794634580612183,True,55.11282730102539
10.mlp.gate_proj,0,1,0.11801155656576157,True,89.3349838256836
10.mlp.gate_proj,0,2,0.15336067974567413,True,89.98499298095703
10.mlp.gate_proj,0,3,0.19746367633342743,True,86.0474624633789
10.mlp.gate_proj,0,4,0.23119567334651947,True,87.15582275390625
10.mlp.gate_proj,0,5,0.2764313519001007,True,88.48223876953125
10.mlp.gate_proj,0,6,0.3286895155906677,True,88.37203979492188
10.mlp.gate_proj,0,7,0.3805253207683563,True,88.71965026855469
10.mlp.gate_proj,0,8,0.40150976181030273,True,88.79231262207031
10.mlp.gate_proj,0,9,0.41713353991508484,True,89.6053466796875
10.mlp.gate_proj,1,2,0.0671253502368927,True,34.11054611206055
10.mlp.gate_proj,1,3,0.12181196361780167,True,85.33748626708984
10.mlp.gate_proj,1,4,0.17237228155136108,True,81.87618255615234
10.mlp.gate_proj,1,5,0.22807176411151886,True,86.4400405883789
10.mlp.gate_proj,1,6,0.29502397775650024,True,87.94801330566406
10.mlp.gate_proj,1,7,0.3612658977508545,True,86.67801666259766
10.mlp.gate_proj,1,8,0.3904620110988617,True,87.80339813232422
10.mlp.gate_proj,1,9,0.4147673547267914,True,87.8717269897461
10.mlp.gate_proj,2,3,0.06855989992618561,True,81.85517883300781
10.mlp.gate_proj,2,4,0.12075292319059372,True,76.18870544433594
10.mlp.gate_proj,2,5,0.1823708564043045,True,83.3287124633789
10.mlp.gate_proj,2,6,0.2587098479270935,True,85.29170989990234
10.mlp.gate_proj,2,7,0.3378596007823944,True,83.81476593017578
10.mlp.gate_proj,2,8,0.37559664249420166,True,87.69001770019531
10.mlp.gate_proj,2,9,0.41360244154930115,True,88.30087280273438
10.mlp.gate_proj,3,4,0.07553856819868088,True,57.356353759765625
10.mlp.gate_proj,3,5,0.1362730860710144,True,87.11820220947266
10.mlp.gate_proj,3,6,0.2187805324792862,True,88.44508361816406
10.mlp.gate_proj,3,7,0.309200644493103,True,82.48446655273438
10.mlp.gate_proj,3,8,0.35740822553634644,True,87.41593933105469
10.mlp.gate_proj,3,9,0.4098345637321472,True,88.27032470703125
10.mlp.gate_proj,4,5,0.08254654705524445,True,46.449188232421875
10.mlp.gate_proj,4,6,0.172028049826622,True,57.10542678833008
10.mlp.gate_proj,4,7,0.2766406238079071,True,68.19892883300781
10.mlp.gate_proj,4,8,0.33339932560920715,True,85.53952026367188
10.mlp.gate_proj,4,9,0.40461739897727966,True,89.88652801513672
10.mlp.gate_proj,5,6,0.10876459628343582,True,25.841175079345703
10.mlp.gate_proj,5,7,0.2253601849079132,True,59.72456741333008
10.mlp.gate_proj,5,8,0.2959592342376709,True,84.05707550048828
10.mlp.gate_proj,5,9,0.39155128598213196,True,86.07488250732422
10.mlp.gate_proj,6,7,0.14335547387599945,True,42.42664337158203
10.mlp.gate_proj,6,8,0.23046311736106873,True,82.29765319824219
10.mlp.gate_proj,6,9,0.3651140332221985,True,84.62979888916016
10.mlp.gate_proj,7,8,0.13063831627368927,True,76.88294219970703
10.mlp.gate_proj,7,9,0.30524158477783203,True,86.98357391357422
10.mlp.gate_proj,8,9,0.2204190194606781,True,74.48480987548828
10.mlp.up_proj,0,1,0.11801155656576157,True,89.3349838256836
10.mlp.up_proj,0,2,0.15336067974567413,True,89.98499298095703
10.mlp.up_proj,0,3,0.19746367633342743,True,86.0474624633789
10.mlp.up_proj,0,4,0.23119567334651947,True,87.15582275390625
10.mlp.up_proj,0,5,0.2764313519001007,True,88.48223876953125
10.mlp.up_proj,0,6,0.3286895155906677,True,88.37203979492188
10.mlp.up_proj,0,7,0.3805253207683563,True,88.71965026855469
10.mlp.up_proj,0,8,0.40150976181030273,True,88.79231262207031
10.mlp.up_proj,0,9,0.41713353991508484,True,89.6053466796875
10.mlp.up_proj,1,2,0.0671253502368927,True,34.11054611206055
10.mlp.up_proj,1,3,0.12181196361780167,True,85.33748626708984
10.mlp.up_proj,1,4,0.17237228155136108,True,81.87618255615234
10.mlp.up_proj,1,5,0.22807176411151886,True,86.4400405883789
10.mlp.up_proj,1,6,0.29502397775650024,True,87.94801330566406
10.mlp.up_proj,1,7,0.3612658977508545,True,86.67801666259766
10.mlp.up_proj,1,8,0.3904620110988617,True,87.80339813232422
10.mlp.up_proj,1,9,0.4147673547267914,True,87.8717269897461
10.mlp.up_proj,2,3,0.06855989992618561,True,81.85517883300781
10.mlp.up_proj,2,4,0.12075292319059372,True,76.18870544433594
10.mlp.up_proj,2,5,0.1823708564043045,True,83.3287124633789
10.mlp.up_proj,2,6,0.2587098479270935,True,85.29170989990234
10.mlp.up_proj,2,7,0.3378596007823944,True,83.81476593017578
10.mlp.up_proj,2,8,0.37559664249420166,True,87.69001770019531
10.mlp.up_proj,2,9,0.41360244154930115,True,88.30087280273438
10.mlp.up_proj,3,4,0.07553856819868088,True,57.356353759765625
10.mlp.up_proj,3,5,0.1362730860710144,True,87.11820220947266
10.mlp.up_proj,3,6,0.2187805324792862,True,88.44508361816406
10.mlp.up_proj,3,7,0.309200644493103,True,82.48446655273438
10.mlp.up_proj,3,8,0.35740822553634644,True,87.41593933105469
10.mlp.up_proj,3,9,0.4098345637321472,True,88.27032470703125
10.mlp.up_proj,4,5,0.08254654705524445,True,46.449188232421875
10.mlp.up_proj,4,6,0.172028049826622,True,57.10542678833008
10.mlp.up_proj,4,7,0.2766406238079071,True,68.19892883300781
10.mlp.up_proj,4,8,0.33339932560920715,True,85.53952026367188
10.mlp.up_proj,4,9,0.40461739897727966,True,89.88652801513672
10.mlp.up_proj,5,6,0.10876459628343582,True,25.841175079345703
10.mlp.up_proj,5,7,0.2253601849079132,True,59.72456741333008
10.mlp.up_proj,5,8,0.2959592342376709,True,84.05707550048828
10.mlp.up_proj,5,9,0.39155128598213196,True,86.07488250732422
10.mlp.up_proj,6,7,0.14335547387599945,True,42.42664337158203
10.mlp.up_proj,6,8,0.23046311736106873,True,82.29765319824219
10.mlp.up_proj,6,9,0.3651140332221985,True,84.62979888916016
10.mlp.up_proj,7,8,0.13063831627368927,True,76.88294219970703
10.mlp.up_proj,7,9,0.30524158477783203,True,86.98357391357422
10.mlp.up_proj,8,9,0.2204190194606781,True,74.48480987548828
10.mlp.down_proj,0,1,0.061150941997766495,True,25.526411056518555
10.mlp.down_proj,0,2,0.07775245606899261,True,40.770503997802734
10.mlp.down_proj,0,3,0.09957287460565567,True,58.359371185302734
10.mlp.down_proj,0,4,0.12545670568943024,True,68.44459533691406
10.mlp.down_proj,0,5,0.16042043268680573,True,77.4171142578125
10.mlp.down_proj,0,6,0.2008407860994339,True,82.05580139160156
10.mlp.down_proj,0,7,0.24170836806297302,True,88.67157745361328
10.mlp.down_proj,0,8,0.2796420753002167,True,89.7076644897461
10.mlp.down_proj,0,9,0.3288438022136688,True,89.64480590820312
10.mlp.down_proj,1,2,0.03496197983622551,True,17.315990447998047
10.mlp.down_proj,1,3,0.06127860024571419,True,35.65565490722656
10.mlp.down_proj,1,4,0.09702649712562561,True,49.10083770751953
10.mlp.down_proj,1,5,0.13752681016921997,True,66.45602416992188
10.mlp.down_proj,1,6,0.18645697832107544,True,79.75028228759766
10.mlp.down_proj,1,7,0.23247434198856354,True,89.32695770263672
10.mlp.down_proj,1,8,0.2748185098171234,True,89.71361541748047
10.mlp.down_proj,1,9,0.32760855555534363,True,89.579833984375
10.mlp.down_proj,2,3,0.032443154603242874,True,19.946821212768555
10.mlp.down_proj,2,4,0.06780774891376495,True,36.62492370605469
10.mlp.down_proj,2,5,0.11088215559720993,True,59.563316345214844
10.mlp.down_proj,2,6,0.16319920122623444,True,79.83540344238281
10.mlp.down_proj,2,7,0.21310897171497345,True,88.9415054321289
10.mlp.down_proj,2,8,0.2601087689399719,True,89.24637603759766
10.mlp.down_proj,2,9,0.3217411935329437,True,89.8261947631836
10.mlp.down_proj,3,4,0.04553811624646187,True,20.9079647064209
10.mlp.down_proj,3,5,0.08871722221374512,True,48.247955322265625
10.mlp.down_proj,3,6,0.14405453205108643,True,80.32505798339844
10.mlp.down_proj,3,7,0.1980934590101242,True,89.80242156982422
10.mlp.down_proj,3,8,0.25001582503318787,True,89.34358215332031
10.mlp.down_proj,3,9,0.31932181119918823,True,89.81109619140625
10.mlp.down_proj,4,5,0.05189839377999306,True,35.879600524902344
10.mlp.down_proj,4,6,0.11056144535541534,True,76.1253433227539
10.mlp.down_proj,4,7,0.1698983907699585,True,89.92535400390625
10.mlp.down_proj,4,8,0.2294493019580841,True,88.92984008789062
10.mlp.down_proj,4,9,0.3143671452999115,True,89.71380615234375
10.mlp.down_proj,5,6,0.06628985702991486,True,56.223777770996094
10.mlp.down_proj,5,7,0.13032202422618866,True,87.24401092529297
10.mlp.down_proj,5,8,0.19961711764335632,True,87.97920227050781
10.mlp.down_proj,5,9,0.30345043540000916,True,89.56534576416016
10.mlp.down_proj,6,7,0.07307630777359009,True,84.57831573486328
10.mlp.down_proj,6,8,0.15314671397209167,True,86.48980712890625
10.mlp.down_proj,6,9,0.2833493947982788,True,88.61566925048828
10.mlp.down_proj,7,8,0.0946417897939682,True,88.93528747558594
10.mlp.down_proj,7,9,0.25247499346733093,True,88.59654998779297
10.mlp.down_proj,8,9,0.18939310312271118,True,82.54552459716797
11.self_attn.q_proj,0,1,0.051969170570373535,True,24.259010314941406
11.self_attn.q_proj,0,2,0.06937728077173233,True,49.6402587890625
11.self_attn.q_proj,0,3,0.08753487467765808,True,67.33485412597656
11.self_attn.q_proj,0,4,0.1055070012807846,True,83.24310302734375
11.self_attn.q_proj,0,5,0.12707269191741943,True,89.7831039428711
11.self_attn.q_proj,0,6,0.15181885659694672,True,89.22309875488281
11.self_attn.q_proj,0,7,0.19054992496967316,True,88.98981475830078
11.self_attn.q_proj,0,8,0.22789892554283142,True,89.82765197753906
11.self_attn.q_proj,0,9,0.2668440043926239,True,89.30974578857422
11.self_attn.q_proj,1,2,0.021854210644960403,True,26.387828826904297
11.self_attn.q_proj,1,3,0.04389609768986702,True,58.35232925415039
11.self_attn.q_proj,1,4,0.06406202912330627,True,78.81689453125
11.self_attn.q_proj,1,5,0.08698132634162903,True,89.25707244873047
11.self_attn.q_proj,1,6,0.11279300600290298,True,89.19895935058594
11.self_attn.q_proj,1,7,0.1510925590991974,True,88.74055480957031
11.self_attn.q_proj,1,8,0.1871604472398758,True,87.90943908691406
11.self_attn.q_proj,1,9,0.22377435863018036,True,89.15184020996094
11.self_attn.q_proj,2,3,0.02411809377372265,True,39.71891403198242
11.self_attn.q_proj,2,4,0.044515665620565414,True,73.91032409667969
11.self_attn.q_proj,2,5,0.0680907666683197,True,88.73331451416016
11.self_attn.q_proj,2,6,0.09528355300426483,True,89.13851165771484
11.self_attn.q_proj,2,7,0.13576433062553406,True,88.38048553466797
11.self_attn.q_proj,2,8,0.17465484142303467,True,86.68045043945312
11.self_attn.q_proj,2,9,0.2164493352174759,True,89.13741302490234
11.self_attn.q_proj,3,4,0.023009708151221275,True,64.3705825805664
11.self_attn.q_proj,3,5,0.04703443869948387,True,84.87918853759766
11.self_attn.q_proj,3,6,0.07566189765930176,True,88.94619750976562
11.self_attn.q_proj,3,7,0.11934822052717209,True,88.89411163330078
11.self_attn.q_proj,3,8,0.16337662935256958,True,85.58088684082031
11.self_attn.q_proj,3,9,0.2148110270500183,True,89.44678497314453
11.self_attn.q_proj,4,5,0.026727724820375443,True,33.69171905517578
11.self_attn.q_proj,4,6,0.057191088795661926,True,52.55569839477539
11.self_attn.q_proj,4,7,0.10449487715959549,True,71.68708801269531
11.self_attn.q_proj,4,8,0.1538485437631607,True,84.75820922851562
11.self_attn.q_proj,4,9,0.21580305695533752,True,86.2208480834961
11.self_attn.q_proj,5,6,0.03393221274018288,True,24.167930603027344
11.self_attn.q_proj,5,7,0.08391283452510834,True,57.25688552856445
11.self_attn.q_proj,5,8,0.1386488378047943,True,74.63874053955078
11.self_attn.q_proj,5,9,0.21229299902915955,True,84.34661102294922
11.self_attn.q_proj,6,7,0.05480818822979927,True,41.4156379699707
11.self_attn.q_proj,6,8,0.11580941826105118,True,61.040164947509766
11.self_attn.q_proj,6,9,0.20629891753196716,True,84.1011734008789
11.self_attn.q_proj,7,8,0.07002132385969162,True,23.135488510131836
11.self_attn.q_proj,7,9,0.1851106435060501,True,87.77427673339844
11.self_attn.q_proj,8,9,0.13665099442005157,True,87.81733703613281
11.self_attn.k_proj,0,1,0.051969170570373535,True,24.259010314941406
11.self_attn.k_proj,0,2,0.06937728077173233,True,49.6402587890625
11.self_attn.k_proj,0,3,0.08753487467765808,True,67.33485412597656
11.self_attn.k_proj,0,4,0.1055070012807846,True,83.24310302734375
11.self_attn.k_proj,0,5,0.12707269191741943,True,89.7831039428711
11.self_attn.k_proj,0,6,0.15181885659694672,True,89.22309875488281
11.self_attn.k_proj,0,7,0.19054992496967316,True,88.98981475830078
11.self_attn.k_proj,0,8,0.22789892554283142,True,89.82765197753906
11.self_attn.k_proj,0,9,0.2668440043926239,True,89.30974578857422
11.self_attn.k_proj,1,2,0.021854210644960403,True,26.387828826904297
11.self_attn.k_proj,1,3,0.04389609768986702,True,58.35232925415039
11.self_attn.k_proj,1,4,0.06406202912330627,True,78.81689453125
11.self_attn.k_proj,1,5,0.08698132634162903,True,89.25707244873047
11.self_attn.k_proj,1,6,0.11279300600290298,True,89.19895935058594
11.self_attn.k_proj,1,7,0.1510925590991974,True,88.74055480957031
11.self_attn.k_proj,1,8,0.1871604472398758,True,87.90943908691406
11.self_attn.k_proj,1,9,0.22377435863018036,True,89.15184020996094
11.self_attn.k_proj,2,3,0.02411809377372265,True,39.71891403198242
11.self_attn.k_proj,2,4,0.044515665620565414,True,73.91032409667969
11.self_attn.k_proj,2,5,0.0680907666683197,True,88.73331451416016
11.self_attn.k_proj,2,6,0.09528355300426483,True,89.13851165771484
11.self_attn.k_proj,2,7,0.13576433062553406,True,88.38048553466797
11.self_attn.k_proj,2,8,0.17465484142303467,True,86.68045043945312
11.self_attn.k_proj,2,9,0.2164493352174759,True,89.13741302490234
11.self_attn.k_proj,3,4,0.023009708151221275,True,64.3705825805664
11.self_attn.k_proj,3,5,0.04703443869948387,True,84.87918853759766
11.self_attn.k_proj,3,6,0.07566189765930176,True,88.94619750976562
11.self_attn.k_proj,3,7,0.11934822052717209,True,88.89411163330078
11.self_attn.k_proj,3,8,0.16337662935256958,True,85.58088684082031
11.self_attn.k_proj,3,9,0.2148110270500183,True,89.44678497314453
11.self_attn.k_proj,4,5,0.026727724820375443,True,33.69171905517578
11.self_attn.k_proj,4,6,0.057191088795661926,True,52.55569839477539
11.self_attn.k_proj,4,7,0.10449487715959549,True,71.68708801269531
11.self_attn.k_proj,4,8,0.1538485437631607,True,84.75820922851562
11.self_attn.k_proj,4,9,0.21580305695533752,True,86.2208480834961
11.self_attn.k_proj,5,6,0.03393221274018288,True,24.167930603027344
11.self_attn.k_proj,5,7,0.08391283452510834,True,57.25688552856445
11.self_attn.k_proj,5,8,0.1386488378047943,True,74.63874053955078
11.self_attn.k_proj,5,9,0.21229299902915955,True,84.34661102294922
11.self_attn.k_proj,6,7,0.05480818822979927,True,41.4156379699707
11.self_attn.k_proj,6,8,0.11580941826105118,True,61.040164947509766
11.self_attn.k_proj,6,9,0.20629891753196716,True,84.1011734008789
11.self_attn.k_proj,7,8,0.07002132385969162,True,23.135488510131836
11.self_attn.k_proj,7,9,0.1851106435060501,True,87.77427673339844
11.self_attn.k_proj,8,9,0.13665099442005157,True,87.81733703613281
11.self_attn.v_proj,0,1,0.051969170570373535,True,24.259010314941406
11.self_attn.v_proj,0,2,0.06937728077173233,True,49.6402587890625
11.self_attn.v_proj,0,3,0.08753487467765808,True,67.33485412597656
11.self_attn.v_proj,0,4,0.1055070012807846,True,83.24310302734375
11.self_attn.v_proj,0,5,0.12707269191741943,True,89.7831039428711
11.self_attn.v_proj,0,6,0.15181885659694672,True,89.22309875488281
11.self_attn.v_proj,0,7,0.19054992496967316,True,88.98981475830078
11.self_attn.v_proj,0,8,0.22789892554283142,True,89.82765197753906
11.self_attn.v_proj,0,9,0.2668440043926239,True,89.30974578857422
11.self_attn.v_proj,1,2,0.021854210644960403,True,26.387828826904297
11.self_attn.v_proj,1,3,0.04389609768986702,True,58.35232925415039
11.self_attn.v_proj,1,4,0.06406202912330627,True,78.81689453125
11.self_attn.v_proj,1,5,0.08698132634162903,True,89.25707244873047
11.self_attn.v_proj,1,6,0.11279300600290298,True,89.19895935058594
11.self_attn.v_proj,1,7,0.1510925590991974,True,88.74055480957031
11.self_attn.v_proj,1,8,0.1871604472398758,True,87.90943908691406
11.self_attn.v_proj,1,9,0.22377435863018036,True,89.15184020996094
11.self_attn.v_proj,2,3,0.02411809377372265,True,39.71891403198242
11.self_attn.v_proj,2,4,0.044515665620565414,True,73.91032409667969
11.self_attn.v_proj,2,5,0.0680907666683197,True,88.73331451416016
11.self_attn.v_proj,2,6,0.09528355300426483,True,89.13851165771484
11.self_attn.v_proj,2,7,0.13576433062553406,True,88.38048553466797
11.self_attn.v_proj,2,8,0.17465484142303467,True,86.68045043945312
11.self_attn.v_proj,2,9,0.2164493352174759,True,89.13741302490234
11.self_attn.v_proj,3,4,0.023009708151221275,True,64.3705825805664
11.self_attn.v_proj,3,5,0.04703443869948387,True,84.87918853759766
11.self_attn.v_proj,3,6,0.07566189765930176,True,88.94619750976562
11.self_attn.v_proj,3,7,0.11934822052717209,True,88.89411163330078
11.self_attn.v_proj,3,8,0.16337662935256958,True,85.58088684082031
11.self_attn.v_proj,3,9,0.2148110270500183,True,89.44678497314453
11.self_attn.v_proj,4,5,0.026727724820375443,True,33.69171905517578
11.self_attn.v_proj,4,6,0.057191088795661926,True,52.55569839477539
11.self_attn.v_proj,4,7,0.10449487715959549,True,71.68708801269531
11.self_attn.v_proj,4,8,0.1538485437631607,True,84.75820922851562
11.self_attn.v_proj,4,9,0.21580305695533752,True,86.2208480834961
11.self_attn.v_proj,5,6,0.03393221274018288,True,24.167930603027344
11.self_attn.v_proj,5,7,0.08391283452510834,True,57.25688552856445
11.self_attn.v_proj,5,8,0.1386488378047943,True,74.63874053955078
11.self_attn.v_proj,5,9,0.21229299902915955,True,84.34661102294922
11.self_attn.v_proj,6,7,0.05480818822979927,True,41.4156379699707
11.self_attn.v_proj,6,8,0.11580941826105118,True,61.040164947509766
11.self_attn.v_proj,6,9,0.20629891753196716,True,84.1011734008789
11.self_attn.v_proj,7,8,0.07002132385969162,True,23.135488510131836
11.self_attn.v_proj,7,9,0.1851106435060501,True,87.77427673339844
11.self_attn.v_proj,8,9,0.13665099442005157,True,87.81733703613281
11.self_attn.o_proj,0,1,0.08012772351503372,True,26.803035736083984
11.self_attn.o_proj,0,2,0.12068875879049301,True,44.534080505371094
11.self_attn.o_proj,0,3,0.18613886833190918,True,87.57134246826172
11.self_attn.o_proj,0,4,0.2398565113544464,True,89.56087493896484
11.self_attn.o_proj,0,5,0.302101194858551,True,89.70867156982422
11.self_attn.o_proj,0,6,0.3432498872280121,True,89.8930892944336
11.self_attn.o_proj,0,7,0.3565192222595215,True,89.30181884765625
11.self_attn.o_proj,0,8,0.3130075931549072,True,88.40882873535156
11.self_attn.o_proj,0,9,0.25073641538619995,True,89.04618835449219
11.self_attn.o_proj,1,2,0.0591987781226635,True,20.010711669921875
11.self_attn.o_proj,1,3,0.13981005549430847,True,87.13545227050781
11.self_attn.o_proj,1,4,0.2086953967809677,True,89.63304901123047
11.self_attn.o_proj,1,5,0.28253060579299927,True,89.8945541381836
11.self_attn.o_proj,1,6,0.3310038447380066,True,89.98255920410156
11.self_attn.o_proj,1,7,0.3508067727088928,True,89.38397216796875
11.self_attn.o_proj,1,8,0.31101399660110474,True,88.56642150878906
11.self_attn.o_proj,1,9,0.25090715289115906,True,89.53477478027344
11.self_attn.o_proj,2,3,0.08655528724193573,True,85.51390838623047
11.self_attn.o_proj,2,4,0.16457214951515198,True,89.95613861083984
11.self_attn.o_proj,2,5,0.2513493597507477,True,89.67982482910156
11.self_attn.o_proj,2,6,0.30971741676330566,True,89.3486328125
11.self_attn.o_proj,2,7,0.3425087034702301,True,89.93220520019531
11.self_attn.o_proj,2,8,0.31213319301605225,True,89.16956329345703
11.self_attn.o_proj,2,9,0.25694260001182556,True,89.6270980834961
11.self_attn.o_proj,3,4,0.08905905485153198,True,89.6075210571289
11.self_attn.o_proj,3,5,0.1912461221218109,True,89.16429138183594
11.self_attn.o_proj,3,6,0.2667836546897888,True,88.5693130493164
11.self_attn.o_proj,3,7,0.3223700225353241,True,87.8220443725586
11.self_attn.o_proj,3,8,0.30828267335891724,True,88.49834442138672
11.self_attn.o_proj,3,9,0.26282957196235657,True,89.09618377685547
11.self_attn.o_proj,4,5,0.11251163482666016,True,73.99036407470703
11.self_attn.o_proj,4,6,0.20381367206573486,True,74.9466323852539
11.self_attn.o_proj,4,7,0.28636595606803894,True,81.64784240722656
11.self_attn.o_proj,4,8,0.293782502412796,True,89.35882568359375
11.self_attn.o_proj,4,9,0.26278945803642273,True,88.94483184814453
11.self_attn.o_proj,5,6,0.11502038687467575,True,30.216999053955078
11.self_attn.o_proj,5,7,0.23342837393283844,True,86.37378692626953
11.self_attn.o_proj,5,8,0.267655611038208,True,89.41753387451172
11.self_attn.o_proj,5,9,0.25543373823165894,True,88.7841796875
11.self_attn.o_proj,6,7,0.1438937485218048,True,84.22996520996094
11.self_attn.o_proj,6,8,0.21056616306304932,True,89.60051727294922
11.self_attn.o_proj,6,9,0.23302537202835083,True,87.76122283935547
11.self_attn.o_proj,7,8,0.10153203457593918,True,87.77050018310547
11.self_attn.o_proj,7,9,0.18995265662670135,True,87.83641052246094
11.self_attn.o_proj,8,9,0.13628442585468292,True,56.124454498291016
11.mlp.gate_proj,0,1,0.1316397339105606,True,77.85047149658203
11.mlp.gate_proj,0,2,0.1677527278661728,True,82.90742492675781
11.mlp.gate_proj,0,3,0.21284271776676178,True,84.91259765625
11.mlp.gate_proj,0,4,0.24985924363136292,True,86.30770874023438
11.mlp.gate_proj,0,5,0.292878657579422,True,89.2276382446289
11.mlp.gate_proj,0,6,0.3425632417201996,True,88.17607116699219
11.mlp.gate_proj,0,7,0.38050392270088196,True,87.96981811523438
11.mlp.gate_proj,0,8,0.38793516159057617,True,88.5027847290039
11.mlp.gate_proj,0,9,0.37363192439079285,True,89.56856536865234
11.mlp.gate_proj,1,2,0.07474355399608612,True,27.338991165161133
11.mlp.gate_proj,1,3,0.13718906044960022,True,58.60519027709961
11.mlp.gate_proj,1,4,0.19336947798728943,True,74.00724792480469
11.mlp.gate_proj,1,5,0.24725548923015594,True,89.65294647216797
11.mlp.gate_proj,1,6,0.31406915187835693,True,87.73143768310547
11.mlp.gate_proj,1,7,0.3674568235874176,True,83.33126831054688
11.mlp.gate_proj,1,8,0.3819325566291809,True,84.76316833496094
11.mlp.gate_proj,1,9,0.3733956515789032,True,89.6515884399414
11.mlp.gate_proj,2,3,0.08099909871816635,True,34.75065231323242
11.mlp.gate_proj,2,4,0.13878412544727325,True,56.3492317199707
11.mlp.gate_proj,2,5,0.1979856640100479,True,82.98319244384766
11.mlp.gate_proj,2,6,0.27583983540534973,True,89.07520294189453
11.mlp.gate_proj,2,7,0.3448735177516937,True,81.156982421875
11.mlp.gate_proj,2,8,0.3706253170967102,True,84.74921417236328
11.mlp.gate_proj,2,9,0.37638428807258606,True,89.32921600341797
11.mlp.gate_proj,3,4,0.08529732376337051,True,29.57252311706543
11.mlp.gate_proj,3,5,0.14701947569847107,True,66.1801986694336
11.mlp.gate_proj,3,6,0.23295912146568298,True,79.40919494628906
11.mlp.gate_proj,3,7,0.3155614137649536,True,81.86721801757812
11.mlp.gate_proj,3,8,0.3549064099788666,True,86.39671325683594
11.mlp.gate_proj,3,9,0.3760014772415161,True,88.99296569824219
11.mlp.gate_proj,4,5,0.08561209589242935,True,40.667579650878906
11.mlp.gate_proj,4,6,0.17635543644428253,True,64.27111053466797
11.mlp.gate_proj,4,7,0.27516117691993713,True,83.00039672851562
11.mlp.gate_proj,4,8,0.3286516070365906,True,87.84479522705078
11.mlp.gate_proj,4,9,0.37213385105133057,True,89.85424041748047
11.mlp.gate_proj,5,6,0.11550479382276535,True,34.957759857177734
11.mlp.gate_proj,5,7,0.23144863545894623,True,84.59456634521484
11.mlp.gate_proj,5,8,0.2986210286617279,True,88.38018035888672
11.mlp.gate_proj,5,9,0.3650200664997101,True,89.33959197998047
11.mlp.gate_proj,6,7,0.15018297731876373,True,84.9853286743164
11.mlp.gate_proj,6,8,0.23473435640335083,True,85.14667510986328
11.mlp.gate_proj,6,9,0.3433992862701416,True,86.86327362060547
11.mlp.gate_proj,7,8,0.1443513184785843,True,43.64242172241211
11.mlp.gate_proj,7,9,0.2956804037094116,True,85.04833984375
11.mlp.gate_proj,8,9,0.20263758301734924,True,82.88968658447266
11.mlp.up_proj,0,1,0.1316397339105606,True,77.85047149658203
11.mlp.up_proj,0,2,0.1677527278661728,True,82.90742492675781
11.mlp.up_proj,0,3,0.21284271776676178,True,84.91259765625
11.mlp.up_proj,0,4,0.24985924363136292,True,86.30770874023438
11.mlp.up_proj,0,5,0.292878657579422,True,89.2276382446289
11.mlp.up_proj,0,6,0.3425632417201996,True,88.17607116699219
11.mlp.up_proj,0,7,0.38050392270088196,True,87.96981811523438
11.mlp.up_proj,0,8,0.38793516159057617,True,88.5027847290039
11.mlp.up_proj,0,9,0.37363192439079285,True,89.56856536865234
11.mlp.up_proj,1,2,0.07474355399608612,True,27.338991165161133
11.mlp.up_proj,1,3,0.13718906044960022,True,58.60519027709961
11.mlp.up_proj,1,4,0.19336947798728943,True,74.00724792480469
11.mlp.up_proj,1,5,0.24725548923015594,True,89.65294647216797
11.mlp.up_proj,1,6,0.31406915187835693,True,87.73143768310547
11.mlp.up_proj,1,7,0.3674568235874176,True,83.33126831054688
11.mlp.up_proj,1,8,0.3819325566291809,True,84.76316833496094
11.mlp.up_proj,1,9,0.3733956515789032,True,89.6515884399414
11.mlp.up_proj,2,3,0.08099909871816635,True,34.75065231323242
11.mlp.up_proj,2,4,0.13878412544727325,True,56.3492317199707
11.mlp.up_proj,2,5,0.1979856640100479,True,82.98319244384766
11.mlp.up_proj,2,6,0.27583983540534973,True,89.07520294189453
11.mlp.up_proj,2,7,0.3448735177516937,True,81.156982421875
11.mlp.up_proj,2,8,0.3706253170967102,True,84.74921417236328
11.mlp.up_proj,2,9,0.37638428807258606,True,89.32921600341797
11.mlp.up_proj,3,4,0.08529732376337051,True,29.57252311706543
11.mlp.up_proj,3,5,0.14701947569847107,True,66.1801986694336
11.mlp.up_proj,3,6,0.23295912146568298,True,79.40919494628906
11.mlp.up_proj,3,7,0.3155614137649536,True,81.86721801757812
11.mlp.up_proj,3,8,0.3549064099788666,True,86.39671325683594
11.mlp.up_proj,3,9,0.3760014772415161,True,88.99296569824219
11.mlp.up_proj,4,5,0.08561209589242935,True,40.667579650878906
11.mlp.up_proj,4,6,0.17635543644428253,True,64.27111053466797
11.mlp.up_proj,4,7,0.27516117691993713,True,83.00039672851562
11.mlp.up_proj,4,8,0.3286516070365906,True,87.84479522705078
11.mlp.up_proj,4,9,0.37213385105133057,True,89.85424041748047
11.mlp.up_proj,5,6,0.11550479382276535,True,34.957759857177734
11.mlp.up_proj,5,7,0.23144863545894623,True,84.59456634521484
11.mlp.up_proj,5,8,0.2986210286617279,True,88.38018035888672
11.mlp.up_proj,5,9,0.3650200664997101,True,89.33959197998047
11.mlp.up_proj,6,7,0.15018297731876373,True,84.9853286743164
11.mlp.up_proj,6,8,0.23473435640335083,True,85.14667510986328
11.mlp.up_proj,6,9,0.3433992862701416,True,86.86327362060547
11.mlp.up_proj,7,8,0.1443513184785843,True,43.64242172241211
11.mlp.up_proj,7,9,0.2956804037094116,True,85.04833984375
11.mlp.up_proj,8,9,0.20263758301734924,True,82.88968658447266
11.mlp.down_proj,0,1,0.12018411606550217,True,15.028515815734863
11.mlp.down_proj,0,2,0.16053684055805206,True,26.943782806396484
11.mlp.down_proj,0,3,0.20103581249713898,True,39.28947448730469
11.mlp.down_proj,0,4,0.2390214055776596,True,69.69123840332031
11.mlp.down_proj,0,5,0.2842421233654022,True,79.3927230834961
11.mlp.down_proj,0,6,0.3266037106513977,True,83.04503631591797
11.mlp.down_proj,0,7,0.35285332798957825,True,88.50372314453125
11.mlp.down_proj,0,8,0.3556804656982422,True,89.00213623046875
11.mlp.down_proj,0,9,0.2952249348163605,True,89.9547348022461
11.mlp.down_proj,1,2,0.07333562523126602,True,16.411977767944336
11.mlp.down_proj,1,3,0.1266113966703415,True,30.240520477294922
11.mlp.down_proj,1,4,0.18173596262931824,True,65.14307403564453
11.mlp.down_proj,1,5,0.23948413133621216,True,76.45884704589844
11.mlp.down_proj,1,6,0.2976073622703552,True,81.45863342285156
11.mlp.down_proj,1,7,0.3358136713504791,True,88.77951049804688
11.mlp.down_proj,1,8,0.3482488691806793,True,89.34915924072266
11.mlp.down_proj,1,9,0.29646170139312744,True,89.93402099609375
11.mlp.down_proj,2,3,0.06633204221725464,True,22.846981048583984
11.mlp.down_proj,2,4,0.12456879764795303,True,60.67536544799805
11.mlp.down_proj,2,5,0.18945254385471344,True,71.91460418701172
11.mlp.down_proj,2,6,0.2602730989456177,True,78.25685119628906
11.mlp.down_proj,2,7,0.3130629062652588,True,89.45635223388672
11.mlp.down_proj,2,8,0.3413083851337433,True,89.89051818847656
11.mlp.down_proj,2,9,0.30467766523361206,True,89.74310302734375
11.mlp.down_proj,3,4,0.07735182344913483,True,41.266197204589844
11.mlp.down_proj,3,5,0.1429719626903534,True,55.87721633911133
11.mlp.down_proj,3,6,0.22281134128570557,True,70.5750503540039
11.mlp.down_proj,3,7,0.2880350947380066,True,89.64494323730469
11.mlp.down_proj,3,8,0.33166542649269104,True,89.61927032470703
11.mlp.down_proj,3,9,0.31125763058662415,True,89.73165893554688
11.mlp.down_proj,4,5,0.08249075710773468,True,27.420528411865234
11.mlp.down_proj,4,6,0.17015443742275238,True,69.17216491699219
11.mlp.down_proj,4,7,0.24998454749584198,True,85.69612121582031
11.mlp.down_proj,4,8,0.3128145635128021,True,88.65373992919922
11.mlp.down_proj,4,9,0.31588494777679443,True,89.70292663574219
11.mlp.down_proj,5,6,0.10513331741094589,True,61.86606216430664
11.mlp.down_proj,5,7,0.20053304731845856,True,85.14642333984375
11.mlp.down_proj,5,8,0.28593575954437256,True,87.56434631347656
11.mlp.down_proj,5,9,0.3202759921550751,True,89.59365844726562
11.mlp.down_proj,6,7,0.11959566175937653,True,86.06717681884766
11.mlp.down_proj,6,8,0.23359891772270203,True,79.4997329711914
11.mlp.down_proj,6,9,0.31600987911224365,True,89.38457489013672
11.mlp.down_proj,7,8,0.15254585444927216,True,76.6176986694336
11.mlp.down_proj,7,9,0.2943936288356781,True,86.76526641845703
11.mlp.down_proj,8,9,0.22644907236099243,True,87.63445281982422
12.self_attn.q_proj,0,1,0.12971851229667664,True,39.76816940307617
12.self_attn.q_proj,0,2,0.1803634911775589,True,74.72906494140625
12.self_attn.q_proj,0,3,0.25530192255973816,True,79.07501220703125
12.self_attn.q_proj,0,4,0.29881253838539124,True,80.97026062011719
12.self_attn.q_proj,0,5,0.346747487783432,True,88.45877838134766
12.self_attn.q_proj,0,6,0.4072532653808594,True,88.64520263671875
12.self_attn.q_proj,0,7,0.45684531331062317,True,89.85883331298828
12.self_attn.q_proj,0,8,0.4902549982070923,True,88.8424072265625
12.self_attn.q_proj,0,9,0.5262006521224976,True,88.4614028930664
12.self_attn.q_proj,1,2,0.09082286059856415,True,45.3598518371582
12.self_attn.q_proj,1,3,0.17804983258247375,True,59.256309509277344
12.self_attn.q_proj,1,4,0.2337244302034378,True,68.11600494384766
12.self_attn.q_proj,1,5,0.2877444326877594,True,89.54875183105469
12.self_attn.q_proj,1,6,0.3606227934360504,True,89.66874694824219
12.self_attn.q_proj,1,7,0.4214823246002197,True,88.81222534179688
12.self_attn.q_proj,1,8,0.4651482403278351,True,88.56873321533203
12.self_attn.q_proj,1,9,0.5116761326789856,True,88.03936767578125
12.self_attn.q_proj,2,3,0.10804290324449539,True,30.82341194152832
12.self_attn.q_proj,2,4,0.16224415600299835,True,49.67128372192383
12.self_attn.q_proj,2,5,0.22496169805526733,True,87.37505340576172
12.self_attn.q_proj,2,6,0.30737724900245667,True,88.19467163085938
12.self_attn.q_proj,2,7,0.3761568069458008,True,87.77134704589844
12.self_attn.q_proj,2,8,0.429430216550827,True,89.08760833740234
12.self_attn.q_proj,2,9,0.48920315504074097,True,87.65838623046875
12.self_attn.q_proj,3,4,0.08753235638141632,True,28.888065338134766
12.self_attn.q_proj,3,5,0.15514957904815674,True,84.99314880371094
12.self_attn.q_proj,3,6,0.24175699055194855,True,86.49929809570312
12.self_attn.q_proj,3,7,0.31807324290275574,True,87.37308502197266
12.self_attn.q_proj,3,8,0.3836666941642761,True,89.19078826904297
12.self_attn.q_proj,3,9,0.45886632800102234,True,87.21674346923828
12.self_attn.q_proj,4,5,0.09927337616682053,True,76.55156707763672
12.self_attn.q_proj,4,6,0.18828952312469482,True,80.04144287109375
12.self_attn.q_proj,4,7,0.269843727350235,True,85.37430572509766
12.self_attn.q_proj,4,8,0.34427040815353394,True,89.409912109375
12.self_attn.q_proj,4,9,0.43504831194877625,True,87.56792449951172
12.self_attn.q_proj,5,6,0.11497903615236282,True,21.580907821655273
12.self_attn.q_proj,5,7,0.20447388291358948,True,70.67821502685547
12.self_attn.q_proj,5,8,0.29108139872550964,True,83.66304016113281
12.self_attn.q_proj,5,9,0.40190938115119934,True,86.3509292602539
12.self_attn.q_proj,6,7,0.11383650451898575,True,63.71482467651367
12.self_attn.q_proj,6,8,0.21108472347259521,True,82.70084381103516
12.self_attn.q_proj,6,9,0.34762734174728394,True,83.38748168945312
12.self_attn.q_proj,7,8,0.12680894136428833,True,79.75545501708984
12.self_attn.q_proj,7,9,0.2878342270851135,True,69.8124008178711
12.self_attn.q_proj,8,9,0.18960478901863098,True,76.99188232421875
12.self_attn.k_proj,0,1,0.12971851229667664,True,39.76816940307617
12.self_attn.k_proj,0,2,0.1803634911775589,True,74.72906494140625
12.self_attn.k_proj,0,3,0.25530192255973816,True,79.07501220703125
12.self_attn.k_proj,0,4,0.29881253838539124,True,80.97026062011719
12.self_attn.k_proj,0,5,0.346747487783432,True,88.45877838134766
12.self_attn.k_proj,0,6,0.4072532653808594,True,88.64520263671875
12.self_attn.k_proj,0,7,0.45684531331062317,True,89.85883331298828
12.self_attn.k_proj,0,8,0.4902549982070923,True,88.8424072265625
12.self_attn.k_proj,0,9,0.5262006521224976,True,88.4614028930664
12.self_attn.k_proj,1,2,0.09082286059856415,True,45.3598518371582
12.self_attn.k_proj,1,3,0.17804983258247375,True,59.256309509277344
12.self_attn.k_proj,1,4,0.2337244302034378,True,68.11600494384766
12.self_attn.k_proj,1,5,0.2877444326877594,True,89.54875183105469
12.self_attn.k_proj,1,6,0.3606227934360504,True,89.66874694824219
12.self_attn.k_proj,1,7,0.4214823246002197,True,88.81222534179688
12.self_attn.k_proj,1,8,0.4651482403278351,True,88.56873321533203
12.self_attn.k_proj,1,9,0.5116761326789856,True,88.03936767578125
12.self_attn.k_proj,2,3,0.10804290324449539,True,30.82341194152832
12.self_attn.k_proj,2,4,0.16224415600299835,True,49.67128372192383
12.self_attn.k_proj,2,5,0.22496169805526733,True,87.37505340576172
12.self_attn.k_proj,2,6,0.30737724900245667,True,88.19467163085938
12.self_attn.k_proj,2,7,0.3761568069458008,True,87.77134704589844
12.self_attn.k_proj,2,8,0.429430216550827,True,89.08760833740234
12.self_attn.k_proj,2,9,0.48920315504074097,True,87.65838623046875
12.self_attn.k_proj,3,4,0.08753235638141632,True,28.888065338134766
12.self_attn.k_proj,3,5,0.15514957904815674,True,84.99314880371094
12.self_attn.k_proj,3,6,0.24175699055194855,True,86.49929809570312
12.self_attn.k_proj,3,7,0.31807324290275574,True,87.37308502197266
12.self_attn.k_proj,3,8,0.3836666941642761,True,89.19078826904297
12.self_attn.k_proj,3,9,0.45886632800102234,True,87.21674346923828
12.self_attn.k_proj,4,5,0.09927337616682053,True,76.55156707763672
12.self_attn.k_proj,4,6,0.18828952312469482,True,80.04144287109375
12.self_attn.k_proj,4,7,0.269843727350235,True,85.37430572509766
12.self_attn.k_proj,4,8,0.34427040815353394,True,89.409912109375
12.self_attn.k_proj,4,9,0.43504831194877625,True,87.56792449951172
12.self_attn.k_proj,5,6,0.11497903615236282,True,21.580907821655273
12.self_attn.k_proj,5,7,0.20447388291358948,True,70.67821502685547
12.self_attn.k_proj,5,8,0.29108139872550964,True,83.66304016113281
12.self_attn.k_proj,5,9,0.40190938115119934,True,86.3509292602539
12.self_attn.k_proj,6,7,0.11383650451898575,True,63.71482467651367
12.self_attn.k_proj,6,8,0.21108472347259521,True,82.70084381103516
12.self_attn.k_proj,6,9,0.34762734174728394,True,83.38748168945312
12.self_attn.k_proj,7,8,0.12680894136428833,True,79.75545501708984
12.self_attn.k_proj,7,9,0.2878342270851135,True,69.8124008178711
12.self_attn.k_proj,8,9,0.18960478901863098,True,76.99188232421875
12.self_attn.v_proj,0,1,0.12971851229667664,True,39.76816940307617
12.self_attn.v_proj,0,2,0.1803634911775589,True,74.72906494140625
12.self_attn.v_proj,0,3,0.25530192255973816,True,79.07501220703125
12.self_attn.v_proj,0,4,0.29881253838539124,True,80.97026062011719
12.self_attn.v_proj,0,5,0.346747487783432,True,88.45877838134766
12.self_attn.v_proj,0,6,0.4072532653808594,True,88.64520263671875
12.self_attn.v_proj,0,7,0.45684531331062317,True,89.85883331298828
12.self_attn.v_proj,0,8,0.4902549982070923,True,88.8424072265625
12.self_attn.v_proj,0,9,0.5262006521224976,True,88.4614028930664
12.self_attn.v_proj,1,2,0.09082286059856415,True,45.3598518371582
12.self_attn.v_proj,1,3,0.17804983258247375,True,59.256309509277344
12.self_attn.v_proj,1,4,0.2337244302034378,True,68.11600494384766
12.self_attn.v_proj,1,5,0.2877444326877594,True,89.54875183105469
12.self_attn.v_proj,1,6,0.3606227934360504,True,89.66874694824219
12.self_attn.v_proj,1,7,0.4214823246002197,True,88.81222534179688
12.self_attn.v_proj,1,8,0.4651482403278351,True,88.56873321533203
12.self_attn.v_proj,1,9,0.5116761326789856,True,88.03936767578125
12.self_attn.v_proj,2,3,0.10804290324449539,True,30.82341194152832
12.self_attn.v_proj,2,4,0.16224415600299835,True,49.67128372192383
12.self_attn.v_proj,2,5,0.22496169805526733,True,87.37505340576172
12.self_attn.v_proj,2,6,0.30737724900245667,True,88.19467163085938
12.self_attn.v_proj,2,7,0.3761568069458008,True,87.77134704589844
12.self_attn.v_proj,2,8,0.429430216550827,True,89.08760833740234
12.self_attn.v_proj,2,9,0.48920315504074097,True,87.65838623046875
12.self_attn.v_proj,3,4,0.08753235638141632,True,28.888065338134766
12.self_attn.v_proj,3,5,0.15514957904815674,True,84.99314880371094
12.self_attn.v_proj,3,6,0.24175699055194855,True,86.49929809570312
12.self_attn.v_proj,3,7,0.31807324290275574,True,87.37308502197266
12.self_attn.v_proj,3,8,0.3836666941642761,True,89.19078826904297
12.self_attn.v_proj,3,9,0.45886632800102234,True,87.21674346923828
12.self_attn.v_proj,4,5,0.09927337616682053,True,76.55156707763672
12.self_attn.v_proj,4,6,0.18828952312469482,True,80.04144287109375
12.self_attn.v_proj,4,7,0.269843727350235,True,85.37430572509766
12.self_attn.v_proj,4,8,0.34427040815353394,True,89.409912109375
12.self_attn.v_proj,4,9,0.43504831194877625,True,87.56792449951172
12.self_attn.v_proj,5,6,0.11497903615236282,True,21.580907821655273
12.self_attn.v_proj,5,7,0.20447388291358948,True,70.67821502685547
12.self_attn.v_proj,5,8,0.29108139872550964,True,83.66304016113281
12.self_attn.v_proj,5,9,0.40190938115119934,True,86.3509292602539
12.self_attn.v_proj,6,7,0.11383650451898575,True,63.71482467651367
12.self_attn.v_proj,6,8,0.21108472347259521,True,82.70084381103516
12.self_attn.v_proj,6,9,0.34762734174728394,True,83.38748168945312
12.self_attn.v_proj,7,8,0.12680894136428833,True,79.75545501708984
12.self_attn.v_proj,7,9,0.2878342270851135,True,69.8124008178711
12.self_attn.v_proj,8,9,0.18960478901863098,True,76.99188232421875
12.self_attn.o_proj,0,1,0.019021937623620033,True,8.70113754272461
12.self_attn.o_proj,0,2,0.02692844718694687,True,15.626296043395996
12.self_attn.o_proj,0,3,0.037120770663022995,True,23.428787231445312
12.self_attn.o_proj,0,4,0.047792430967092514,True,30.83695411682129
12.self_attn.o_proj,0,5,0.05907465144991875,True,36.83268356323242
12.self_attn.o_proj,0,6,0.07401663810014725,True,38.04508590698242
12.self_attn.o_proj,0,7,0.08402606844902039,True,40.59174346923828
12.self_attn.o_proj,0,8,0.09530102461576462,True,46.1611213684082
12.self_attn.o_proj,0,9,0.11084211617708206,True,57.6890754699707
12.self_attn.o_proj,1,2,0.015965212136507034,True,9.226754188537598
12.self_attn.o_proj,1,3,0.02583237551152706,True,17.613601684570312
12.self_attn.o_proj,1,4,0.03872852027416229,True,25.708044052124023
12.self_attn.o_proj,1,5,0.04981768876314163,True,32.54827117919922
12.self_attn.o_proj,1,6,0.06518499553203583,True,33.65131378173828
12.self_attn.o_proj,1,7,0.07698336243629456,True,35.89256286621094
12.self_attn.o_proj,1,8,0.08970031887292862,True,42.57064437866211
12.self_attn.o_proj,1,9,0.10676153004169464,True,55.88441467285156
12.self_attn.o_proj,2,3,0.01747233234345913,True,9.10161304473877
12.self_attn.o_proj,2,4,0.027402818202972412,True,18.441282272338867
12.self_attn.o_proj,2,5,0.041310131549835205,True,26.446012496948242
12.self_attn.o_proj,2,6,0.05814668536186218,True,27.39859962463379
12.self_attn.o_proj,2,7,0.0704311653971672,True,32.214996337890625
12.self_attn.o_proj,2,8,0.08353089541196823,True,40.9908561706543
12.self_attn.o_proj,2,9,0.10244231671094894,True,53.96479034423828
12.self_attn.o_proj,3,4,0.018832916393876076,True,10.552770614624023
12.self_attn.o_proj,3,5,0.02884567528963089,True,19.09623146057129
12.self_attn.o_proj,3,6,0.048523616045713425,True,20.899084091186523
12.self_attn.o_proj,3,7,0.0637572705745697,True,29.185527801513672
12.self_attn.o_proj,3,8,0.0785646140575409,True,37.72135543823242
12.self_attn.o_proj,3,9,0.09825713187456131,True,50.97295379638672
12.self_attn.o_proj,4,5,0.021167054772377014,True,10.737717628479004
12.self_attn.o_proj,4,6,0.04124649614095688,True,17.22718048095703
12.self_attn.o_proj,4,7,0.05677924305200577,True,26.82453727722168
12.self_attn.o_proj,4,8,0.07187241315841675,True,37.59292984008789
12.self_attn.o_proj,4,9,0.09396444261074066,True,51.24345016479492
12.self_attn.o_proj,5,6,0.026349693536758423,True,9.775293350219727
12.self_attn.o_proj,5,7,0.04477870464324951,True,19.979660034179688
12.self_attn.o_proj,5,8,0.06232192739844322,True,32.373634338378906
12.self_attn.o_proj,5,9,0.08509687334299088,True,45.30632400512695
12.self_attn.o_proj,6,7,0.025090396404266357,True,11.9834566116333
12.self_attn.o_proj,6,8,0.044618651270866394,True,27.764619827270508
12.self_attn.o_proj,6,9,0.07201962918043137,True,42.48158264160156
12.self_attn.o_proj,7,8,0.02416098676621914,True,21.615875244140625
12.self_attn.o_proj,7,9,0.05730602890253067,True,38.14350128173828
12.self_attn.o_proj,8,9,0.03873993828892708,True,25.536958694458008
12.mlp.gate_proj,0,1,0.07324642688035965,True,54.922950744628906
12.mlp.gate_proj,0,2,0.09345197677612305,True,84.99435424804688
12.mlp.gate_proj,0,3,0.11723028123378754,True,86.55859375
12.mlp.gate_proj,0,4,0.1341114342212677,True,86.92912292480469
12.mlp.gate_proj,0,5,0.15753352642059326,True,87.8980941772461
12.mlp.gate_proj,0,6,0.18315158784389496,True,88.21372985839844
12.mlp.gate_proj,0,7,0.20503193140029907,True,88.36782836914062
12.mlp.gate_proj,0,8,0.22052998840808868,True,88.21610260009766
12.mlp.gate_proj,0,9,0.24536705017089844,True,89.83177947998047
12.mlp.gate_proj,1,2,0.0437825545668602,True,57.12912368774414
12.mlp.gate_proj,1,3,0.07462723553180695,True,59.46173095703125
12.mlp.gate_proj,1,4,0.10041528940200806,True,61.173187255859375
12.mlp.gate_proj,1,5,0.13128049671649933,True,65.07400512695312
12.mlp.gate_proj,1,6,0.16511547565460205,True,83.88165283203125
12.mlp.gate_proj,1,7,0.19482867419719696,True,86.36612701416016
12.mlp.gate_proj,1,8,0.21562978625297546,True,89.49332427978516
12.mlp.gate_proj,1,9,0.24526074528694153,True,86.911376953125
12.mlp.gate_proj,2,3,0.04587004706263542,True,10.114352226257324
12.mlp.gate_proj,2,4,0.07037196308374405,True,19.511934280395508
12.mlp.gate_proj,2,5,0.10434155911207199,True,41.18966293334961
12.mlp.gate_proj,2,6,0.14248774945735931,True,76.43880462646484
12.mlp.gate_proj,2,7,0.17797449231147766,True,80.42745971679688
12.mlp.gate_proj,2,8,0.20414616167545319,True,86.35211944580078
12.mlp.gate_proj,2,9,0.24063827097415924,True,85.2436752319336
12.mlp.gate_proj,3,4,0.05063875764608383,True,12.941740989685059
12.mlp.gate_proj,3,5,0.0813397765159607,True,35.94234848022461
12.mlp.gate_proj,3,6,0.12096123397350311,True,74.03144073486328
12.mlp.gate_proj,3,7,0.15913207828998566,True,77.10682678222656
12.mlp.gate_proj,3,8,0.1918804943561554,True,83.89381408691406
12.mlp.gate_proj,3,9,0.23524802923202515,True,85.3370132446289
12.mlp.gate_proj,4,5,0.049032289534807205,True,26.92877197265625
12.mlp.gate_proj,4,6,0.09243939071893692,True,70.64546203613281
12.mlp.gate_proj,4,7,0.14013351500034332,True,71.5921630859375
12.mlp.gate_proj,4,8,0.17594078183174133,True,80.486328125
12.mlp.gate_proj,4,9,0.22659027576446533,True,84.77642822265625
12.mlp.gate_proj,5,6,0.05746863782405853,True,69.0123291015625
12.mlp.gate_proj,5,7,0.1108517050743103,True,63.79367446899414
12.mlp.gate_proj,5,8,0.15203768014907837,True,74.82322692871094
12.mlp.gate_proj,5,9,0.21253857016563416,True,84.09387969970703
12.mlp.gate_proj,6,7,0.07196813076734543,True,67.82845306396484
12.mlp.gate_proj,6,8,0.11650226265192032,True,72.51370239257812
12.mlp.gate_proj,6,9,0.1903539001941681,True,88.30534362792969
12.mlp.gate_proj,7,8,0.06870615482330322,True,25.072141647338867
12.mlp.gate_proj,7,9,0.15477173030376434,True,86.40607452392578
12.mlp.gate_proj,8,9,0.10493893176317215,True,83.64102935791016
12.mlp.up_proj,0,1,0.07324642688035965,True,54.922950744628906
12.mlp.up_proj,0,2,0.09345197677612305,True,84.99435424804688
12.mlp.up_proj,0,3,0.11723028123378754,True,86.55859375
12.mlp.up_proj,0,4,0.1341114342212677,True,86.92912292480469
12.mlp.up_proj,0,5,0.15753352642059326,True,87.8980941772461
12.mlp.up_proj,0,6,0.18315158784389496,True,88.21372985839844
12.mlp.up_proj,0,7,0.20503193140029907,True,88.36782836914062
12.mlp.up_proj,0,8,0.22052998840808868,True,88.21610260009766
12.mlp.up_proj,0,9,0.24536705017089844,True,89.83177947998047
12.mlp.up_proj,1,2,0.0437825545668602,True,57.12912368774414
12.mlp.up_proj,1,3,0.07462723553180695,True,59.46173095703125
12.mlp.up_proj,1,4,0.10041528940200806,True,61.173187255859375
12.mlp.up_proj,1,5,0.13128049671649933,True,65.07400512695312
12.mlp.up_proj,1,6,0.16511547565460205,True,83.88165283203125
12.mlp.up_proj,1,7,0.19482867419719696,True,86.36612701416016
12.mlp.up_proj,1,8,0.21562978625297546,True,89.49332427978516
12.mlp.up_proj,1,9,0.24526074528694153,True,86.911376953125
12.mlp.up_proj,2,3,0.04587004706263542,True,10.114352226257324
12.mlp.up_proj,2,4,0.07037196308374405,True,19.511934280395508
12.mlp.up_proj,2,5,0.10434155911207199,True,41.18966293334961
12.mlp.up_proj,2,6,0.14248774945735931,True,76.43880462646484
12.mlp.up_proj,2,7,0.17797449231147766,True,80.42745971679688
12.mlp.up_proj,2,8,0.20414616167545319,True,86.35211944580078
12.mlp.up_proj,2,9,0.24063827097415924,True,85.2436752319336
12.mlp.up_proj,3,4,0.05063875764608383,True,12.941740989685059
12.mlp.up_proj,3,5,0.0813397765159607,True,35.94234848022461
12.mlp.up_proj,3,6,0.12096123397350311,True,74.03144073486328
12.mlp.up_proj,3,7,0.15913207828998566,True,77.10682678222656
12.mlp.up_proj,3,8,0.1918804943561554,True,83.89381408691406
12.mlp.up_proj,3,9,0.23524802923202515,True,85.3370132446289
12.mlp.up_proj,4,5,0.049032289534807205,True,26.92877197265625
12.mlp.up_proj,4,6,0.09243939071893692,True,70.64546203613281
12.mlp.up_proj,4,7,0.14013351500034332,True,71.5921630859375
12.mlp.up_proj,4,8,0.17594078183174133,True,80.486328125
12.mlp.up_proj,4,9,0.22659027576446533,True,84.77642822265625
12.mlp.up_proj,5,6,0.05746863782405853,True,69.0123291015625
12.mlp.up_proj,5,7,0.1108517050743103,True,63.79367446899414
12.mlp.up_proj,5,8,0.15203768014907837,True,74.82322692871094
12.mlp.up_proj,5,9,0.21253857016563416,True,84.09387969970703
12.mlp.up_proj,6,7,0.07196813076734543,True,67.82845306396484
12.mlp.up_proj,6,8,0.11650226265192032,True,72.51370239257812
12.mlp.up_proj,6,9,0.1903539001941681,True,88.30534362792969
12.mlp.up_proj,7,8,0.06870615482330322,True,25.072141647338867
12.mlp.up_proj,7,9,0.15477173030376434,True,86.40607452392578
12.mlp.up_proj,8,9,0.10493893176317215,True,83.64102935791016
12.mlp.down_proj,0,1,0.04954570159316063,True,11.014599800109863
12.mlp.down_proj,0,2,0.07004746794700623,True,17.57862663269043
12.mlp.down_proj,0,3,0.09429221600294113,True,29.971263885498047
12.mlp.down_proj,0,4,0.11558716744184494,True,41.70142364501953
12.mlp.down_proj,0,5,0.14922945201396942,True,53.47939682006836
12.mlp.down_proj,0,6,0.18774770200252533,True,61.39291000366211
12.mlp.down_proj,0,7,0.22192829847335815,True,72.37821960449219
12.mlp.down_proj,0,8,0.2540367543697357,True,78.67176818847656
12.mlp.down_proj,0,9,0.29744598269462585,True,86.55259704589844
12.mlp.down_proj,1,2,0.03862076997756958,True,9.82961368560791
12.mlp.down_proj,1,3,0.06698314100503922,True,22.281339645385742
12.mlp.down_proj,1,4,0.09473177790641785,True,35.70690155029297
12.mlp.down_proj,1,5,0.13339345157146454,True,48.89197540283203
12.mlp.down_proj,1,6,0.1759130358695984,True,57.76931381225586
12.mlp.down_proj,1,7,0.2143937200307846,True,69.99131774902344
12.mlp.down_proj,1,8,0.2501518428325653,True,77.10528564453125
12.mlp.down_proj,1,9,0.29768431186676025,True,86.28042602539062
12.mlp.down_proj,2,3,0.03763270750641823,True,14.571029663085938
12.mlp.down_proj,2,4,0.06562234461307526,True,28.78765106201172
12.mlp.down_proj,2,5,0.106290802359581,True,43.03689193725586
12.mlp.down_proj,2,6,0.15151871740818024,True,53.709228515625
12.mlp.down_proj,2,7,0.19419783353805542,True,67.17220306396484
12.mlp.down_proj,2,8,0.23353372514247894,True,75.09053802490234
12.mlp.down_proj,2,9,0.2868615686893463,True,85.06920623779297
12.mlp.down_proj,3,4,0.042296502739191055,True,15.922632217407227
12.mlp.down_proj,3,5,0.08125357329845428,True,31.59070587158203
12.mlp.down_proj,3,6,0.1281043291091919,True,45.83921432495117
12.mlp.down_proj,3,7,0.17399191856384277,True,62.704105377197266
12.mlp.down_proj,3,8,0.21735186874866486,True,71.98448181152344
12.mlp.down_proj,3,9,0.2765868306159973,True,83.91168975830078
12.mlp.down_proj,4,5,0.05174393579363823,True,17.251300811767578
12.mlp.down_proj,4,6,0.10068824142217636,True,35.173587799072266
12.mlp.down_proj,4,7,0.15182016789913177,True,55.589500427246094
12.mlp.down_proj,4,8,0.19874128699302673,True,66.28044128417969
12.mlp.down_proj,4,9,0.26375287771224976,True,81.16596221923828
12.mlp.down_proj,5,6,0.06068078428506851,True,22.52193832397461
12.mlp.down_proj,5,7,0.11482701450586319,True,47.98871612548828
12.mlp.down_proj,5,8,0.16730883717536926,True,61.07490539550781
12.mlp.down_proj,5,9,0.24302035570144653,True,80.0290756225586
12.mlp.down_proj,6,7,0.0696127712726593,True,31.574623107910156
12.mlp.down_proj,6,8,0.1271941065788269,True,49.90255355834961
12.mlp.down_proj,6,9,0.21659493446350098,True,78.34318542480469
12.mlp.down_proj,7,8,0.0713730975985527,True,35.969940185546875
12.mlp.down_proj,7,9,0.17267516255378723,True,70.9921875
12.mlp.down_proj,8,9,0.11714428663253784,True,49.980552673339844
13.self_attn.q_proj,0,1,0.14127103984355927,True,47.13290786743164
13.self_attn.q_proj,0,2,0.19681939482688904,True,67.93086242675781
13.self_attn.q_proj,0,3,0.25677698850631714,True,84.97956848144531
13.self_attn.q_proj,0,4,0.3105274736881256,True,86.94527435302734
13.self_attn.q_proj,0,5,0.341089129447937,True,89.55976867675781
13.self_attn.q_proj,0,6,0.37512630224227905,True,88.9433822631836
13.self_attn.q_proj,0,7,0.4021202623844147,True,89.24179077148438
13.self_attn.q_proj,0,8,0.4068884253501892,True,89.3865737915039
13.self_attn.q_proj,0,9,0.36910679936408997,True,89.19205474853516
13.self_attn.q_proj,1,2,0.08022969961166382,True,48.185733795166016
13.self_attn.q_proj,1,3,0.1538058966398239,True,71.9986343383789
13.self_attn.q_proj,1,4,0.22981423139572144,True,76.18539428710938
13.self_attn.q_proj,1,5,0.27124640345573425,True,83.83345794677734
13.self_attn.q_proj,1,6,0.32431307435035706,True,88.31877899169922
13.self_attn.q_proj,1,7,0.3714907765388489,True,88.8622055053711
13.self_attn.q_proj,1,8,0.3935655653476715,True,89.781494140625
13.self_attn.q_proj,1,9,0.3751958906650543,True,89.66947174072266
13.self_attn.q_proj,2,3,0.0842161551117897,True,26.815515518188477
13.self_attn.q_proj,2,4,0.16507762670516968,True,35.62150955200195
13.self_attn.q_proj,2,5,0.21327631175518036,True,52.57762145996094
13.self_attn.q_proj,2,6,0.27712586522102356,True,68.88317108154297
13.self_attn.q_proj,2,7,0.33715564012527466,True,77.44364929199219
13.self_attn.q_proj,2,8,0.3727458119392395,True,83.46849822998047
13.self_attn.q_proj,2,9,0.3720398545265198,True,85.66173553466797
13.self_attn.q_proj,3,4,0.09988318383693695,True,13.320931434631348
13.self_attn.q_proj,3,5,0.14883825182914734,True,33.83735275268555
13.self_attn.q_proj,3,6,0.2210829108953476,True,55.46992874145508
13.self_attn.q_proj,3,7,0.2943326234817505,True,70.64083862304688
13.self_attn.q_proj,3,8,0.34503161907196045,True,79.28184509277344
13.self_attn.q_proj,3,9,0.3648277521133423,True,82.8847885131836
13.self_attn.q_proj,4,5,0.09081150591373444,True,21.08542251586914
13.self_attn.q_proj,4,6,0.1642589271068573,True,44.75448226928711
13.self_attn.q_proj,4,7,0.24261829257011414,True,65.12771606445312
13.self_attn.q_proj,4,8,0.3098146319389343,True,75.89010620117188
13.self_attn.q_proj,4,9,0.35507553815841675,True,80.38401794433594
13.self_attn.q_proj,5,6,0.09671881794929504,True,27.867080688476562
13.self_attn.q_proj,5,7,0.19043299555778503,True,56.99904251098633
13.self_attn.q_proj,5,8,0.27245959639549255,True,70.45059204101562
13.self_attn.q_proj,5,9,0.34175390005111694,True,76.74410247802734
13.self_attn.q_proj,6,7,0.11078593134880066,True,39.13124084472656
13.self_attn.q_proj,6,8,0.20864416658878326,True,55.88215637207031
13.self_attn.q_proj,6,9,0.3100961148738861,True,67.74053955078125
13.self_attn.q_proj,7,8,0.12107338756322861,True,23.165300369262695
13.self_attn.q_proj,7,9,0.2608843743801117,True,46.68156051635742
13.self_attn.q_proj,8,9,0.17778827250003815,True,29.513744354248047
13.self_attn.k_proj,0,1,0.14127103984355927,True,47.13290786743164
13.self_attn.k_proj,0,2,0.19681939482688904,True,67.93086242675781
13.self_attn.k_proj,0,3,0.25677698850631714,True,84.97956848144531
13.self_attn.k_proj,0,4,0.3105274736881256,True,86.94527435302734
13.self_attn.k_proj,0,5,0.341089129447937,True,89.55976867675781
13.self_attn.k_proj,0,6,0.37512630224227905,True,88.9433822631836
13.self_attn.k_proj,0,7,0.4021202623844147,True,89.24179077148438
13.self_attn.k_proj,0,8,0.4068884253501892,True,89.3865737915039
13.self_attn.k_proj,0,9,0.36910679936408997,True,89.19205474853516
13.self_attn.k_proj,1,2,0.08022969961166382,True,48.185733795166016
13.self_attn.k_proj,1,3,0.1538058966398239,True,71.9986343383789
13.self_attn.k_proj,1,4,0.22981423139572144,True,76.18539428710938
13.self_attn.k_proj,1,5,0.27124640345573425,True,83.83345794677734
13.self_attn.k_proj,1,6,0.32431307435035706,True,88.31877899169922
13.self_attn.k_proj,1,7,0.3714907765388489,True,88.8622055053711
13.self_attn.k_proj,1,8,0.3935655653476715,True,89.781494140625
13.self_attn.k_proj,1,9,0.3751958906650543,True,89.66947174072266
13.self_attn.k_proj,2,3,0.0842161551117897,True,26.815515518188477
13.self_attn.k_proj,2,4,0.16507762670516968,True,35.62150955200195
13.self_attn.k_proj,2,5,0.21327631175518036,True,52.57762145996094
13.self_attn.k_proj,2,6,0.27712586522102356,True,68.88317108154297
13.self_attn.k_proj,2,7,0.33715564012527466,True,77.44364929199219
13.self_attn.k_proj,2,8,0.3727458119392395,True,83.46849822998047
13.self_attn.k_proj,2,9,0.3720398545265198,True,85.66173553466797
13.self_attn.k_proj,3,4,0.09988318383693695,True,13.320931434631348
13.self_attn.k_proj,3,5,0.14883825182914734,True,33.83735275268555
13.self_attn.k_proj,3,6,0.2210829108953476,True,55.46992874145508
13.self_attn.k_proj,3,7,0.2943326234817505,True,70.64083862304688
13.self_attn.k_proj,3,8,0.34503161907196045,True,79.28184509277344
13.self_attn.k_proj,3,9,0.3648277521133423,True,82.8847885131836
13.self_attn.k_proj,4,5,0.09081150591373444,True,21.08542251586914
13.self_attn.k_proj,4,6,0.1642589271068573,True,44.75448226928711
13.self_attn.k_proj,4,7,0.24261829257011414,True,65.12771606445312
13.self_attn.k_proj,4,8,0.3098146319389343,True,75.89010620117188
13.self_attn.k_proj,4,9,0.35507553815841675,True,80.38401794433594
13.self_attn.k_proj,5,6,0.09671881794929504,True,27.867080688476562
13.self_attn.k_proj,5,7,0.19043299555778503,True,56.99904251098633
13.self_attn.k_proj,5,8,0.27245959639549255,True,70.45059204101562
13.self_attn.k_proj,5,9,0.34175390005111694,True,76.74410247802734
13.self_attn.k_proj,6,7,0.11078593134880066,True,39.13124084472656
13.self_attn.k_proj,6,8,0.20864416658878326,True,55.88215637207031
13.self_attn.k_proj,6,9,0.3100961148738861,True,67.74053955078125
13.self_attn.k_proj,7,8,0.12107338756322861,True,23.165300369262695
13.self_attn.k_proj,7,9,0.2608843743801117,True,46.68156051635742
13.self_attn.k_proj,8,9,0.17778827250003815,True,29.513744354248047
13.self_attn.v_proj,0,1,0.14127103984355927,True,47.13290786743164
13.self_attn.v_proj,0,2,0.19681939482688904,True,67.93086242675781
13.self_attn.v_proj,0,3,0.25677698850631714,True,84.97956848144531
13.self_attn.v_proj,0,4,0.3105274736881256,True,86.94527435302734
13.self_attn.v_proj,0,5,0.341089129447937,True,89.55976867675781
13.self_attn.v_proj,0,6,0.37512630224227905,True,88.9433822631836
13.self_attn.v_proj,0,7,0.4021202623844147,True,89.24179077148438
13.self_attn.v_proj,0,8,0.4068884253501892,True,89.3865737915039
13.self_attn.v_proj,0,9,0.36910679936408997,True,89.19205474853516
13.self_attn.v_proj,1,2,0.08022969961166382,True,48.185733795166016
13.self_attn.v_proj,1,3,0.1538058966398239,True,71.9986343383789
13.self_attn.v_proj,1,4,0.22981423139572144,True,76.18539428710938
13.self_attn.v_proj,1,5,0.27124640345573425,True,83.83345794677734
13.self_attn.v_proj,1,6,0.32431307435035706,True,88.31877899169922
13.self_attn.v_proj,1,7,0.3714907765388489,True,88.8622055053711
13.self_attn.v_proj,1,8,0.3935655653476715,True,89.781494140625
13.self_attn.v_proj,1,9,0.3751958906650543,True,89.66947174072266
13.self_attn.v_proj,2,3,0.0842161551117897,True,26.815515518188477
13.self_attn.v_proj,2,4,0.16507762670516968,True,35.62150955200195
13.self_attn.v_proj,2,5,0.21327631175518036,True,52.57762145996094
13.self_attn.v_proj,2,6,0.27712586522102356,True,68.88317108154297
13.self_attn.v_proj,2,7,0.33715564012527466,True,77.44364929199219
13.self_attn.v_proj,2,8,0.3727458119392395,True,83.46849822998047
13.self_attn.v_proj,2,9,0.3720398545265198,True,85.66173553466797
13.self_attn.v_proj,3,4,0.09988318383693695,True,13.320931434631348
13.self_attn.v_proj,3,5,0.14883825182914734,True,33.83735275268555
13.self_attn.v_proj,3,6,0.2210829108953476,True,55.46992874145508
13.self_attn.v_proj,3,7,0.2943326234817505,True,70.64083862304688
13.self_attn.v_proj,3,8,0.34503161907196045,True,79.28184509277344
13.self_attn.v_proj,3,9,0.3648277521133423,True,82.8847885131836
13.self_attn.v_proj,4,5,0.09081150591373444,True,21.08542251586914
13.self_attn.v_proj,4,6,0.1642589271068573,True,44.75448226928711
13.self_attn.v_proj,4,7,0.24261829257011414,True,65.12771606445312
13.self_attn.v_proj,4,8,0.3098146319389343,True,75.89010620117188
13.self_attn.v_proj,4,9,0.35507553815841675,True,80.38401794433594
13.self_attn.v_proj,5,6,0.09671881794929504,True,27.867080688476562
13.self_attn.v_proj,5,7,0.19043299555778503,True,56.99904251098633
13.self_attn.v_proj,5,8,0.27245959639549255,True,70.45059204101562
13.self_attn.v_proj,5,9,0.34175390005111694,True,76.74410247802734
13.self_attn.v_proj,6,7,0.11078593134880066,True,39.13124084472656
13.self_attn.v_proj,6,8,0.20864416658878326,True,55.88215637207031
13.self_attn.v_proj,6,9,0.3100961148738861,True,67.74053955078125
13.self_attn.v_proj,7,8,0.12107338756322861,True,23.165300369262695
13.self_attn.v_proj,7,9,0.2608843743801117,True,46.68156051635742
13.self_attn.v_proj,8,9,0.17778827250003815,True,29.513744354248047
13.self_attn.o_proj,0,1,0.022196555510163307,True,8.142058372497559
13.self_attn.o_proj,0,2,0.02989167533814907,True,10.190898895263672
13.self_attn.o_proj,0,3,0.04261480271816254,True,13.220316886901855
13.self_attn.o_proj,0,4,0.05645352229475975,True,19.778148651123047
13.self_attn.o_proj,0,5,0.0707148090004921,True,37.895938873291016
13.self_attn.o_proj,0,6,0.08730647712945938,True,46.389862060546875
13.self_attn.o_proj,0,7,0.11152076721191406,True,55.473228454589844
13.self_attn.o_proj,0,8,0.1403876096010208,True,60.990928649902344
13.self_attn.o_proj,0,9,0.18624350428581238,True,88.98441314697266
13.self_attn.o_proj,1,2,0.010965212248265743,True,3.3741159439086914
13.self_attn.o_proj,1,3,0.024261169135570526,True,9.366930961608887
13.self_attn.o_proj,1,4,0.03979633376002312,True,14.464482307434082
13.self_attn.o_proj,1,5,0.05593634024262428,True,36.68029022216797
13.self_attn.o_proj,1,6,0.07530403882265091,True,45.93629455566406
13.self_attn.o_proj,1,7,0.10234303772449493,True,55.2620849609375
13.self_attn.o_proj,1,8,0.13409359753131866,True,60.566463470458984
13.self_attn.o_proj,1,9,0.18366700410842896,True,88.47462463378906
13.self_attn.o_proj,2,3,0.014751940034329891,True,8.335973739624023
13.self_attn.o_proj,2,4,0.030635962262749672,True,13.927709579467773
13.self_attn.o_proj,2,5,0.04743552580475807,True,36.557857513427734
13.self_attn.o_proj,2,6,0.06785663962364197,True,45.805992126464844
13.self_attn.o_proj,2,7,0.09643083810806274,True,55.08510971069336
13.self_attn.o_proj,2,8,0.12992897629737854,True,60.34408950805664
13.self_attn.o_proj,2,9,0.1818196028470993,True,88.29230499267578
13.self_attn.o_proj,3,4,0.017934784293174744,True,7.962867736816406
13.self_attn.o_proj,3,5,0.034868307411670685,True,29.160486221313477
13.self_attn.o_proj,3,6,0.05638677626848221,True,38.523033142089844
13.self_attn.o_proj,3,7,0.08680642396211624,True,48.437862396240234
13.self_attn.o_proj,3,8,0.12262076139450073,True,54.57118606567383
13.self_attn.o_proj,3,9,0.17821519076824188,True,88.20487213134766
13.self_attn.o_proj,4,5,0.020218010991811752,True,23.577617645263672
13.self_attn.o_proj,4,6,0.04375772550702095,True,33.60368347167969
13.self_attn.o_proj,4,7,0.075886070728302,True,43.962032318115234
13.self_attn.o_proj,4,8,0.1140732690691948,True,50.355628967285156
13.self_attn.o_proj,4,9,0.17382727563381195,True,88.06732940673828
13.self_attn.o_proj,5,6,0.026335088536143303,True,12.38826847076416
13.self_attn.o_proj,5,7,0.05983894690871239,True,25.07858657836914
13.self_attn.o_proj,5,8,0.10091842710971832,True,34.42716979980469
13.self_attn.o_proj,5,9,0.16643299162387848,True,87.70097351074219
13.self_attn.o_proj,6,7,0.03572464734315872,True,13.53330135345459
13.self_attn.o_proj,6,8,0.08010630309581757,True,24.570035934448242
13.self_attn.o_proj,6,9,0.15307199954986572,True,87.43604278564453
13.self_attn.o_proj,7,8,0.047955550253391266,True,13.559677124023438
13.self_attn.o_proj,7,9,0.13063107430934906,True,85.53787231445312
13.self_attn.o_proj,8,9,0.0923517495393753,True,85.95033264160156
13.mlp.gate_proj,0,1,0.07070090621709824,True,55.368377685546875
13.mlp.gate_proj,0,2,0.09025634825229645,True,59.721038818359375
13.mlp.gate_proj,0,3,0.1159701943397522,True,60.98826599121094
13.mlp.gate_proj,0,4,0.13270239531993866,True,62.83393478393555
13.mlp.gate_proj,0,5,0.1599111557006836,True,66.11640930175781
13.mlp.gate_proj,0,6,0.18675459921360016,True,69.67298889160156
13.mlp.gate_proj,0,7,0.21305155754089355,True,77.83480072021484
13.mlp.gate_proj,0,8,0.23519444465637207,True,82.89769744873047
13.mlp.gate_proj,0,9,0.2668339014053345,True,88.19903564453125
13.mlp.gate_proj,1,2,0.043327413499355316,True,8.2000150680542
13.mlp.gate_proj,1,3,0.07556653022766113,True,17.16211700439453
13.mlp.gate_proj,1,4,0.10100702941417694,True,37.72352600097656
13.mlp.gate_proj,1,5,0.13321538269519806,True,47.13374328613281
13.mlp.gate_proj,1,6,0.1678762137889862,True,59.364540100097656
13.mlp.gate_proj,1,7,0.20087818801403046,True,80.8508071899414
13.mlp.gate_proj,1,8,0.22850525379180908,True,87.32388305664062
13.mlp.gate_proj,1,9,0.2653225064277649,True,87.2020034790039
13.mlp.gate_proj,2,3,0.04510170593857765,True,11.721697807312012
13.mlp.gate_proj,2,4,0.07037205994129181,True,35.90318298339844
13.mlp.gate_proj,2,5,0.10556898266077042,True,45.10673141479492
13.mlp.gate_proj,2,6,0.14473408460617065,True,57.56340026855469
13.mlp.gate_proj,2,7,0.18206468224525452,True,79.68255615234375
13.mlp.gate_proj,2,8,0.21556097269058228,True,86.46512603759766
13.mlp.gate_proj,2,9,0.25940054655075073,True,86.83880615234375
13.mlp.gate_proj,3,4,0.04550459608435631,True,26.61151885986328
13.mlp.gate_proj,3,5,0.07926678657531738,True,35.879669189453125
13.mlp.gate_proj,3,6,0.12186850607395172,True,48.96553039550781
13.mlp.gate_proj,3,7,0.1632954478263855,True,73.98323059082031
13.mlp.gate_proj,3,8,0.20326222479343414,True,82.89114379882812
13.mlp.gate_proj,3,9,0.2543898820877075,True,86.17699432373047
13.mlp.gate_proj,4,5,0.04964908957481384,True,14.381901741027832
13.mlp.gate_proj,4,6,0.09432213008403778,True,28.95962905883789
13.mlp.gate_proj,4,7,0.13963988423347473,True,61.257572174072266
13.mlp.gate_proj,4,8,0.18543502688407898,True,75.18995666503906
13.mlp.gate_proj,4,9,0.24542129039764404,True,89.56490325927734
13.mlp.gate_proj,5,6,0.05862129107117653,True,17.374834060668945
13.mlp.gate_proj,5,7,0.10888141393661499,True,53.58502197265625
13.mlp.gate_proj,5,8,0.1619567722082138,True,69.33683776855469
13.mlp.gate_proj,5,9,0.23412807285785675,True,89.70963287353516
13.mlp.gate_proj,6,7,0.06842677295207977,True,38.83147430419922
13.mlp.gate_proj,6,8,0.1257653683423996,True,57.46665573120117
13.mlp.gate_proj,6,9,0.21466411650180817,True,89.81723022460938
13.mlp.gate_proj,7,8,0.08027558028697968,True,27.278310775756836
13.mlp.gate_proj,7,9,0.1860278844833374,True,89.10694885253906
13.mlp.gate_proj,8,9,0.12921448051929474,True,84.57308197021484
13.mlp.up_proj,0,1,0.07070090621709824,True,55.368377685546875
13.mlp.up_proj,0,2,0.09025634825229645,True,59.721038818359375
13.mlp.up_proj,0,3,0.1159701943397522,True,60.98826599121094
13.mlp.up_proj,0,4,0.13270239531993866,True,62.83393478393555
13.mlp.up_proj,0,5,0.1599111557006836,True,66.11640930175781
13.mlp.up_proj,0,6,0.18675459921360016,True,69.67298889160156
13.mlp.up_proj,0,7,0.21305155754089355,True,77.83480072021484
13.mlp.up_proj,0,8,0.23519444465637207,True,82.89769744873047
13.mlp.up_proj,0,9,0.2668339014053345,True,88.19903564453125
13.mlp.up_proj,1,2,0.043327413499355316,True,8.2000150680542
13.mlp.up_proj,1,3,0.07556653022766113,True,17.16211700439453
13.mlp.up_proj,1,4,0.10100702941417694,True,37.72352600097656
13.mlp.up_proj,1,5,0.13321538269519806,True,47.13374328613281
13.mlp.up_proj,1,6,0.1678762137889862,True,59.364540100097656
13.mlp.up_proj,1,7,0.20087818801403046,True,80.8508071899414
13.mlp.up_proj,1,8,0.22850525379180908,True,87.32388305664062
13.mlp.up_proj,1,9,0.2653225064277649,True,87.2020034790039
13.mlp.up_proj,2,3,0.04510170593857765,True,11.721697807312012
13.mlp.up_proj,2,4,0.07037205994129181,True,35.90318298339844
13.mlp.up_proj,2,5,0.10556898266077042,True,45.10673141479492
13.mlp.up_proj,2,6,0.14473408460617065,True,57.56340026855469
13.mlp.up_proj,2,7,0.18206468224525452,True,79.68255615234375
13.mlp.up_proj,2,8,0.21556097269058228,True,86.46512603759766
13.mlp.up_proj,2,9,0.25940054655075073,True,86.83880615234375
13.mlp.up_proj,3,4,0.04550459608435631,True,26.61151885986328
13.mlp.up_proj,3,5,0.07926678657531738,True,35.879669189453125
13.mlp.up_proj,3,6,0.12186850607395172,True,48.96553039550781
13.mlp.up_proj,3,7,0.1632954478263855,True,73.98323059082031
13.mlp.up_proj,3,8,0.20326222479343414,True,82.89114379882812
13.mlp.up_proj,3,9,0.2543898820877075,True,86.17699432373047
13.mlp.up_proj,4,5,0.04964908957481384,True,14.381901741027832
13.mlp.up_proj,4,6,0.09432213008403778,True,28.95962905883789
13.mlp.up_proj,4,7,0.13963988423347473,True,61.257572174072266
13.mlp.up_proj,4,8,0.18543502688407898,True,75.18995666503906
13.mlp.up_proj,4,9,0.24542129039764404,True,89.56490325927734
13.mlp.up_proj,5,6,0.05862129107117653,True,17.374834060668945
13.mlp.up_proj,5,7,0.10888141393661499,True,53.58502197265625
13.mlp.up_proj,5,8,0.1619567722082138,True,69.33683776855469
13.mlp.up_proj,5,9,0.23412807285785675,True,89.70963287353516
13.mlp.up_proj,6,7,0.06842677295207977,True,38.83147430419922
13.mlp.up_proj,6,8,0.1257653683423996,True,57.46665573120117
13.mlp.up_proj,6,9,0.21466411650180817,True,89.81723022460938
13.mlp.up_proj,7,8,0.08027558028697968,True,27.278310775756836
13.mlp.up_proj,7,9,0.1860278844833374,True,89.10694885253906
13.mlp.up_proj,8,9,0.12921448051929474,True,84.57308197021484
13.mlp.down_proj,0,1,0.03586149215698242,True,14.144206047058105
13.mlp.down_proj,0,2,0.04777943715453148,True,18.238332748413086
13.mlp.down_proj,0,3,0.061474140733480453,True,30.579011917114258
13.mlp.down_proj,0,4,0.07511505484580994,True,43.1341552734375
13.mlp.down_proj,0,5,0.09372532367706299,True,66.58846282958984
13.mlp.down_proj,0,6,0.11539161950349808,True,73.82462310791016
13.mlp.down_proj,0,7,0.13982802629470825,True,75.76581573486328
13.mlp.down_proj,0,8,0.1689750999212265,True,76.71347045898438
13.mlp.down_proj,0,9,0.20652315020561218,True,84.65953826904297
13.mlp.down_proj,1,2,0.022584659978747368,True,11.469425201416016
13.mlp.down_proj,1,3,0.039679281413555145,True,25.504379272460938
13.mlp.down_proj,1,4,0.05690521374344826,True,38.64004898071289
13.mlp.down_proj,1,5,0.07829483598470688,True,65.08202362060547
13.mlp.down_proj,1,6,0.10331835597753525,True,73.3672103881836
13.mlp.down_proj,1,7,0.13052178919315338,True,75.4280014038086
13.mlp.down_proj,1,8,0.1636277139186859,True,75.35582733154297
13.mlp.down_proj,1,9,0.2052481770515442,True,83.3414535522461
13.mlp.down_proj,2,3,0.02483970671892166,True,15.711610794067383
13.mlp.down_proj,2,4,0.04086343199014664,True,29.288631439208984
13.mlp.down_proj,2,5,0.06339409202337265,True,57.028873443603516
13.mlp.down_proj,2,6,0.09013266116380692,True,67.30929565429688
13.mlp.down_proj,2,7,0.11967597901821136,True,69.8912353515625
13.mlp.down_proj,2,8,0.15664708614349365,True,70.48040008544922
13.mlp.down_proj,2,9,0.20293492078781128,True,82.796875
13.mlp.down_proj,3,4,0.027609027922153473,True,14.928967475891113
13.mlp.down_proj,3,5,0.04831802845001221,True,43.18995666503906
13.mlp.down_proj,3,6,0.07628544420003891,True,55.12013244628906
13.mlp.down_proj,3,7,0.10803796350955963,True,58.93046569824219
13.mlp.down_proj,3,8,0.14858406782150269,True,61.84428405761719
13.mlp.down_proj,3,9,0.19978603720664978,True,83.15725708007812
13.mlp.down_proj,4,5,0.030251169577240944,True,30.27896499633789
13.mlp.down_proj,4,6,0.05908682569861412,True,45.963836669921875
13.mlp.down_proj,4,7,0.0927550420165062,True,51.00555419921875
13.mlp.down_proj,4,8,0.13818760216236115,True,56.95767593383789
13.mlp.down_proj,4,9,0.1946878880262375,True,82.4613265991211
13.mlp.down_proj,5,6,0.03610556945204735,True,29.970752716064453
13.mlp.down_proj,5,7,0.07260064780712128,True,40.52409362792969
13.mlp.down_proj,5,8,0.12392369657754898,True,56.18915939331055
13.mlp.down_proj,5,9,0.19118547439575195,True,84.2569580078125
13.mlp.down_proj,6,7,0.04434669017791748,True,18.444229125976562
13.mlp.down_proj,6,8,0.10110246390104294,True,52.6585693359375
13.mlp.down_proj,6,9,0.18053178489208221,True,85.17528533935547
13.mlp.down_proj,7,8,0.0682629644870758,True,42.57644271850586
13.mlp.down_proj,7,9,0.16196632385253906,True,81.07475280761719
13.mlp.down_proj,8,9,0.1179664209485054,True,54.080631256103516
14.self_attn.q_proj,0,1,0.1125921905040741,True,78.43102264404297
14.self_attn.q_proj,0,2,0.1505161076784134,True,87.582763671875
14.self_attn.q_proj,0,3,0.2051592618227005,True,53.82585525512695
14.self_attn.q_proj,0,4,0.23502853512763977,True,80.78219604492188
14.self_attn.q_proj,0,5,0.27454882860183716,True,77.44065856933594
14.self_attn.q_proj,0,6,0.32363811135292053,True,69.32122039794922
14.self_attn.q_proj,0,7,0.36470866203308105,True,70.39286804199219
14.self_attn.q_proj,0,8,0.3854878842830658,True,85.61227416992188
14.self_attn.q_proj,0,9,0.3982521593570709,True,85.30974578857422
14.self_attn.q_proj,1,2,0.07286538183689117,True,13.082950592041016
14.self_attn.q_proj,1,3,0.14257575571537018,True,80.07281494140625
14.self_attn.q_proj,1,4,0.1852540224790573,True,34.98052215576172
14.self_attn.q_proj,1,5,0.22753489017486572,True,45.21409606933594
14.self_attn.q_proj,1,6,0.2908625602722168,True,69.43571472167969
14.self_attn.q_proj,1,7,0.3446943759918213,True,81.03882598876953
14.self_attn.q_proj,1,8,0.3745439052581787,True,70.38026428222656
14.self_attn.q_proj,1,9,0.39687278866767883,True,83.11189270019531
14.self_attn.q_proj,2,3,0.09248536825180054,True,72.03729248046875
14.self_attn.q_proj,2,4,0.13553020358085632,True,26.116884231567383
14.self_attn.q_proj,2,5,0.1815883219242096,True,37.99317932128906
14.self_attn.q_proj,2,6,0.25164908170700073,True,63.00635528564453
14.self_attn.q_proj,2,7,0.31463566422462463,True,75.48795318603516
14.self_attn.q_proj,2,8,0.35375267267227173,True,67.79815673828125
14.self_attn.q_proj,2,9,0.388193815946579,True,81.4594497680664
14.self_attn.q_proj,3,4,0.07189160585403442,True,53.70454788208008
14.self_attn.q_proj,3,5,0.13497085869312286,True,47.61848831176758
14.self_attn.q_proj,3,6,0.20263174176216125,True,37.17123031616211
14.self_attn.q_proj,3,7,0.27136167883872986,True,47.66104507446289
14.self_attn.q_proj,3,8,0.325635701417923,True,78.56571960449219
14.self_attn.q_proj,3,9,0.3757781386375427,True,84.02961730957031
14.self_attn.q_proj,4,5,0.09505331516265869,True,14.76906967163086
14.self_attn.q_proj,4,6,0.16137631237506866,True,42.56926345825195
14.self_attn.q_proj,4,7,0.23490485548973083,True,59.3000602722168
14.self_attn.q_proj,4,8,0.29806774854660034,True,62.73204803466797
14.self_attn.q_proj,4,9,0.3615044057369232,True,78.31037902832031
14.self_attn.q_proj,5,6,0.10449431836605072,True,30.140979766845703
14.self_attn.q_proj,5,7,0.19233648478984833,True,48.00029373168945
14.self_attn.q_proj,5,8,0.2601687014102936,True,60.57919692993164
14.self_attn.q_proj,5,9,0.34444746375083923,True,74.66888427734375
14.self_attn.q_proj,6,7,0.11057952046394348,True,22.879941940307617
14.self_attn.q_proj,6,8,0.19272495806217194,True,65.4034423828125
14.self_attn.q_proj,6,9,0.30677515268325806,True,74.92272186279297
14.self_attn.q_proj,7,8,0.11821538954973221,True,67.31905364990234
14.self_attn.q_proj,7,9,0.25461888313293457,True,74.72869873046875
14.self_attn.q_proj,8,9,0.17125636339187622,True,55.09321975708008
14.self_attn.k_proj,0,1,0.1125921905040741,True,78.43102264404297
14.self_attn.k_proj,0,2,0.1505161076784134,True,87.582763671875
14.self_attn.k_proj,0,3,0.2051592618227005,True,53.82585525512695
14.self_attn.k_proj,0,4,0.23502853512763977,True,80.78219604492188
14.self_attn.k_proj,0,5,0.27454882860183716,True,77.44065856933594
14.self_attn.k_proj,0,6,0.32363811135292053,True,69.32122039794922
14.self_attn.k_proj,0,7,0.36470866203308105,True,70.39286804199219
14.self_attn.k_proj,0,8,0.3854878842830658,True,85.61227416992188
14.self_attn.k_proj,0,9,0.3982521593570709,True,85.30974578857422
14.self_attn.k_proj,1,2,0.07286538183689117,True,13.082950592041016
14.self_attn.k_proj,1,3,0.14257575571537018,True,80.07281494140625
14.self_attn.k_proj,1,4,0.1852540224790573,True,34.98052215576172
14.self_attn.k_proj,1,5,0.22753489017486572,True,45.21409606933594
14.self_attn.k_proj,1,6,0.2908625602722168,True,69.43571472167969
14.self_attn.k_proj,1,7,0.3446943759918213,True,81.03882598876953
14.self_attn.k_proj,1,8,0.3745439052581787,True,70.38026428222656
14.self_attn.k_proj,1,9,0.39687278866767883,True,83.11189270019531
14.self_attn.k_proj,2,3,0.09248536825180054,True,72.03729248046875
14.self_attn.k_proj,2,4,0.13553020358085632,True,26.116884231567383
14.self_attn.k_proj,2,5,0.1815883219242096,True,37.99317932128906
14.self_attn.k_proj,2,6,0.25164908170700073,True,63.00635528564453
14.self_attn.k_proj,2,7,0.31463566422462463,True,75.48795318603516
14.self_attn.k_proj,2,8,0.35375267267227173,True,67.79815673828125
14.self_attn.k_proj,2,9,0.388193815946579,True,81.4594497680664
14.self_attn.k_proj,3,4,0.07189160585403442,True,53.70454788208008
14.self_attn.k_proj,3,5,0.13497085869312286,True,47.61848831176758
14.self_attn.k_proj,3,6,0.20263174176216125,True,37.17123031616211
14.self_attn.k_proj,3,7,0.27136167883872986,True,47.66104507446289
14.self_attn.k_proj,3,8,0.325635701417923,True,78.56571960449219
14.self_attn.k_proj,3,9,0.3757781386375427,True,84.02961730957031
14.self_attn.k_proj,4,5,0.09505331516265869,True,14.76906967163086
14.self_attn.k_proj,4,6,0.16137631237506866,True,42.56926345825195
14.self_attn.k_proj,4,7,0.23490485548973083,True,59.3000602722168
14.self_attn.k_proj,4,8,0.29806774854660034,True,62.73204803466797
14.self_attn.k_proj,4,9,0.3615044057369232,True,78.31037902832031
14.self_attn.k_proj,5,6,0.10449431836605072,True,30.140979766845703
14.self_attn.k_proj,5,7,0.19233648478984833,True,48.00029373168945
14.self_attn.k_proj,5,8,0.2601687014102936,True,60.57919692993164
14.self_attn.k_proj,5,9,0.34444746375083923,True,74.66888427734375
14.self_attn.k_proj,6,7,0.11057952046394348,True,22.879941940307617
14.self_attn.k_proj,6,8,0.19272495806217194,True,65.4034423828125
14.self_attn.k_proj,6,9,0.30677515268325806,True,74.92272186279297
14.self_attn.k_proj,7,8,0.11821538954973221,True,67.31905364990234
14.self_attn.k_proj,7,9,0.25461888313293457,True,74.72869873046875
14.self_attn.k_proj,8,9,0.17125636339187622,True,55.09321975708008
14.self_attn.v_proj,0,1,0.1125921905040741,True,78.43102264404297
14.self_attn.v_proj,0,2,0.1505161076784134,True,87.582763671875
14.self_attn.v_proj,0,3,0.2051592618227005,True,53.82585525512695
14.self_attn.v_proj,0,4,0.23502853512763977,True,80.78219604492188
14.self_attn.v_proj,0,5,0.27454882860183716,True,77.44065856933594
14.self_attn.v_proj,0,6,0.32363811135292053,True,69.32122039794922
14.self_attn.v_proj,0,7,0.36470866203308105,True,70.39286804199219
14.self_attn.v_proj,0,8,0.3854878842830658,True,85.61227416992188
14.self_attn.v_proj,0,9,0.3982521593570709,True,85.30974578857422
14.self_attn.v_proj,1,2,0.07286538183689117,True,13.082950592041016
14.self_attn.v_proj,1,3,0.14257575571537018,True,80.07281494140625
14.self_attn.v_proj,1,4,0.1852540224790573,True,34.98052215576172
14.self_attn.v_proj,1,5,0.22753489017486572,True,45.21409606933594
14.self_attn.v_proj,1,6,0.2908625602722168,True,69.43571472167969
14.self_attn.v_proj,1,7,0.3446943759918213,True,81.03882598876953
14.self_attn.v_proj,1,8,0.3745439052581787,True,70.38026428222656
14.self_attn.v_proj,1,9,0.39687278866767883,True,83.11189270019531
14.self_attn.v_proj,2,3,0.09248536825180054,True,72.03729248046875
14.self_attn.v_proj,2,4,0.13553020358085632,True,26.116884231567383
14.self_attn.v_proj,2,5,0.1815883219242096,True,37.99317932128906
14.self_attn.v_proj,2,6,0.25164908170700073,True,63.00635528564453
14.self_attn.v_proj,2,7,0.31463566422462463,True,75.48795318603516
14.self_attn.v_proj,2,8,0.35375267267227173,True,67.79815673828125
14.self_attn.v_proj,2,9,0.388193815946579,True,81.4594497680664
14.self_attn.v_proj,3,4,0.07189160585403442,True,53.70454788208008
14.self_attn.v_proj,3,5,0.13497085869312286,True,47.61848831176758
14.self_attn.v_proj,3,6,0.20263174176216125,True,37.17123031616211
14.self_attn.v_proj,3,7,0.27136167883872986,True,47.66104507446289
14.self_attn.v_proj,3,8,0.325635701417923,True,78.56571960449219
14.self_attn.v_proj,3,9,0.3757781386375427,True,84.02961730957031
14.self_attn.v_proj,4,5,0.09505331516265869,True,14.76906967163086
14.self_attn.v_proj,4,6,0.16137631237506866,True,42.56926345825195
14.self_attn.v_proj,4,7,0.23490485548973083,True,59.3000602722168
14.self_attn.v_proj,4,8,0.29806774854660034,True,62.73204803466797
14.self_attn.v_proj,4,9,0.3615044057369232,True,78.31037902832031
14.self_attn.v_proj,5,6,0.10449431836605072,True,30.140979766845703
14.self_attn.v_proj,5,7,0.19233648478984833,True,48.00029373168945
14.self_attn.v_proj,5,8,0.2601687014102936,True,60.57919692993164
14.self_attn.v_proj,5,9,0.34444746375083923,True,74.66888427734375
14.self_attn.v_proj,6,7,0.11057952046394348,True,22.879941940307617
14.self_attn.v_proj,6,8,0.19272495806217194,True,65.4034423828125
14.self_attn.v_proj,6,9,0.30677515268325806,True,74.92272186279297
14.self_attn.v_proj,7,8,0.11821538954973221,True,67.31905364990234
14.self_attn.v_proj,7,9,0.25461888313293457,True,74.72869873046875
14.self_attn.v_proj,8,9,0.17125636339187622,True,55.09321975708008
14.self_attn.o_proj,0,1,0.005736708641052246,True,4.8779706954956055
14.self_attn.o_proj,0,2,0.007464839145541191,True,22.583768844604492
14.self_attn.o_proj,0,3,0.010413332842290401,True,76.63480377197266
14.self_attn.o_proj,0,4,0.013280081562697887,True,77.03227996826172
14.self_attn.o_proj,0,5,0.016184912994503975,True,80.6217041015625
14.self_attn.o_proj,0,6,0.022115759551525116,True,83.95278930664062
14.self_attn.o_proj,0,7,0.027951328083872795,True,84.59263610839844
14.self_attn.o_proj,0,8,0.03433961421251297,True,85.20120239257812
14.self_attn.o_proj,0,9,0.0451139397919178,True,87.3301773071289
14.self_attn.o_proj,1,2,0.004389840178191662,True,19.836994171142578
14.self_attn.o_proj,1,3,0.007747597061097622,True,73.71835327148438
14.self_attn.o_proj,1,4,0.010641522705554962,True,74.2527847290039
14.self_attn.o_proj,1,5,0.014035890810191631,True,77.91939544677734
14.self_attn.o_proj,1,6,0.020591242238879204,True,81.27046966552734
14.self_attn.o_proj,1,7,0.02683829516172409,True,82.24134826660156
14.self_attn.o_proj,1,8,0.033588722348213196,True,83.04811096191406
14.self_attn.o_proj,1,9,0.04451904818415642,True,85.46868133544922
14.self_attn.o_proj,2,3,0.0046586631797254086,True,54.41950225830078
14.self_attn.o_proj,2,4,0.007771017961204052,True,54.90870666503906
14.self_attn.o_proj,2,5,0.01151883602142334,True,58.78300857543945
14.self_attn.o_proj,2,6,0.017925573512911797,True,62.71273422241211
14.self_attn.o_proj,2,7,0.024454155936837196,True,63.8853645324707
14.self_attn.o_proj,2,8,0.03161906078457832,True,65.05743408203125
14.self_attn.o_proj,2,9,0.042975667864084244,True,68.28179931640625
14.self_attn.o_proj,3,4,0.004803504794836044,True,3.9827566146850586
14.self_attn.o_proj,3,5,0.008439488708972931,True,8.321002006530762
14.self_attn.o_proj,3,6,0.01480648573487997,True,14.812533378601074
14.self_attn.o_proj,3,7,0.021532511338591576,True,20.24495506286621
14.self_attn.o_proj,3,8,0.029204178601503372,True,25.017475128173828
14.self_attn.o_proj,3,9,0.041099246591329575,True,29.267526626586914
14.self_attn.o_proj,4,5,0.005912586115300655,True,5.809911727905273
14.self_attn.o_proj,4,6,0.012215346097946167,True,12.830567359924316
14.self_attn.o_proj,4,7,0.019119327887892723,True,18.504226684570312
14.self_attn.o_proj,4,8,0.027102043852210045,True,23.3950252532959
14.self_attn.o_proj,4,9,0.039196062833070755,True,27.758834838867188
14.self_attn.o_proj,5,6,0.008047562092542648,True,7.767257213592529
14.self_attn.o_proj,5,7,0.01492459885776043,True,14.587337493896484
14.self_attn.o_proj,5,8,0.02306249551475048,True,19.757287979125977
14.self_attn.o_proj,5,9,0.035874269902706146,True,24.353609085083008
14.self_attn.o_proj,6,7,0.007961577735841274,True,7.310535907745361
14.self_attn.o_proj,6,8,0.016836022958159447,True,12.892289161682129
14.self_attn.o_proj,6,9,0.03055611252784729,True,19.619794845581055
14.self_attn.o_proj,7,8,0.009865357540547848,True,6.006519317626953
14.self_attn.o_proj,7,9,0.024225914850831032,True,13.643091201782227
14.self_attn.o_proj,8,9,0.015236270613968372,True,8.798727989196777
14.mlp.gate_proj,0,1,0.055920716375112534,True,9.972277641296387
14.mlp.gate_proj,0,2,0.07333832234144211,True,15.71962833404541
14.mlp.gate_proj,0,3,0.09542521834373474,True,21.052906036376953
14.mlp.gate_proj,0,4,0.11475934088230133,True,25.602678298950195
14.mlp.gate_proj,0,5,0.13899493217468262,True,31.02092742919922
14.mlp.gate_proj,0,6,0.1638602465391159,True,45.608253479003906
14.mlp.gate_proj,0,7,0.1967863142490387,True,59.77080535888672
14.mlp.gate_proj,0,8,0.22356946766376495,True,66.21355438232422
14.mlp.gate_proj,0,9,0.2683353126049042,True,70.791015625
14.mlp.gate_proj,1,2,0.035331953316926956,True,6.279008865356445
14.mlp.gate_proj,1,3,0.0595293752849102,True,12.243805885314941
14.mlp.gate_proj,1,4,0.0844099298119545,True,17.647022247314453
14.mlp.gate_proj,1,5,0.11218186467885971,True,25.493741989135742
14.mlp.gate_proj,1,6,0.1422368288040161,True,43.36662673950195
14.mlp.gate_proj,1,7,0.17997920513153076,True,59.08220672607422
14.mlp.gate_proj,1,8,0.2117489129304886,True,65.93730926513672
14.mlp.gate_proj,1,9,0.2614001929759979,True,70.58326721191406
14.mlp.gate_proj,2,3,0.03680001199245453,True,7.097077369689941
14.mlp.gate_proj,2,4,0.06249573454260826,True,12.877601623535156
14.mlp.gate_proj,2,5,0.08983290195465088,True,21.766780853271484
14.mlp.gate_proj,2,6,0.12250392138957977,True,41.7017936706543
14.mlp.gate_proj,2,7,0.16147926449775696,True,58.24934387207031
14.mlp.gate_proj,2,8,0.19732779264450073,True,65.30569458007812
14.mlp.gate_proj,2,9,0.25212469696998596,True,69.84222412109375
14.mlp.gate_proj,3,4,0.04146282374858856,True,6.818802833557129
14.mlp.gate_proj,3,5,0.06619834899902344,True,16.797388076782227
14.mlp.gate_proj,3,6,0.10000354796648026,True,38.73678207397461
14.mlp.gate_proj,3,7,0.14096970856189728,True,56.01846694946289
14.mlp.gate_proj,3,8,0.18037565052509308,True,63.38065719604492
14.mlp.gate_proj,3,9,0.24014058709144592,True,68.13575744628906
14.mlp.gate_proj,4,5,0.04125663638114929,True,11.122292518615723
14.mlp.gate_proj,4,6,0.07570219784975052,True,34.048301696777344
14.mlp.gate_proj,4,7,0.12256354838609695,True,51.999202728271484
14.mlp.gate_proj,4,8,0.1637083739042282,True,59.74800109863281
14.mlp.gate_proj,4,9,0.22979514300823212,True,65.54027557373047
14.mlp.gate_proj,5,6,0.04614013805985451,True,24.06618881225586
14.mlp.gate_proj,5,7,0.09321872889995575,True,42.75023651123047
14.mlp.gate_proj,5,8,0.13988184928894043,True,51.0792350769043
14.mlp.gate_proj,5,9,0.21495060622692108,True,58.860023498535156
14.mlp.gate_proj,6,7,0.05909273028373718,True,20.106786727905273
14.mlp.gate_proj,6,8,0.10655614733695984,True,30.301340103149414
14.mlp.gate_proj,6,9,0.19068221747875214,True,49.20661926269531
14.mlp.gate_proj,7,8,0.06518808752298355,True,12.57991886138916
14.mlp.gate_proj,7,9,0.15945598483085632,True,40.1484489440918
14.mlp.gate_proj,8,9,0.1078382208943367,True,30.79998016357422
14.mlp.up_proj,0,1,0.055920716375112534,True,9.972277641296387
14.mlp.up_proj,0,2,0.07333832234144211,True,15.71962833404541
14.mlp.up_proj,0,3,0.09542521834373474,True,21.052906036376953
14.mlp.up_proj,0,4,0.11475934088230133,True,25.602678298950195
14.mlp.up_proj,0,5,0.13899493217468262,True,31.02092742919922
14.mlp.up_proj,0,6,0.1638602465391159,True,45.608253479003906
14.mlp.up_proj,0,7,0.1967863142490387,True,59.77080535888672
14.mlp.up_proj,0,8,0.22356946766376495,True,66.21355438232422
14.mlp.up_proj,0,9,0.2683353126049042,True,70.791015625
14.mlp.up_proj,1,2,0.035331953316926956,True,6.279008865356445
14.mlp.up_proj,1,3,0.0595293752849102,True,12.243805885314941
14.mlp.up_proj,1,4,0.0844099298119545,True,17.647022247314453
14.mlp.up_proj,1,5,0.11218186467885971,True,25.493741989135742
14.mlp.up_proj,1,6,0.1422368288040161,True,43.36662673950195
14.mlp.up_proj,1,7,0.17997920513153076,True,59.08220672607422
14.mlp.up_proj,1,8,0.2117489129304886,True,65.93730926513672
14.mlp.up_proj,1,9,0.2614001929759979,True,70.58326721191406
14.mlp.up_proj,2,3,0.03680001199245453,True,7.097077369689941
14.mlp.up_proj,2,4,0.06249573454260826,True,12.877601623535156
14.mlp.up_proj,2,5,0.08983290195465088,True,21.766780853271484
14.mlp.up_proj,2,6,0.12250392138957977,True,41.7017936706543
14.mlp.up_proj,2,7,0.16147926449775696,True,58.24934387207031
14.mlp.up_proj,2,8,0.19732779264450073,True,65.30569458007812
14.mlp.up_proj,2,9,0.25212469696998596,True,69.84222412109375
14.mlp.up_proj,3,4,0.04146282374858856,True,6.818802833557129
14.mlp.up_proj,3,5,0.06619834899902344,True,16.797388076782227
14.mlp.up_proj,3,6,0.10000354796648026,True,38.73678207397461
14.mlp.up_proj,3,7,0.14096970856189728,True,56.01846694946289
14.mlp.up_proj,3,8,0.18037565052509308,True,63.38065719604492
14.mlp.up_proj,3,9,0.24014058709144592,True,68.13575744628906
14.mlp.up_proj,4,5,0.04125663638114929,True,11.122292518615723
14.mlp.up_proj,4,6,0.07570219784975052,True,34.048301696777344
14.mlp.up_proj,4,7,0.12256354838609695,True,51.999202728271484
14.mlp.up_proj,4,8,0.1637083739042282,True,59.74800109863281
14.mlp.up_proj,4,9,0.22979514300823212,True,65.54027557373047
14.mlp.up_proj,5,6,0.04614013805985451,True,24.06618881225586
14.mlp.up_proj,5,7,0.09321872889995575,True,42.75023651123047
14.mlp.up_proj,5,8,0.13988184928894043,True,51.0792350769043
14.mlp.up_proj,5,9,0.21495060622692108,True,58.860023498535156
14.mlp.up_proj,6,7,0.05909273028373718,True,20.106786727905273
14.mlp.up_proj,6,8,0.10655614733695984,True,30.301340103149414
14.mlp.up_proj,6,9,0.19068221747875214,True,49.20661926269531
14.mlp.up_proj,7,8,0.06518808752298355,True,12.57991886138916
14.mlp.up_proj,7,9,0.15945598483085632,True,40.1484489440918
14.mlp.up_proj,8,9,0.1078382208943367,True,30.79998016357422
14.mlp.down_proj,0,1,0.024218173697590828,True,12.177509307861328
14.mlp.down_proj,0,2,0.032222896814346313,True,17.09437370300293
14.mlp.down_proj,0,3,0.04290599003434181,True,18.204660415649414
14.mlp.down_proj,0,4,0.055766716599464417,True,22.70673179626465
14.mlp.down_proj,0,5,0.06890422850847244,True,48.89552307128906
14.mlp.down_proj,0,6,0.08613448590040207,True,72.0530014038086
14.mlp.down_proj,0,7,0.10340821743011475,True,81.4322280883789
14.mlp.down_proj,0,8,0.1284407079219818,True,86.27212524414062
14.mlp.down_proj,0,9,0.17589040100574493,True,89.2848129272461
14.mlp.down_proj,1,2,0.01620902121067047,True,6.717350482940674
14.mlp.down_proj,1,3,0.026924874633550644,True,14.307453155517578
14.mlp.down_proj,1,4,0.04223337769508362,True,17.8809871673584
14.mlp.down_proj,1,5,0.057055216282606125,True,53.47983932495117
14.mlp.down_proj,1,6,0.07650066912174225,True,77.4703598022461
14.mlp.down_proj,1,7,0.09626536071300507,True,86.95631408691406
14.mlp.down_proj,1,8,0.12436012923717499,True,88.50801086425781
14.mlp.down_proj,1,9,0.1747511476278305,True,87.1120834350586
14.mlp.down_proj,2,3,0.01763663813471794,True,12.598078727722168
14.mlp.down_proj,2,4,0.031116174533963203,True,14.562447547912598
14.mlp.down_proj,2,5,0.04577815905213356,True,54.42711639404297
14.mlp.down_proj,2,6,0.06600824743509293,True,78.67930603027344
14.mlp.down_proj,2,7,0.08673743158578873,True,88.0499496459961
14.mlp.down_proj,2,8,0.11720293015241623,True,87.77912139892578
14.mlp.down_proj,2,9,0.17106731235980988,True,86.8790512084961
14.mlp.down_proj,3,4,0.020601347088813782,True,7.011960506439209
14.mlp.down_proj,3,5,0.03640753775835037,True,43.64828872680664
14.mlp.down_proj,3,6,0.056395523250103,True,68.29498291015625
14.mlp.down_proj,3,7,0.07889725267887115,True,77.95989990234375
14.mlp.down_proj,3,8,0.11106857657432556,True,83.13853454589844
14.mlp.down_proj,3,9,0.1664736270904541,True,86.3438720703125
14.mlp.down_proj,4,5,0.02184644155204296,True,42.0974235534668
14.mlp.down_proj,4,6,0.04168384149670601,True,66.82279205322266
14.mlp.down_proj,4,7,0.06653892248868942,True,76.52888488769531
14.mlp.down_proj,4,8,0.10139046609401703,True,81.59297943115234
14.mlp.down_proj,4,9,0.1613726019859314,True,84.93601989746094
14.mlp.down_proj,5,6,0.026310492306947708,True,25.63720703125
14.mlp.down_proj,5,7,0.050949592143297195,True,36.39479446411133
14.mlp.down_proj,5,8,0.08899566531181335,True,45.414329528808594
14.mlp.down_proj,5,9,0.15434090793132782,True,56.878273010253906
14.mlp.down_proj,6,7,0.03055502474308014,True,12.043329238891602
14.mlp.down_proj,6,8,0.07065483182668686,True,24.968332290649414
14.mlp.down_proj,6,9,0.1409797966480255,True,46.08395004272461
14.mlp.down_proj,7,8,0.04536808654665947,True,17.77918243408203
14.mlp.down_proj,7,9,0.12192236632108688,True,43.95555877685547
14.mlp.down_proj,8,9,0.08385565131902695,True,32.40384292602539
15.self_attn.q_proj,0,1,0.08095754683017731,True,27.2217960357666
15.self_attn.q_proj,0,2,0.1268903613090515,True,21.10626983642578
15.self_attn.q_proj,0,3,0.18423563241958618,True,24.979461669921875
15.self_attn.q_proj,0,4,0.20243960618972778,True,30.983781814575195
15.self_attn.q_proj,0,5,0.23457714915275574,True,62.23109436035156
15.self_attn.q_proj,0,6,0.27605244517326355,True,89.15392303466797
15.self_attn.q_proj,0,7,0.31558385491371155,True,86.95823669433594
15.self_attn.q_proj,0,8,0.3261808454990387,True,85.8309326171875
15.self_attn.q_proj,0,9,0.32959750294685364,True,89.66863250732422
15.self_attn.q_proj,1,2,0.06711029261350632,True,12.103429794311523
15.self_attn.q_proj,1,3,0.1303347796201706,True,16.80461883544922
15.self_attn.q_proj,1,4,0.15586596727371216,True,21.064672470092773
15.self_attn.q_proj,1,5,0.19505378603935242,True,54.077232360839844
15.self_attn.q_proj,1,6,0.24609217047691345,True,85.71105194091797
15.self_attn.q_proj,1,7,0.2955101430416107,True,85.26246643066406
15.self_attn.q_proj,1,8,0.31565988063812256,True,85.64251708984375
15.self_attn.q_proj,1,9,0.32818517088890076,True,89.49420166015625
15.self_attn.q_proj,2,3,0.07148429751396179,True,8.984543800354004
15.self_attn.q_proj,2,4,0.10382849723100662,True,18.769826889038086
15.self_attn.q_proj,2,5,0.1509183943271637,True,55.548683166503906
15.self_attn.q_proj,2,6,0.20800922811031342,True,86.25028991699219
15.self_attn.q_proj,2,7,0.26559978723526,True,85.32217407226562
15.self_attn.q_proj,2,8,0.2971045970916748,True,85.26626586914062
15.self_attn.q_proj,2,9,0.32258540391921997,True,89.48456573486328
15.self_attn.q_proj,3,4,0.05727517604827881,True,11.00333309173584
15.self_attn.q_proj,3,5,0.1082330122590065,True,50.131404876708984
15.self_attn.q_proj,3,6,0.16695016622543335,True,83.91402435302734
15.self_attn.q_proj,3,7,0.23137550055980682,True,82.24479675292969
15.self_attn.q_proj,3,8,0.27548331022262573,True,82.1644058227539
15.self_attn.q_proj,3,9,0.3151721656322479,True,89.54605865478516
15.self_attn.q_proj,4,5,0.06291159987449646,True,43.35623550415039
15.self_attn.q_proj,4,6,0.12613415718078613,True,80.13343048095703
15.self_attn.q_proj,4,7,0.19671136140823364,True,78.50042724609375
15.self_attn.q_proj,4,8,0.24845662713050842,True,79.04502868652344
15.self_attn.q_proj,4,9,0.29975438117980957,True,88.3507080078125
15.self_attn.q_proj,5,6,0.07623659074306488,True,41.011592864990234
15.self_attn.q_proj,5,7,0.1507674753665924,True,43.38728713989258
15.self_attn.q_proj,5,8,0.21120919287204742,True,54.802886962890625
15.self_attn.q_proj,5,9,0.27721694111824036,True,82.2975082397461
15.self_attn.q_proj,6,7,0.08584553003311157,True,22.640836715698242
15.self_attn.q_proj,6,8,0.15794995427131653,True,43.68828582763672
15.self_attn.q_proj,6,9,0.24439769983291626,True,78.34136199951172
15.self_attn.q_proj,7,8,0.09103645384311676,True,23.021656036376953
15.self_attn.q_proj,7,9,0.19929012656211853,True,73.47291564941406
15.self_attn.q_proj,8,9,0.124806247651577,True,71.51373291015625
15.self_attn.k_proj,0,1,0.08095754683017731,True,27.2217960357666
15.self_attn.k_proj,0,2,0.1268903613090515,True,21.10626983642578
15.self_attn.k_proj,0,3,0.18423563241958618,True,24.979461669921875
15.self_attn.k_proj,0,4,0.20243960618972778,True,30.983781814575195
15.self_attn.k_proj,0,5,0.23457714915275574,True,62.23109436035156
15.self_attn.k_proj,0,6,0.27605244517326355,True,89.15392303466797
15.self_attn.k_proj,0,7,0.31558385491371155,True,86.95823669433594
15.self_attn.k_proj,0,8,0.3261808454990387,True,85.8309326171875
15.self_attn.k_proj,0,9,0.32959750294685364,True,89.66863250732422
15.self_attn.k_proj,1,2,0.06711029261350632,True,12.103429794311523
15.self_attn.k_proj,1,3,0.1303347796201706,True,16.80461883544922
15.self_attn.k_proj,1,4,0.15586596727371216,True,21.064672470092773
15.self_attn.k_proj,1,5,0.19505378603935242,True,54.077232360839844
15.self_attn.k_proj,1,6,0.24609217047691345,True,85.71105194091797
15.self_attn.k_proj,1,7,0.2955101430416107,True,85.26246643066406
15.self_attn.k_proj,1,8,0.31565988063812256,True,85.64251708984375
15.self_attn.k_proj,1,9,0.32818517088890076,True,89.49420166015625
15.self_attn.k_proj,2,3,0.07148429751396179,True,8.984543800354004
15.self_attn.k_proj,2,4,0.10382849723100662,True,18.769826889038086
15.self_attn.k_proj,2,5,0.1509183943271637,True,55.548683166503906
15.self_attn.k_proj,2,6,0.20800922811031342,True,86.25028991699219
15.self_attn.k_proj,2,7,0.26559978723526,True,85.32217407226562
15.self_attn.k_proj,2,8,0.2971045970916748,True,85.26626586914062
15.self_attn.k_proj,2,9,0.32258540391921997,True,89.48456573486328
15.self_attn.k_proj,3,4,0.05727517604827881,True,11.00333309173584
15.self_attn.k_proj,3,5,0.1082330122590065,True,50.131404876708984
15.self_attn.k_proj,3,6,0.16695016622543335,True,83.91402435302734
15.self_attn.k_proj,3,7,0.23137550055980682,True,82.24479675292969
15.self_attn.k_proj,3,8,0.27548331022262573,True,82.1644058227539
15.self_attn.k_proj,3,9,0.3151721656322479,True,89.54605865478516
15.self_attn.k_proj,4,5,0.06291159987449646,True,43.35623550415039
15.self_attn.k_proj,4,6,0.12613415718078613,True,80.13343048095703
15.self_attn.k_proj,4,7,0.19671136140823364,True,78.50042724609375
15.self_attn.k_proj,4,8,0.24845662713050842,True,79.04502868652344
15.self_attn.k_proj,4,9,0.29975438117980957,True,88.3507080078125
15.self_attn.k_proj,5,6,0.07623659074306488,True,41.011592864990234
15.self_attn.k_proj,5,7,0.1507674753665924,True,43.38728713989258
15.self_attn.k_proj,5,8,0.21120919287204742,True,54.802886962890625
15.self_attn.k_proj,5,9,0.27721694111824036,True,82.2975082397461
15.self_attn.k_proj,6,7,0.08584553003311157,True,22.640836715698242
15.self_attn.k_proj,6,8,0.15794995427131653,True,43.68828582763672
15.self_attn.k_proj,6,9,0.24439769983291626,True,78.34136199951172
15.self_attn.k_proj,7,8,0.09103645384311676,True,23.021656036376953
15.self_attn.k_proj,7,9,0.19929012656211853,True,73.47291564941406
15.self_attn.k_proj,8,9,0.124806247651577,True,71.51373291015625
15.self_attn.v_proj,0,1,0.08095754683017731,True,27.2217960357666
15.self_attn.v_proj,0,2,0.1268903613090515,True,21.10626983642578
15.self_attn.v_proj,0,3,0.18423563241958618,True,24.979461669921875
15.self_attn.v_proj,0,4,0.20243960618972778,True,30.983781814575195
15.self_attn.v_proj,0,5,0.23457714915275574,True,62.23109436035156
15.self_attn.v_proj,0,6,0.27605244517326355,True,89.15392303466797
15.self_attn.v_proj,0,7,0.31558385491371155,True,86.95823669433594
15.self_attn.v_proj,0,8,0.3261808454990387,True,85.8309326171875
15.self_attn.v_proj,0,9,0.32959750294685364,True,89.66863250732422
15.self_attn.v_proj,1,2,0.06711029261350632,True,12.103429794311523
15.self_attn.v_proj,1,3,0.1303347796201706,True,16.80461883544922
15.self_attn.v_proj,1,4,0.15586596727371216,True,21.064672470092773
15.self_attn.v_proj,1,5,0.19505378603935242,True,54.077232360839844
15.self_attn.v_proj,1,6,0.24609217047691345,True,85.71105194091797
15.self_attn.v_proj,1,7,0.2955101430416107,True,85.26246643066406
15.self_attn.v_proj,1,8,0.31565988063812256,True,85.64251708984375
15.self_attn.v_proj,1,9,0.32818517088890076,True,89.49420166015625
15.self_attn.v_proj,2,3,0.07148429751396179,True,8.984543800354004
15.self_attn.v_proj,2,4,0.10382849723100662,True,18.769826889038086
15.self_attn.v_proj,2,5,0.1509183943271637,True,55.548683166503906
15.self_attn.v_proj,2,6,0.20800922811031342,True,86.25028991699219
15.self_attn.v_proj,2,7,0.26559978723526,True,85.32217407226562
15.self_attn.v_proj,2,8,0.2971045970916748,True,85.26626586914062
15.self_attn.v_proj,2,9,0.32258540391921997,True,89.48456573486328
15.self_attn.v_proj,3,4,0.05727517604827881,True,11.00333309173584
15.self_attn.v_proj,3,5,0.1082330122590065,True,50.131404876708984
15.self_attn.v_proj,3,6,0.16695016622543335,True,83.91402435302734
15.self_attn.v_proj,3,7,0.23137550055980682,True,82.24479675292969
15.self_attn.v_proj,3,8,0.27548331022262573,True,82.1644058227539
15.self_attn.v_proj,3,9,0.3151721656322479,True,89.54605865478516
15.self_attn.v_proj,4,5,0.06291159987449646,True,43.35623550415039
15.self_attn.v_proj,4,6,0.12613415718078613,True,80.13343048095703
15.self_attn.v_proj,4,7,0.19671136140823364,True,78.50042724609375
15.self_attn.v_proj,4,8,0.24845662713050842,True,79.04502868652344
15.self_attn.v_proj,4,9,0.29975438117980957,True,88.3507080078125
15.self_attn.v_proj,5,6,0.07623659074306488,True,41.011592864990234
15.self_attn.v_proj,5,7,0.1507674753665924,True,43.38728713989258
15.self_attn.v_proj,5,8,0.21120919287204742,True,54.802886962890625
15.self_attn.v_proj,5,9,0.27721694111824036,True,82.2975082397461
15.self_attn.v_proj,6,7,0.08584553003311157,True,22.640836715698242
15.self_attn.v_proj,6,8,0.15794995427131653,True,43.68828582763672
15.self_attn.v_proj,6,9,0.24439769983291626,True,78.34136199951172
15.self_attn.v_proj,7,8,0.09103645384311676,True,23.021656036376953
15.self_attn.v_proj,7,9,0.19929012656211853,True,73.47291564941406
15.self_attn.v_proj,8,9,0.124806247651577,True,71.51373291015625
15.self_attn.o_proj,0,1,0.030287714675068855,True,5.652739524841309
15.self_attn.o_proj,0,2,0.04248152673244476,True,11.657798767089844
15.self_attn.o_proj,0,3,0.06086688116192818,True,16.358251571655273
15.self_attn.o_proj,0,4,0.07458304613828659,True,23.45646858215332
15.self_attn.o_proj,0,5,0.09311520308256149,True,35.59162139892578
15.self_attn.o_proj,0,6,0.1130896732211113,True,73.12055206298828
15.self_attn.o_proj,0,7,0.13143043220043182,True,88.72928619384766
15.self_attn.o_proj,0,8,0.14552810788154602,True,89.5654525756836
15.self_attn.o_proj,0,9,0.1616961508989334,True,89.56356811523438
15.self_attn.o_proj,1,2,0.020938970148563385,True,7.5789055824279785
15.self_attn.o_proj,1,3,0.04007625952363014,True,12.143901824951172
15.self_attn.o_proj,1,4,0.05814452841877937,True,19.8039493560791
15.self_attn.o_proj,1,5,0.07966046035289764,True,34.946022033691406
15.self_attn.o_proj,1,6,0.10218922793865204,True,73.13538360595703
15.self_attn.o_proj,1,7,0.1238466426730156,True,88.85070037841797
15.self_attn.o_proj,1,8,0.1406814008951187,True,89.98247528076172
15.self_attn.o_proj,1,9,0.15921740233898163,True,89.21905517578125
15.self_attn.o_proj,2,3,0.023673895746469498,True,5.951900005340576
15.self_attn.o_proj,2,4,0.04237997904419899,True,14.805383682250977
15.self_attn.o_proj,2,5,0.06606479734182358,True,32.15322494506836
15.self_attn.o_proj,2,6,0.09022548049688339,True,72.11089324951172
15.self_attn.o_proj,2,7,0.11428512632846832,True,88.69139862060547
15.self_attn.o_proj,2,8,0.13413627445697784,True,89.89741516113281
15.self_attn.o_proj,2,9,0.15637248754501343,True,88.90586853027344
15.self_attn.o_proj,3,4,0.02420688234269619,True,9.494484901428223
15.self_attn.o_proj,3,5,0.049116574227809906,True,27.449600219726562
15.self_attn.o_proj,3,6,0.07443969696760178,True,70.56895446777344
15.self_attn.o_proj,3,7,0.10115142911672592,True,88.17678833007812
15.self_attn.o_proj,3,8,0.12439178675413132,True,89.98524475097656
15.self_attn.o_proj,3,9,0.15086346864700317,True,88.76988983154297
15.self_attn.o_proj,4,5,0.028421545401215553,True,19.59066390991211
15.self_attn.o_proj,4,6,0.055311545729637146,True,67.5898208618164
15.self_attn.o_proj,4,7,0.0845308005809784,True,86.81787109375
15.self_attn.o_proj,4,8,0.11167437583208084,True,89.6383285522461
15.self_attn.o_proj,4,9,0.14353838562965393,True,88.62984466552734
15.self_attn.o_proj,5,6,0.03002312406897545,True,64.6136703491211
15.self_attn.o_proj,5,7,0.060922883450984955,True,86.5696029663086
15.self_attn.o_proj,5,8,0.09201855957508087,True,87.69783020019531
15.self_attn.o_proj,5,9,0.12991639971733093,True,88.72547912597656
15.self_attn.o_proj,6,7,0.034995559602975845,True,29.67157745361328
15.self_attn.o_proj,6,8,0.06971201300621033,True,88.34598541259766
15.self_attn.o_proj,6,9,0.11402381956577301,True,88.41091918945312
15.self_attn.o_proj,7,8,0.03903687000274658,True,83.41236877441406
15.self_attn.o_proj,7,9,0.08925985544919968,True,78.94297790527344
15.self_attn.o_proj,8,9,0.05518872290849686,True,57.44145965576172
15.mlp.gate_proj,0,1,0.07100659608840942,True,7.623133182525635
15.mlp.gate_proj,0,2,0.10267484933137894,True,16.903114318847656
15.mlp.gate_proj,0,3,0.14333368837833405,True,32.003517150878906
15.mlp.gate_proj,0,4,0.17294739186763763,True,40.513736724853516
15.mlp.gate_proj,0,5,0.2162960320711136,True,88.89179992675781
15.mlp.gate_proj,0,6,0.2671782076358795,True,87.21595001220703
15.mlp.gate_proj,0,7,0.31912076473236084,True,88.40843200683594
15.mlp.gate_proj,0,8,0.35944634675979614,True,86.73182678222656
15.mlp.gate_proj,0,9,0.40438154339790344,True,88.12305450439453
15.mlp.gate_proj,1,2,0.05847293511033058,True,11.485421180725098
15.mlp.gate_proj,1,3,0.10233968496322632,True,26.554977416992188
15.mlp.gate_proj,1,4,0.1386440396308899,True,35.23394012451172
15.mlp.gate_proj,1,5,0.1880510449409485,True,88.86773681640625
15.mlp.gate_proj,1,6,0.24481718242168427,True,86.91133117675781
15.mlp.gate_proj,1,7,0.30391567945480347,True,88.18457794189453
15.mlp.gate_proj,1,8,0.35020849108695984,True,86.29541015625
15.mlp.gate_proj,1,9,0.4008420705795288,True,87.88590240478516
15.mlp.gate_proj,2,3,0.055905744433403015,True,15.575908660888672
15.mlp.gate_proj,2,4,0.09839241206645966,True,24.74625587463379
15.mlp.gate_proj,2,5,0.15284907817840576,True,88.39447021484375
15.mlp.gate_proj,2,6,0.21508680284023285,True,88.79512023925781
15.mlp.gate_proj,2,7,0.27753373980522156,True,89.5680160522461
15.mlp.gate_proj,2,8,0.3321956694126129,True,86.90509033203125
15.mlp.gate_proj,2,9,0.3922896385192871,True,88.1274185180664
15.mlp.gate_proj,3,4,0.059704750776290894,True,10.678644180297852
15.mlp.gate_proj,3,5,0.11381588131189346,True,85.36790466308594
15.mlp.gate_proj,3,6,0.1790286749601364,True,89.01591491699219
15.mlp.gate_proj,3,7,0.2466091811656952,True,88.8677978515625
15.mlp.gate_proj,3,8,0.31019002199172974,True,87.5544204711914
15.mlp.gate_proj,3,9,0.38174140453338623,True,88.44416046142578
15.mlp.gate_proj,4,5,0.06856908649206161,True,83.40575408935547
15.mlp.gate_proj,4,6,0.1353883445262909,True,87.03974914550781
15.mlp.gate_proj,4,7,0.2100801318883896,True,86.92426300048828
15.mlp.gate_proj,4,8,0.2806089520454407,True,88.837890625
15.mlp.gate_proj,4,9,0.3642899990081787,True,89.24526977539062
15.mlp.gate_proj,5,6,0.07840880751609802,True,14.088027000427246
15.mlp.gate_proj,5,7,0.1580754667520523,True,33.33190155029297
15.mlp.gate_proj,5,8,0.2377070039510727,True,67.87114715576172
15.mlp.gate_proj,5,9,0.3388907313346863,True,80.54528045654297
15.mlp.gate_proj,6,7,0.0967743843793869,True,26.001834869384766
15.mlp.gate_proj,6,8,0.1837139129638672,True,65.35263061523438
15.mlp.gate_proj,6,9,0.30612143874168396,True,79.08196258544922
15.mlp.gate_proj,7,8,0.109767846763134,True,43.93525314331055
15.mlp.gate_proj,7,9,0.254748672246933,True,60.10314178466797
15.mlp.gate_proj,8,9,0.1693972796201706,True,24.49282455444336
15.mlp.up_proj,0,1,0.07100659608840942,True,7.623133182525635
15.mlp.up_proj,0,2,0.10267484933137894,True,16.903114318847656
15.mlp.up_proj,0,3,0.14333368837833405,True,32.003517150878906
15.mlp.up_proj,0,4,0.17294739186763763,True,40.513736724853516
15.mlp.up_proj,0,5,0.2162960320711136,True,88.89179992675781
15.mlp.up_proj,0,6,0.2671782076358795,True,87.21595001220703
15.mlp.up_proj,0,7,0.31912076473236084,True,88.40843200683594
15.mlp.up_proj,0,8,0.35944634675979614,True,86.73182678222656
15.mlp.up_proj,0,9,0.40438154339790344,True,88.12305450439453
15.mlp.up_proj,1,2,0.05847293511033058,True,11.485421180725098
15.mlp.up_proj,1,3,0.10233968496322632,True,26.554977416992188
15.mlp.up_proj,1,4,0.1386440396308899,True,35.23394012451172
15.mlp.up_proj,1,5,0.1880510449409485,True,88.86773681640625
15.mlp.up_proj,1,6,0.24481718242168427,True,86.91133117675781
15.mlp.up_proj,1,7,0.30391567945480347,True,88.18457794189453
15.mlp.up_proj,1,8,0.35020849108695984,True,86.29541015625
15.mlp.up_proj,1,9,0.4008420705795288,True,87.88590240478516
15.mlp.up_proj,2,3,0.055905744433403015,True,15.575908660888672
15.mlp.up_proj,2,4,0.09839241206645966,True,24.74625587463379
15.mlp.up_proj,2,5,0.15284907817840576,True,88.39447021484375
15.mlp.up_proj,2,6,0.21508680284023285,True,88.79512023925781
15.mlp.up_proj,2,7,0.27753373980522156,True,89.5680160522461
15.mlp.up_proj,2,8,0.3321956694126129,True,86.90509033203125
15.mlp.up_proj,2,9,0.3922896385192871,True,88.1274185180664
15.mlp.up_proj,3,4,0.059704750776290894,True,10.678644180297852
15.mlp.up_proj,3,5,0.11381588131189346,True,85.36790466308594
15.mlp.up_proj,3,6,0.1790286749601364,True,89.01591491699219
15.mlp.up_proj,3,7,0.2466091811656952,True,88.8677978515625
15.mlp.up_proj,3,8,0.31019002199172974,True,87.5544204711914
15.mlp.up_proj,3,9,0.38174140453338623,True,88.44416046142578
15.mlp.up_proj,4,5,0.06856908649206161,True,83.40575408935547
15.mlp.up_proj,4,6,0.1353883445262909,True,87.03974914550781
15.mlp.up_proj,4,7,0.2100801318883896,True,86.92426300048828
15.mlp.up_proj,4,8,0.2806089520454407,True,88.837890625
15.mlp.up_proj,4,9,0.3642899990081787,True,89.24526977539062
15.mlp.up_proj,5,6,0.07840880751609802,True,14.088027000427246
15.mlp.up_proj,5,7,0.1580754667520523,True,33.33190155029297
15.mlp.up_proj,5,8,0.2377070039510727,True,67.87114715576172
15.mlp.up_proj,5,9,0.3388907313346863,True,80.54528045654297
15.mlp.up_proj,6,7,0.0967743843793869,True,26.001834869384766
15.mlp.up_proj,6,8,0.1837139129638672,True,65.35263061523438
15.mlp.up_proj,6,9,0.30612143874168396,True,79.08196258544922
15.mlp.up_proj,7,8,0.109767846763134,True,43.93525314331055
15.mlp.up_proj,7,9,0.254748672246933,True,60.10314178466797
15.mlp.up_proj,8,9,0.1693972796201706,True,24.49282455444336
15.mlp.down_proj,0,1,0.044989507645368576,True,14.647380828857422
15.mlp.down_proj,0,2,0.06252927333116531,True,16.96508026123047
15.mlp.down_proj,0,3,0.08544033020734787,True,26.09896469116211
15.mlp.down_proj,0,4,0.11791510879993439,True,38.69473648071289
15.mlp.down_proj,0,5,0.1623305082321167,True,55.01902770996094
15.mlp.down_proj,0,6,0.20832251012325287,True,66.95068359375
15.mlp.down_proj,0,7,0.2467198669910431,True,82.53937530517578
15.mlp.down_proj,0,8,0.27974188327789307,True,86.42144012451172
15.mlp.down_proj,0,9,0.3263690173625946,True,87.6517333984375
15.mlp.down_proj,1,2,0.03221208229660988,True,9.135014533996582
15.mlp.down_proj,1,3,0.05735640600323677,True,22.737030029296875
15.mlp.down_proj,1,4,0.09310012310743332,True,40.190731048583984
15.mlp.down_proj,1,5,0.14038431644439697,True,56.25282287597656
15.mlp.down_proj,1,6,0.18961003422737122,True,68.84651947021484
15.mlp.down_proj,1,7,0.2318546324968338,True,84.9709243774414
15.mlp.down_proj,1,8,0.26842257380485535,True,88.08549499511719
15.mlp.down_proj,1,9,0.3190526068210602,True,88.07894134521484
15.mlp.down_proj,2,3,0.03580395504832268,True,15.485528945922852
15.mlp.down_proj,2,4,0.07229986041784286,True,33.36808395385742
15.mlp.down_proj,2,5,0.12349627912044525,True,50.866207122802734
15.mlp.down_proj,2,6,0.1752016246318817,True,63.807132720947266
15.mlp.down_proj,2,7,0.2185666710138321,True,80.2166748046875
15.mlp.down_proj,2,8,0.25744765996932983,True,83.89959716796875
15.mlp.down_proj,2,9,0.311320424079895,True,85.61787414550781
15.mlp.down_proj,3,4,0.044846635311841965,True,20.07684326171875
15.mlp.down_proj,3,5,0.09723593294620514,True,38.961585998535156
15.mlp.down_proj,3,6,0.15075232088565826,True,53.60431671142578
15.mlp.down_proj,3,7,0.19694560766220093,True,71.0909194946289
15.mlp.down_proj,3,8,0.239256352186203,True,76.25694274902344
15.mlp.down_proj,3,9,0.29890015721321106,True,81.64627075195312
15.mlp.down_proj,4,5,0.060995832085609436,True,20.996191024780273
15.mlp.down_proj,4,6,0.1156807541847229,True,37.3113899230957
15.mlp.down_proj,4,7,0.16525526344776154,True,58.157432556152344
15.mlp.down_proj,4,8,0.21269606053829193,True,66.3422622680664
15.mlp.down_proj,4,9,0.2808043360710144,True,76.84552764892578
15.mlp.down_proj,5,6,0.06177079305052757,True,20.309173583984375
15.mlp.down_proj,5,7,0.11557872593402863,True,50.91332244873047
15.mlp.down_proj,5,8,0.1709340214729309,True,66.24553680419922
15.mlp.down_proj,5,9,0.25251632928848267,True,76.9811782836914
15.mlp.down_proj,6,7,0.0629667267203331,True,39.24427795410156
15.mlp.down_proj,6,8,0.12628436088562012,True,57.46873474121094
15.mlp.down_proj,6,9,0.2222328931093216,True,72.14216613769531
15.mlp.down_proj,7,8,0.07498907297849655,True,26.657766342163086
15.mlp.down_proj,7,9,0.18342845141887665,True,55.067298889160156
15.mlp.down_proj,8,9,0.12125452607870102,True,37.28844451904297
16.self_attn.q_proj,0,1,0.08634927868843079,True,26.533878326416016
16.self_attn.q_proj,0,2,0.13176019489765167,True,41.05527877807617
16.self_attn.q_proj,0,3,0.20072656869888306,True,87.19689178466797
16.self_attn.q_proj,0,4,0.24067874252796173,True,88.4902114868164
16.self_attn.q_proj,0,5,0.3023427128791809,True,89.24160766601562
16.self_attn.q_proj,0,6,0.3758887052536011,True,89.70569610595703
16.self_attn.q_proj,0,7,0.44001075625419617,True,89.62171173095703
16.self_attn.q_proj,0,8,0.5012824535369873,True,89.54479217529297
16.self_attn.q_proj,0,9,0.5703575611114502,True,89.8069839477539
16.self_attn.q_proj,1,2,0.058511845767498016,True,17.28531837463379
16.self_attn.q_proj,1,3,0.13289682567119598,True,86.346435546875
16.self_attn.q_proj,1,4,0.17916634678840637,True,87.97410583496094
16.self_attn.q_proj,1,5,0.2456737458705902,True,89.01034545898438
16.self_attn.q_proj,1,6,0.32634326815605164,True,89.93804931640625
16.self_attn.q_proj,1,7,0.3985694646835327,True,89.84980773925781
16.self_attn.q_proj,1,8,0.4693540930747986,True,89.62268829345703
16.self_attn.q_proj,1,9,0.5503677129745483,True,89.13977813720703
16.self_attn.q_proj,2,3,0.08188707381486893,True,85.84392547607422
16.self_attn.q_proj,2,4,0.12819308042526245,True,87.6135025024414
16.self_attn.q_proj,2,5,0.19776704907417297,True,88.74419403076172
16.self_attn.q_proj,2,6,0.28258267045021057,True,89.8205337524414
16.self_attn.q_proj,2,7,0.36004555225372314,True,89.8756103515625
16.self_attn.q_proj,2,8,0.43768829107284546,True,89.525634765625
16.self_attn.q_proj,2,9,0.5287115573883057,True,88.72415924072266
16.self_attn.q_proj,3,4,0.059289515018463135,True,10.223179817199707
16.self_attn.q_proj,3,5,0.12831220030784607,True,46.66819381713867
16.self_attn.q_proj,3,6,0.21586160361766815,True,77.724609375
16.self_attn.q_proj,3,7,0.30046501755714417,True,81.10375213623047
16.self_attn.q_proj,3,8,0.3884219527244568,True,83.8985595703125
16.self_attn.q_proj,3,9,0.4948081970214844,True,85.88560485839844
16.self_attn.q_proj,4,5,0.07840847223997116,True,43.8220100402832
16.self_attn.q_proj,4,6,0.1694514900445938,True,75.54867553710938
16.self_attn.q_proj,4,7,0.2579367160797119,True,79.08660888671875
16.self_attn.q_proj,4,8,0.35231342911720276,True,82.10763549804688
16.self_attn.q_proj,4,9,0.4693775773048401,True,84.3968505859375
16.self_attn.q_proj,5,6,0.09896638244390488,True,33.87409973144531
16.self_attn.q_proj,5,7,0.1908489614725113,True,40.511695861816406
16.self_attn.q_proj,5,8,0.29421329498291016,True,49.11126708984375
16.self_attn.q_proj,5,9,0.42711448669433594,True,63.27985763549805
16.self_attn.q_proj,6,7,0.10083445906639099,True,15.752684593200684
16.self_attn.q_proj,6,8,0.21354661881923676,True,33.033695220947266
16.self_attn.q_proj,6,9,0.365511953830719,True,57.5612678527832
16.self_attn.q_proj,7,8,0.12360639870166779,True,20.100982666015625
16.self_attn.q_proj,7,9,0.29270482063293457,True,49.31116485595703
16.self_attn.q_proj,8,9,0.1842353790998459,True,37.290069580078125
16.self_attn.k_proj,0,1,0.08634927868843079,True,26.533878326416016
16.self_attn.k_proj,0,2,0.13176019489765167,True,41.05527877807617
16.self_attn.k_proj,0,3,0.20072656869888306,True,87.19689178466797
16.self_attn.k_proj,0,4,0.24067874252796173,True,88.4902114868164
16.self_attn.k_proj,0,5,0.3023427128791809,True,89.24160766601562
16.self_attn.k_proj,0,6,0.3758887052536011,True,89.70569610595703
16.self_attn.k_proj,0,7,0.44001075625419617,True,89.62171173095703
16.self_attn.k_proj,0,8,0.5012824535369873,True,89.54479217529297
16.self_attn.k_proj,0,9,0.5703575611114502,True,89.8069839477539
16.self_attn.k_proj,1,2,0.058511845767498016,True,17.28531837463379
16.self_attn.k_proj,1,3,0.13289682567119598,True,86.346435546875
16.self_attn.k_proj,1,4,0.17916634678840637,True,87.97410583496094
16.self_attn.k_proj,1,5,0.2456737458705902,True,89.01034545898438
16.self_attn.k_proj,1,6,0.32634326815605164,True,89.93804931640625
16.self_attn.k_proj,1,7,0.3985694646835327,True,89.84980773925781
16.self_attn.k_proj,1,8,0.4693540930747986,True,89.62268829345703
16.self_attn.k_proj,1,9,0.5503677129745483,True,89.13977813720703
16.self_attn.k_proj,2,3,0.08188707381486893,True,85.84392547607422
16.self_attn.k_proj,2,4,0.12819308042526245,True,87.6135025024414
16.self_attn.k_proj,2,5,0.19776704907417297,True,88.74419403076172
16.self_attn.k_proj,2,6,0.28258267045021057,True,89.8205337524414
16.self_attn.k_proj,2,7,0.36004555225372314,True,89.8756103515625
16.self_attn.k_proj,2,8,0.43768829107284546,True,89.525634765625
16.self_attn.k_proj,2,9,0.5287115573883057,True,88.72415924072266
16.self_attn.k_proj,3,4,0.059289515018463135,True,10.223179817199707
16.self_attn.k_proj,3,5,0.12831220030784607,True,46.66819381713867
16.self_attn.k_proj,3,6,0.21586160361766815,True,77.724609375
16.self_attn.k_proj,3,7,0.30046501755714417,True,81.10375213623047
16.self_attn.k_proj,3,8,0.3884219527244568,True,83.8985595703125
16.self_attn.k_proj,3,9,0.4948081970214844,True,85.88560485839844
16.self_attn.k_proj,4,5,0.07840847223997116,True,43.8220100402832
16.self_attn.k_proj,4,6,0.1694514900445938,True,75.54867553710938
16.self_attn.k_proj,4,7,0.2579367160797119,True,79.08660888671875
16.self_attn.k_proj,4,8,0.35231342911720276,True,82.10763549804688
16.self_attn.k_proj,4,9,0.4693775773048401,True,84.3968505859375
16.self_attn.k_proj,5,6,0.09896638244390488,True,33.87409973144531
16.self_attn.k_proj,5,7,0.1908489614725113,True,40.511695861816406
16.self_attn.k_proj,5,8,0.29421329498291016,True,49.11126708984375
16.self_attn.k_proj,5,9,0.42711448669433594,True,63.27985763549805
16.self_attn.k_proj,6,7,0.10083445906639099,True,15.752684593200684
16.self_attn.k_proj,6,8,0.21354661881923676,True,33.033695220947266
16.self_attn.k_proj,6,9,0.365511953830719,True,57.5612678527832
16.self_attn.k_proj,7,8,0.12360639870166779,True,20.100982666015625
16.self_attn.k_proj,7,9,0.29270482063293457,True,49.31116485595703
16.self_attn.k_proj,8,9,0.1842353790998459,True,37.290069580078125
16.self_attn.v_proj,0,1,0.08634927868843079,True,26.533878326416016
16.self_attn.v_proj,0,2,0.13176019489765167,True,41.05527877807617
16.self_attn.v_proj,0,3,0.20072656869888306,True,87.19689178466797
16.self_attn.v_proj,0,4,0.24067874252796173,True,88.4902114868164
16.self_attn.v_proj,0,5,0.3023427128791809,True,89.24160766601562
16.self_attn.v_proj,0,6,0.3758887052536011,True,89.70569610595703
16.self_attn.v_proj,0,7,0.44001075625419617,True,89.62171173095703
16.self_attn.v_proj,0,8,0.5012824535369873,True,89.54479217529297
16.self_attn.v_proj,0,9,0.5703575611114502,True,89.8069839477539
16.self_attn.v_proj,1,2,0.058511845767498016,True,17.28531837463379
16.self_attn.v_proj,1,3,0.13289682567119598,True,86.346435546875
16.self_attn.v_proj,1,4,0.17916634678840637,True,87.97410583496094
16.self_attn.v_proj,1,5,0.2456737458705902,True,89.01034545898438
16.self_attn.v_proj,1,6,0.32634326815605164,True,89.93804931640625
16.self_attn.v_proj,1,7,0.3985694646835327,True,89.84980773925781
16.self_attn.v_proj,1,8,0.4693540930747986,True,89.62268829345703
16.self_attn.v_proj,1,9,0.5503677129745483,True,89.13977813720703
16.self_attn.v_proj,2,3,0.08188707381486893,True,85.84392547607422
16.self_attn.v_proj,2,4,0.12819308042526245,True,87.6135025024414
16.self_attn.v_proj,2,5,0.19776704907417297,True,88.74419403076172
16.self_attn.v_proj,2,6,0.28258267045021057,True,89.8205337524414
16.self_attn.v_proj,2,7,0.36004555225372314,True,89.8756103515625
16.self_attn.v_proj,2,8,0.43768829107284546,True,89.525634765625
16.self_attn.v_proj,2,9,0.5287115573883057,True,88.72415924072266
16.self_attn.v_proj,3,4,0.059289515018463135,True,10.223179817199707
16.self_attn.v_proj,3,5,0.12831220030784607,True,46.66819381713867
16.self_attn.v_proj,3,6,0.21586160361766815,True,77.724609375
16.self_attn.v_proj,3,7,0.30046501755714417,True,81.10375213623047
16.self_attn.v_proj,3,8,0.3884219527244568,True,83.8985595703125
16.self_attn.v_proj,3,9,0.4948081970214844,True,85.88560485839844
16.self_attn.v_proj,4,5,0.07840847223997116,True,43.8220100402832
16.self_attn.v_proj,4,6,0.1694514900445938,True,75.54867553710938
16.self_attn.v_proj,4,7,0.2579367160797119,True,79.08660888671875
16.self_attn.v_proj,4,8,0.35231342911720276,True,82.10763549804688
16.self_attn.v_proj,4,9,0.4693775773048401,True,84.3968505859375
16.self_attn.v_proj,5,6,0.09896638244390488,True,33.87409973144531
16.self_attn.v_proj,5,7,0.1908489614725113,True,40.511695861816406
16.self_attn.v_proj,5,8,0.29421329498291016,True,49.11126708984375
16.self_attn.v_proj,5,9,0.42711448669433594,True,63.27985763549805
16.self_attn.v_proj,6,7,0.10083445906639099,True,15.752684593200684
16.self_attn.v_proj,6,8,0.21354661881923676,True,33.033695220947266
16.self_attn.v_proj,6,9,0.365511953830719,True,57.5612678527832
16.self_attn.v_proj,7,8,0.12360639870166779,True,20.100982666015625
16.self_attn.v_proj,7,9,0.29270482063293457,True,49.31116485595703
16.self_attn.v_proj,8,9,0.1842353790998459,True,37.290069580078125
16.self_attn.o_proj,0,1,0.04247939959168434,True,8.25095272064209
16.self_attn.o_proj,0,2,0.06613834947347641,True,11.578198432922363
16.self_attn.o_proj,0,3,0.1017841175198555,True,18.611412048339844
16.self_attn.o_proj,0,4,0.13036233186721802,True,23.434762954711914
16.self_attn.o_proj,0,5,0.16837167739868164,True,30.464094161987305
16.self_attn.o_proj,0,6,0.21637621521949768,True,42.23185729980469
16.self_attn.o_proj,0,7,0.26018330454826355,True,45.903934478759766
16.self_attn.o_proj,0,8,0.29910290241241455,True,52.1319465637207
16.self_attn.o_proj,0,9,0.3264005482196808,True,75.91754913330078
16.self_attn.o_proj,1,2,0.03078078292310238,True,5.682065010070801
16.self_attn.o_proj,1,3,0.06928712129592896,True,14.251849174499512
16.self_attn.o_proj,1,4,0.1023084744811058,True,19.31298828125
16.self_attn.o_proj,1,5,0.1424362063407898,True,28.452486038208008
16.self_attn.o_proj,1,6,0.19383122026920319,True,41.7441291809082
16.self_attn.o_proj,1,7,0.24172697961330414,True,44.999290466308594
16.self_attn.o_proj,1,8,0.28541237115859985,True,51.93284225463867
16.self_attn.o_proj,1,9,0.3180515766143799,True,76.86539459228516
16.self_attn.o_proj,2,3,0.04228217154741287,True,9.625164985656738
16.self_attn.o_proj,2,4,0.07618818432092667,True,14.494462013244629
16.self_attn.o_proj,2,5,0.1178906112909317,True,24.577268600463867
16.self_attn.o_proj,2,6,0.17101886868476868,True,38.89677429199219
16.self_attn.o_proj,2,7,0.22162176668643951,True,42.16374588012695
16.self_attn.o_proj,2,8,0.2689138650894165,True,49.52717590332031
16.self_attn.o_proj,2,9,0.30647534132003784,True,75.81393432617188
16.self_attn.o_proj,3,4,0.03998483344912529,True,6.935311317443848
16.self_attn.o_proj,3,5,0.08090706169605255,True,16.688228607177734
16.self_attn.o_proj,3,6,0.13589157164096832,True,31.960203170776367
16.self_attn.o_proj,3,7,0.19015702605247498,True,37.243186950683594
16.self_attn.o_proj,3,8,0.24325872957706451,True,45.673526763916016
16.self_attn.o_proj,3,9,0.2888551652431488,True,73.51736450195312
16.self_attn.o_proj,4,5,0.04524775967001915,True,11.990971565246582
16.self_attn.o_proj,4,6,0.10145216435194016,True,27.94454574584961
16.self_attn.o_proj,4,7,0.15813854336738586,True,32.85650634765625
16.self_attn.o_proj,4,8,0.21546386182308197,True,42.008846282958984
16.self_attn.o_proj,4,9,0.268780380487442,True,72.34657287597656
16.self_attn.o_proj,5,6,0.05946746841073036,True,16.55760383605957
16.self_attn.o_proj,5,7,0.11890821158885956,True,23.594263076782227
16.self_attn.o_proj,5,8,0.1817599982023239,True,34.30110168457031
16.self_attn.o_proj,5,9,0.24425187706947327,True,68.3855972290039
16.self_attn.o_proj,6,7,0.06439436227083206,True,13.749463081359863
16.self_attn.o_proj,6,8,0.13385674357414246,True,25.64558219909668
16.self_attn.o_proj,6,9,0.2082185596227646,True,63.56376647949219
16.self_attn.o_proj,7,8,0.07536643743515015,True,13.789209365844727
16.self_attn.o_proj,7,9,0.16055147349834442,True,58.895748138427734
16.self_attn.o_proj,8,9,0.09405896067619324,True,51.383384704589844
16.mlp.gate_proj,0,1,0.08367019146680832,True,9.771772384643555
16.mlp.gate_proj,0,2,0.12459893524646759,True,29.78154754638672
16.mlp.gate_proj,0,3,0.18493545055389404,True,68.45586395263672
16.mlp.gate_proj,0,4,0.22148364782333374,True,70.21785736083984
16.mlp.gate_proj,0,5,0.26823875308036804,True,67.90125274658203
16.mlp.gate_proj,0,6,0.3264950215816498,True,70.1181411743164
16.mlp.gate_proj,0,7,0.378650963306427,True,71.55725860595703
16.mlp.gate_proj,0,8,0.4324111044406891,True,73.11328125
16.mlp.gate_proj,0,9,0.4883120656013489,True,76.5549087524414
16.mlp.gate_proj,1,2,0.05669432878494263,True,28.158021926879883
16.mlp.gate_proj,1,3,0.12036153674125671,True,68.27257537841797
16.mlp.gate_proj,1,4,0.16640086472034454,True,69.00163269042969
16.mlp.gate_proj,1,5,0.2202232927083969,True,64.46337890625
16.mlp.gate_proj,1,6,0.2851073443889618,True,65.98127746582031
16.mlp.gate_proj,1,7,0.3452851474285126,True,67.04559326171875
16.mlp.gate_proj,1,8,0.4086229205131531,True,68.26591491699219
16.mlp.gate_proj,1,9,0.47359558939933777,True,71.60614776611328
16.mlp.gate_proj,2,3,0.07122538238763809,True,42.71712875366211
16.mlp.gate_proj,2,4,0.1166730523109436,True,44.49374771118164
16.mlp.gate_proj,2,5,0.17347349226474762,True,42.36432647705078
16.mlp.gate_proj,2,6,0.24256931245326996,True,46.892173767089844
16.mlp.gate_proj,2,7,0.3080487549304962,True,51.4610595703125
16.mlp.gate_proj,2,8,0.37891915440559387,True,59.606258392333984
16.mlp.gate_proj,2,9,0.4531344175338745,True,70.18728637695312
16.mlp.gate_proj,3,4,0.06126559525728226,True,8.66338062286377
16.mlp.gate_proj,3,5,0.12083173543214798,True,30.35135841369629
16.mlp.gate_proj,3,6,0.191338911652565,True,41.47722625732422
16.mlp.gate_proj,3,7,0.26257386803627014,True,52.28342056274414
16.mlp.gate_proj,3,8,0.3426351249217987,True,62.85231018066406
16.mlp.gate_proj,3,9,0.4276556968688965,True,70.45278930664062
16.mlp.gate_proj,4,5,0.06750614196062088,True,22.79650115966797
16.mlp.gate_proj,4,6,0.14147715270519257,True,33.98374938964844
16.mlp.gate_proj,4,7,0.21734128892421722,True,45.26163864135742
16.mlp.gate_proj,4,8,0.30438947677612305,True,56.939456939697266
16.mlp.gate_proj,4,9,0.4003340005874634,True,66.00448608398438
16.mlp.gate_proj,5,6,0.08274126797914505,True,12.995673179626465
16.mlp.gate_proj,5,7,0.16199244558811188,True,27.44524383544922
16.mlp.gate_proj,5,8,0.2573337256908417,True,43.71699905395508
16.mlp.gate_proj,5,9,0.3669148087501526,True,58.41694641113281
16.mlp.gate_proj,6,7,0.08787032216787338,True,15.860306739807129
16.mlp.gate_proj,6,8,0.19169148802757263,True,34.03256607055664
16.mlp.gate_proj,6,9,0.3174617290496826,True,50.86934280395508
16.mlp.gate_proj,7,8,0.11476662009954453,True,19.87961196899414
16.mlp.gate_proj,7,9,0.25616416335105896,True,38.89971160888672
16.mlp.gate_proj,8,9,0.15698331594467163,True,22.57462501525879
16.mlp.up_proj,0,1,0.08367019146680832,True,9.771772384643555
16.mlp.up_proj,0,2,0.12459893524646759,True,29.78154754638672
16.mlp.up_proj,0,3,0.18493545055389404,True,68.45586395263672
16.mlp.up_proj,0,4,0.22148364782333374,True,70.21785736083984
16.mlp.up_proj,0,5,0.26823875308036804,True,67.90125274658203
16.mlp.up_proj,0,6,0.3264950215816498,True,70.1181411743164
16.mlp.up_proj,0,7,0.378650963306427,True,71.55725860595703
16.mlp.up_proj,0,8,0.4324111044406891,True,73.11328125
16.mlp.up_proj,0,9,0.4883120656013489,True,76.5549087524414
16.mlp.up_proj,1,2,0.05669432878494263,True,28.158021926879883
16.mlp.up_proj,1,3,0.12036153674125671,True,68.27257537841797
16.mlp.up_proj,1,4,0.16640086472034454,True,69.00163269042969
16.mlp.up_proj,1,5,0.2202232927083969,True,64.46337890625
16.mlp.up_proj,1,6,0.2851073443889618,True,65.98127746582031
16.mlp.up_proj,1,7,0.3452851474285126,True,67.04559326171875
16.mlp.up_proj,1,8,0.4086229205131531,True,68.26591491699219
16.mlp.up_proj,1,9,0.47359558939933777,True,71.60614776611328
16.mlp.up_proj,2,3,0.07122538238763809,True,42.71712875366211
16.mlp.up_proj,2,4,0.1166730523109436,True,44.49374771118164
16.mlp.up_proj,2,5,0.17347349226474762,True,42.36432647705078
16.mlp.up_proj,2,6,0.24256931245326996,True,46.892173767089844
16.mlp.up_proj,2,7,0.3080487549304962,True,51.4610595703125
16.mlp.up_proj,2,8,0.37891915440559387,True,59.606258392333984
16.mlp.up_proj,2,9,0.4531344175338745,True,70.18728637695312
16.mlp.up_proj,3,4,0.06126559525728226,True,8.66338062286377
16.mlp.up_proj,3,5,0.12083173543214798,True,30.35135841369629
16.mlp.up_proj,3,6,0.191338911652565,True,41.47722625732422
16.mlp.up_proj,3,7,0.26257386803627014,True,52.28342056274414
16.mlp.up_proj,3,8,0.3426351249217987,True,62.85231018066406
16.mlp.up_proj,3,9,0.4276556968688965,True,70.45278930664062
16.mlp.up_proj,4,5,0.06750614196062088,True,22.79650115966797
16.mlp.up_proj,4,6,0.14147715270519257,True,33.98374938964844
16.mlp.up_proj,4,7,0.21734128892421722,True,45.26163864135742
16.mlp.up_proj,4,8,0.30438947677612305,True,56.939456939697266
16.mlp.up_proj,4,9,0.4003340005874634,True,66.00448608398438
16.mlp.up_proj,5,6,0.08274126797914505,True,12.995673179626465
16.mlp.up_proj,5,7,0.16199244558811188,True,27.44524383544922
16.mlp.up_proj,5,8,0.2573337256908417,True,43.71699905395508
16.mlp.up_proj,5,9,0.3669148087501526,True,58.41694641113281
16.mlp.up_proj,6,7,0.08787032216787338,True,15.860306739807129
16.mlp.up_proj,6,8,0.19169148802757263,True,34.03256607055664
16.mlp.up_proj,6,9,0.3174617290496826,True,50.86934280395508
16.mlp.up_proj,7,8,0.11476662009954453,True,19.87961196899414
16.mlp.up_proj,7,9,0.25616416335105896,True,38.89971160888672
16.mlp.up_proj,8,9,0.15698331594467163,True,22.57462501525879
16.mlp.down_proj,0,1,0.06987888365983963,True,15.779756546020508
16.mlp.down_proj,0,2,0.10030235350131989,True,21.486040115356445
16.mlp.down_proj,0,3,0.15022587776184082,True,31.000946044921875
16.mlp.down_proj,0,4,0.1821623295545578,True,38.81100845336914
16.mlp.down_proj,0,5,0.23308193683624268,True,52.46652603149414
16.mlp.down_proj,0,6,0.28164443373680115,True,63.930084228515625
16.mlp.down_proj,0,7,0.331405907869339,True,68.6693115234375
16.mlp.down_proj,0,8,0.3850482404232025,True,71.28541564941406
16.mlp.down_proj,0,9,0.4435776472091675,True,80.33189392089844
16.mlp.down_proj,1,2,0.04782378673553467,True,8.828795433044434
16.mlp.down_proj,1,3,0.09705132246017456,True,18.350847244262695
16.mlp.down_proj,1,4,0.13792213797569275,True,28.12548828125
16.mlp.down_proj,1,5,0.19316187500953674,True,45.40999221801758
16.mlp.down_proj,1,6,0.24780672788619995,True,58.28278732299805
16.mlp.down_proj,1,7,0.30477195978164673,True,63.74229431152344
16.mlp.down_proj,1,8,0.3677496314048767,True,68.01373291015625
16.mlp.down_proj,1,9,0.4353678822517395,True,79.68181610107422
16.mlp.down_proj,2,3,0.05670967698097229,True,11.70864486694336
16.mlp.down_proj,2,4,0.09697461128234863,True,23.24483871459961
16.mlp.down_proj,2,5,0.15659397840499878,True,42.068912506103516
16.mlp.down_proj,2,6,0.21628578007221222,True,55.735652923583984
16.mlp.down_proj,2,7,0.27887162566185,True,61.71318817138672
16.mlp.down_proj,2,8,0.3483412265777588,True,65.40447235107422
16.mlp.down_proj,2,9,0.42397212982177734,True,79.33661651611328
16.mlp.down_proj,3,4,0.053298622369766235,True,13.808551788330078
16.mlp.down_proj,3,5,0.11496981978416443,True,33.24113082885742
16.mlp.down_proj,3,6,0.17892619967460632,True,47.540042877197266
16.mlp.down_proj,3,7,0.24733003973960876,True,54.697750091552734
16.mlp.down_proj,3,8,0.3249376714229584,True,64.04264068603516
16.mlp.down_proj,3,9,0.41085729002952576,True,78.55525970458984
16.mlp.down_proj,4,5,0.06847310066223145,True,21.582151412963867
16.mlp.down_proj,4,6,0.1357865184545517,True,36.70077133178711
16.mlp.down_proj,4,7,0.20897327363491058,True,46.077301025390625
16.mlp.down_proj,4,8,0.29272422194480896,True,61.81926727294922
16.mlp.down_proj,4,9,0.38859823346138,True,76.99175262451172
16.mlp.down_proj,5,6,0.07530950754880905,True,16.703350067138672
16.mlp.down_proj,5,7,0.15343326330184937,True,29.75417709350586
16.mlp.down_proj,5,8,0.2464861124753952,True,56.547000885009766
16.mlp.down_proj,5,9,0.3567444384098053,True,74.73155975341797
16.mlp.down_proj,6,7,0.08513205498456955,True,17.318525314331055
16.mlp.down_proj,6,8,0.18708233535289764,True,52.885616302490234
16.mlp.down_proj,6,9,0.31256103515625,True,71.7446060180664
16.mlp.down_proj,7,8,0.11256357282400131,True,40.65436553955078
16.mlp.down_proj,7,9,0.25390586256980896,True,63.49917221069336
16.mlp.down_proj,8,9,0.15710870921611786,True,48.15711212158203
17.self_attn.q_proj,0,1,0.0852794423699379,True,74.33496856689453
17.self_attn.q_proj,0,2,0.1336459219455719,True,84.14974975585938
17.self_attn.q_proj,0,3,0.20534992218017578,True,86.77580261230469
17.self_attn.q_proj,0,4,0.2557637691497803,True,87.47571563720703
17.self_attn.q_proj,0,5,0.32133302092552185,True,88.55010986328125
17.self_attn.q_proj,0,6,0.4018710255622864,True,89.40950775146484
17.self_attn.q_proj,0,7,0.4764706492424011,True,89.66827392578125
17.self_attn.q_proj,0,8,0.5456836223602295,True,89.91307067871094
17.self_attn.q_proj,0,9,0.5980575680732727,True,89.99075317382812
17.self_attn.q_proj,1,2,0.057526204735040665,True,74.26156616210938
17.self_attn.q_proj,1,3,0.13334421813488007,True,78.3193130493164
17.self_attn.q_proj,1,4,0.18943440914154053,True,79.38938903808594
17.self_attn.q_proj,1,5,0.26041457056999207,True,82.83265686035156
17.self_attn.q_proj,1,6,0.3489811420440674,True,87.50567626953125
17.self_attn.q_proj,1,7,0.43310463428497314,True,88.92689514160156
17.self_attn.q_proj,1,8,0.5146164894104004,True,89.9825210571289
17.self_attn.q_proj,1,9,0.5841410756111145,True,89.74127197265625
17.self_attn.q_proj,2,3,0.08311066031455994,True,10.691924095153809
17.self_attn.q_proj,2,4,0.13832394778728485,True,24.879405975341797
17.self_attn.q_proj,2,5,0.21179933845996857,True,80.37271118164062
17.self_attn.q_proj,2,6,0.30528298020362854,True,86.31123352050781
17.self_attn.q_proj,2,7,0.39565035700798035,True,88.3448486328125
17.self_attn.q_proj,2,8,0.4860071539878845,True,89.71986389160156
17.self_attn.q_proj,2,9,0.5691927075386047,True,89.82072448730469
17.self_attn.q_proj,3,4,0.06779906898736954,True,16.935678482055664
17.self_attn.q_proj,3,5,0.14320018887519836,True,77.07857513427734
17.self_attn.q_proj,3,6,0.23894084990024567,True,84.10639190673828
17.self_attn.q_proj,3,7,0.3373510241508484,True,86.93693542480469
17.self_attn.q_proj,3,8,0.44089019298553467,True,88.81755828857422
17.self_attn.q_proj,3,9,0.5449689626693726,True,89.52069091796875
17.self_attn.q_proj,4,5,0.08154888451099396,True,63.50391387939453
17.self_attn.q_proj,4,6,0.1817738115787506,True,73.57716369628906
17.self_attn.q_proj,4,7,0.28551387786865234,True,80.5184326171875
17.self_attn.q_proj,4,8,0.39805540442466736,True,84.65314483642578
17.self_attn.q_proj,4,9,0.5188350081443787,True,86.30570983886719
17.self_attn.q_proj,5,6,0.10811642557382584,True,31.585981369018555
17.self_attn.q_proj,5,7,0.21630015969276428,True,60.46970748901367
17.self_attn.q_proj,5,8,0.3393627405166626,True,71.59114074707031
17.self_attn.q_proj,5,9,0.4806392192840576,True,76.89990997314453
17.self_attn.q_proj,6,7,0.1163521260023117,True,31.64066505432129
17.self_attn.q_proj,6,8,0.25218790769577026,True,46.30434799194336
17.self_attn.q_proj,6,9,0.42144715785980225,True,55.08375930786133
17.self_attn.q_proj,7,8,0.14772158861160278,True,18.681140899658203
17.self_attn.q_proj,7,9,0.3431077003479004,True,32.06734085083008
17.self_attn.q_proj,8,9,0.21926447749137878,True,22.22832489013672
17.self_attn.k_proj,0,1,0.0852794423699379,True,74.33496856689453
17.self_attn.k_proj,0,2,0.1336459219455719,True,84.14974975585938
17.self_attn.k_proj,0,3,0.20534992218017578,True,86.77580261230469
17.self_attn.k_proj,0,4,0.2557637691497803,True,87.47571563720703
17.self_attn.k_proj,0,5,0.32133302092552185,True,88.55010986328125
17.self_attn.k_proj,0,6,0.4018710255622864,True,89.40950775146484
17.self_attn.k_proj,0,7,0.4764706492424011,True,89.66827392578125
17.self_attn.k_proj,0,8,0.5456836223602295,True,89.91307067871094
17.self_attn.k_proj,0,9,0.5980575680732727,True,89.99075317382812
17.self_attn.k_proj,1,2,0.057526204735040665,True,74.26156616210938
17.self_attn.k_proj,1,3,0.13334421813488007,True,78.3193130493164
17.self_attn.k_proj,1,4,0.18943440914154053,True,79.38938903808594
17.self_attn.k_proj,1,5,0.26041457056999207,True,82.83265686035156
17.self_attn.k_proj,1,6,0.3489811420440674,True,87.50567626953125
17.self_attn.k_proj,1,7,0.43310463428497314,True,88.92689514160156
17.self_attn.k_proj,1,8,0.5146164894104004,True,89.9825210571289
17.self_attn.k_proj,1,9,0.5841410756111145,True,89.74127197265625
17.self_attn.k_proj,2,3,0.08311066031455994,True,10.691924095153809
17.self_attn.k_proj,2,4,0.13832394778728485,True,24.879405975341797
17.self_attn.k_proj,2,5,0.21179933845996857,True,80.37271118164062
17.self_attn.k_proj,2,6,0.30528298020362854,True,86.31123352050781
17.self_attn.k_proj,2,7,0.39565035700798035,True,88.3448486328125
17.self_attn.k_proj,2,8,0.4860071539878845,True,89.71986389160156
17.self_attn.k_proj,2,9,0.5691927075386047,True,89.82072448730469
17.self_attn.k_proj,3,4,0.06779906898736954,True,16.935678482055664
17.self_attn.k_proj,3,5,0.14320018887519836,True,77.07857513427734
17.self_attn.k_proj,3,6,0.23894084990024567,True,84.10639190673828
17.self_attn.k_proj,3,7,0.3373510241508484,True,86.93693542480469
17.self_attn.k_proj,3,8,0.44089019298553467,True,88.81755828857422
17.self_attn.k_proj,3,9,0.5449689626693726,True,89.52069091796875
17.self_attn.k_proj,4,5,0.08154888451099396,True,63.50391387939453
17.self_attn.k_proj,4,6,0.1817738115787506,True,73.57716369628906
17.self_attn.k_proj,4,7,0.28551387786865234,True,80.5184326171875
17.self_attn.k_proj,4,8,0.39805540442466736,True,84.65314483642578
17.self_attn.k_proj,4,9,0.5188350081443787,True,86.30570983886719
17.self_attn.k_proj,5,6,0.10811642557382584,True,31.585981369018555
17.self_attn.k_proj,5,7,0.21630015969276428,True,60.46970748901367
17.self_attn.k_proj,5,8,0.3393627405166626,True,71.59114074707031
17.self_attn.k_proj,5,9,0.4806392192840576,True,76.89990997314453
17.self_attn.k_proj,6,7,0.1163521260023117,True,31.64066505432129
17.self_attn.k_proj,6,8,0.25218790769577026,True,46.30434799194336
17.self_attn.k_proj,6,9,0.42144715785980225,True,55.08375930786133
17.self_attn.k_proj,7,8,0.14772158861160278,True,18.681140899658203
17.self_attn.k_proj,7,9,0.3431077003479004,True,32.06734085083008
17.self_attn.k_proj,8,9,0.21926447749137878,True,22.22832489013672
17.self_attn.v_proj,0,1,0.0852794423699379,True,74.33496856689453
17.self_attn.v_proj,0,2,0.1336459219455719,True,84.14974975585938
17.self_attn.v_proj,0,3,0.20534992218017578,True,86.77580261230469
17.self_attn.v_proj,0,4,0.2557637691497803,True,87.47571563720703
17.self_attn.v_proj,0,5,0.32133302092552185,True,88.55010986328125
17.self_attn.v_proj,0,6,0.4018710255622864,True,89.40950775146484
17.self_attn.v_proj,0,7,0.4764706492424011,True,89.66827392578125
17.self_attn.v_proj,0,8,0.5456836223602295,True,89.91307067871094
17.self_attn.v_proj,0,9,0.5980575680732727,True,89.99075317382812
17.self_attn.v_proj,1,2,0.057526204735040665,True,74.26156616210938
17.self_attn.v_proj,1,3,0.13334421813488007,True,78.3193130493164
17.self_attn.v_proj,1,4,0.18943440914154053,True,79.38938903808594
17.self_attn.v_proj,1,5,0.26041457056999207,True,82.83265686035156
17.self_attn.v_proj,1,6,0.3489811420440674,True,87.50567626953125
17.self_attn.v_proj,1,7,0.43310463428497314,True,88.92689514160156
17.self_attn.v_proj,1,8,0.5146164894104004,True,89.9825210571289
17.self_attn.v_proj,1,9,0.5841410756111145,True,89.74127197265625
17.self_attn.v_proj,2,3,0.08311066031455994,True,10.691924095153809
17.self_attn.v_proj,2,4,0.13832394778728485,True,24.879405975341797
17.self_attn.v_proj,2,5,0.21179933845996857,True,80.37271118164062
17.self_attn.v_proj,2,6,0.30528298020362854,True,86.31123352050781
17.self_attn.v_proj,2,7,0.39565035700798035,True,88.3448486328125
17.self_attn.v_proj,2,8,0.4860071539878845,True,89.71986389160156
17.self_attn.v_proj,2,9,0.5691927075386047,True,89.82072448730469
17.self_attn.v_proj,3,4,0.06779906898736954,True,16.935678482055664
17.self_attn.v_proj,3,5,0.14320018887519836,True,77.07857513427734
17.self_attn.v_proj,3,6,0.23894084990024567,True,84.10639190673828
17.self_attn.v_proj,3,7,0.3373510241508484,True,86.93693542480469
17.self_attn.v_proj,3,8,0.44089019298553467,True,88.81755828857422
17.self_attn.v_proj,3,9,0.5449689626693726,True,89.52069091796875
17.self_attn.v_proj,4,5,0.08154888451099396,True,63.50391387939453
17.self_attn.v_proj,4,6,0.1817738115787506,True,73.57716369628906
17.self_attn.v_proj,4,7,0.28551387786865234,True,80.5184326171875
17.self_attn.v_proj,4,8,0.39805540442466736,True,84.65314483642578
17.self_attn.v_proj,4,9,0.5188350081443787,True,86.30570983886719
17.self_attn.v_proj,5,6,0.10811642557382584,True,31.585981369018555
17.self_attn.v_proj,5,7,0.21630015969276428,True,60.46970748901367
17.self_attn.v_proj,5,8,0.3393627405166626,True,71.59114074707031
17.self_attn.v_proj,5,9,0.4806392192840576,True,76.89990997314453
17.self_attn.v_proj,6,7,0.1163521260023117,True,31.64066505432129
17.self_attn.v_proj,6,8,0.25218790769577026,True,46.30434799194336
17.self_attn.v_proj,6,9,0.42144715785980225,True,55.08375930786133
17.self_attn.v_proj,7,8,0.14772158861160278,True,18.681140899658203
17.self_attn.v_proj,7,9,0.3431077003479004,True,32.06734085083008
17.self_attn.v_proj,8,9,0.21926447749137878,True,22.22832489013672
17.self_attn.o_proj,0,1,0.051539983600378036,True,79.9185791015625
17.self_attn.o_proj,0,2,0.08436910063028336,True,83.05254364013672
17.self_attn.o_proj,0,3,0.1283387839794159,True,83.95630645751953
17.self_attn.o_proj,0,4,0.1566457450389862,True,84.43350219726562
17.self_attn.o_proj,0,5,0.19278009235858917,True,85.58968353271484
17.self_attn.o_proj,0,6,0.22393137216567993,True,86.48090362548828
17.self_attn.o_proj,0,7,0.24372203648090363,True,88.20532989501953
17.self_attn.o_proj,0,8,0.2364971786737442,True,88.8457260131836
17.self_attn.o_proj,0,9,0.20357440412044525,True,88.5679931640625
17.self_attn.o_proj,1,2,0.03813005983829498,True,10.319135665893555
17.self_attn.o_proj,1,3,0.08467625826597214,True,34.325233459472656
17.self_attn.o_proj,1,4,0.11704850941896439,True,65.26528930664062
17.self_attn.o_proj,1,5,0.1569572538137436,True,74.48155212402344
17.self_attn.o_proj,1,6,0.19280289113521576,True,80.20128631591797
17.self_attn.o_proj,1,7,0.2194923609495163,True,85.2223892211914
17.self_attn.o_proj,1,8,0.22057123482227325,True,88.57756805419922
17.self_attn.o_proj,1,9,0.1994236260652542,True,89.32037353515625
17.self_attn.o_proj,2,3,0.05013664439320564,True,28.10194206237793
17.self_attn.o_proj,2,4,0.08234800398349762,True,59.70035934448242
17.self_attn.o_proj,2,5,0.12470092624425888,True,69.24454498291016
17.self_attn.o_proj,2,6,0.16416624188423157,True,75.41168975830078
17.self_attn.o_proj,2,7,0.19635942578315735,True,82.6004409790039
17.self_attn.o_proj,2,8,0.2049500197172165,True,87.8978271484375
17.self_attn.o_proj,2,9,0.19498777389526367,True,88.02356719970703
17.self_attn.o_proj,3,4,0.03888455405831337,True,32.27066421508789
17.self_attn.o_proj,3,5,0.08211389929056168,True,43.065330505371094
17.self_attn.o_proj,3,6,0.12465124577283859,True,52.520389556884766
17.self_attn.o_proj,3,7,0.16346488893032074,True,68.79143524169922
17.self_attn.o_proj,3,8,0.18226642906665802,True,89.09329223632812
17.self_attn.o_proj,3,9,0.18771125376224518,True,87.61138153076172
17.self_attn.o_proj,4,5,0.04765183851122856,True,17.482152938842773
17.self_attn.o_proj,4,6,0.09313760697841644,True,37.16874694824219
17.self_attn.o_proj,4,7,0.136550173163414,True,56.518333435058594
17.self_attn.o_proj,4,8,0.16282804310321808,True,88.81060028076172
17.self_attn.o_proj,4,9,0.18096566200256348,True,88.2977294921875
17.self_attn.o_proj,5,6,0.04878990724682808,True,22.8657169342041
17.self_attn.o_proj,5,7,0.09661415964365005,True,50.453948974609375
17.self_attn.o_proj,5,8,0.13276633620262146,True,87.83253479003906
17.self_attn.o_proj,5,9,0.16886471211910248,True,88.63972473144531
17.self_attn.o_proj,6,7,0.05265418440103531,True,37.780357360839844
17.self_attn.o_proj,6,8,0.09813260287046432,True,86.06861877441406
17.self_attn.o_proj,6,9,0.15393315255641937,True,89.95001220703125
17.self_attn.o_proj,7,8,0.054532021284103394,True,79.79825592041016
17.self_attn.o_proj,7,9,0.13019786775112152,True,88.92333221435547
17.self_attn.o_proj,8,9,0.08995922654867172,True,73.57510375976562
17.mlp.gate_proj,0,1,0.05293352156877518,True,4.7144694328308105
17.mlp.gate_proj,0,2,0.08749977499246597,True,7.291106224060059
17.mlp.gate_proj,0,3,0.13467305898666382,True,11.152118682861328
17.mlp.gate_proj,0,4,0.17394615709781647,True,14.740413665771484
17.mlp.gate_proj,0,5,0.2214156985282898,True,22.705440521240234
17.mlp.gate_proj,0,6,0.27811768651008606,True,33.635372161865234
17.mlp.gate_proj,0,7,0.3422439396381378,True,43.15866470336914
17.mlp.gate_proj,0,8,0.41506004333496094,True,54.681251525878906
17.mlp.gate_proj,0,9,0.5146667957305908,True,68.28579711914062
17.mlp.gate_proj,1,2,0.039340559393167496,True,3.9001829624176025
17.mlp.gate_proj,1,3,0.08773668855428696,True,8.124388694763184
17.mlp.gate_proj,1,4,0.12991085648536682,True,13.173135757446289
17.mlp.gate_proj,1,5,0.17946264147758484,True,21.659460067749023
17.mlp.gate_proj,1,6,0.2387181669473648,True,32.890296936035156
17.mlp.gate_proj,1,7,0.3062726855278015,True,42.591922760009766
17.mlp.gate_proj,1,8,0.38398730754852295,True,54.318870544433594
17.mlp.gate_proj,1,9,0.4911622107028961,True,68.3739013671875
17.mlp.gate_proj,2,3,0.05136056989431381,True,4.7666192054748535
17.mlp.gate_proj,2,4,0.09319061785936356,True,10.649484634399414
17.mlp.gate_proj,2,5,0.1438559889793396,True,19.366455078125
17.mlp.gate_proj,2,6,0.20491459965705872,True,30.6464900970459
17.mlp.gate_proj,2,7,0.27503398060798645,True,40.51634216308594
17.mlp.gate_proj,2,8,0.3564176857471466,True,52.231319427490234
17.mlp.gate_proj,2,9,0.47021210193634033,True,66.67975616455078
17.mlp.gate_proj,3,4,0.04582996666431427,True,6.437971115112305
17.mlp.gate_proj,3,5,0.09698352217674255,True,15.311711311340332
17.mlp.gate_proj,3,6,0.15912003815174103,True,26.920347213745117
17.mlp.gate_proj,3,7,0.2318001389503479,True,37.11387634277344
17.mlp.gate_proj,3,8,0.31776726245880127,True,48.96492004394531
17.mlp.gate_proj,3,9,0.44004711508750916,True,63.84326171875
17.mlp.gate_proj,4,5,0.053545039147138596,True,10.259040832519531
17.mlp.gate_proj,4,6,0.11741221696138382,True,23.126733779907227
17.mlp.gate_proj,4,7,0.1925717294216156,True,33.55121994018555
17.mlp.gate_proj,4,8,0.28229600191116333,True,45.95633316040039
17.mlp.gate_proj,4,9,0.41261452436447144,True,61.67169189453125
17.mlp.gate_proj,5,6,0.06660395115613937,True,13.410502433776855
17.mlp.gate_proj,5,7,0.14336204528808594,True,24.20155143737793
17.mlp.gate_proj,5,8,0.23701399564743042,True,37.26167678833008
17.mlp.gate_proj,5,9,0.37639132142066956,True,55.353240966796875
17.mlp.gate_proj,6,7,0.0797431692481041,True,11.606461524963379
17.mlp.gate_proj,6,8,0.17751196026802063,True,25.73418426513672
17.mlp.gate_proj,6,9,0.32803404331207275,True,49.25885009765625
17.mlp.gate_proj,7,8,0.10273882001638412,True,16.111835479736328
17.mlp.gate_proj,7,9,0.2646525204181671,True,44.56718444824219
17.mlp.gate_proj,8,9,0.1729966253042221,True,34.53608322143555
17.mlp.up_proj,0,1,0.05293352156877518,True,4.7144694328308105
17.mlp.up_proj,0,2,0.08749977499246597,True,7.291106224060059
17.mlp.up_proj,0,3,0.13467305898666382,True,11.152118682861328
17.mlp.up_proj,0,4,0.17394615709781647,True,14.740413665771484
17.mlp.up_proj,0,5,0.2214156985282898,True,22.705440521240234
17.mlp.up_proj,0,6,0.27811768651008606,True,33.635372161865234
17.mlp.up_proj,0,7,0.3422439396381378,True,43.15866470336914
17.mlp.up_proj,0,8,0.41506004333496094,True,54.681251525878906
17.mlp.up_proj,0,9,0.5146667957305908,True,68.28579711914062
17.mlp.up_proj,1,2,0.039340559393167496,True,3.9001829624176025
17.mlp.up_proj,1,3,0.08773668855428696,True,8.124388694763184
17.mlp.up_proj,1,4,0.12991085648536682,True,13.173135757446289
17.mlp.up_proj,1,5,0.17946264147758484,True,21.659460067749023
17.mlp.up_proj,1,6,0.2387181669473648,True,32.890296936035156
17.mlp.up_proj,1,7,0.3062726855278015,True,42.591922760009766
17.mlp.up_proj,1,8,0.38398730754852295,True,54.318870544433594
17.mlp.up_proj,1,9,0.4911622107028961,True,68.3739013671875
17.mlp.up_proj,2,3,0.05136056989431381,True,4.7666192054748535
17.mlp.up_proj,2,4,0.09319061785936356,True,10.649484634399414
17.mlp.up_proj,2,5,0.1438559889793396,True,19.366455078125
17.mlp.up_proj,2,6,0.20491459965705872,True,30.6464900970459
17.mlp.up_proj,2,7,0.27503398060798645,True,40.51634216308594
17.mlp.up_proj,2,8,0.3564176857471466,True,52.231319427490234
17.mlp.up_proj,2,9,0.47021210193634033,True,66.67975616455078
17.mlp.up_proj,3,4,0.04582996666431427,True,6.437971115112305
17.mlp.up_proj,3,5,0.09698352217674255,True,15.311711311340332
17.mlp.up_proj,3,6,0.15912003815174103,True,26.920347213745117
17.mlp.up_proj,3,7,0.2318001389503479,True,37.11387634277344
17.mlp.up_proj,3,8,0.31776726245880127,True,48.96492004394531
17.mlp.up_proj,3,9,0.44004711508750916,True,63.84326171875
17.mlp.up_proj,4,5,0.053545039147138596,True,10.259040832519531
17.mlp.up_proj,4,6,0.11741221696138382,True,23.126733779907227
17.mlp.up_proj,4,7,0.1925717294216156,True,33.55121994018555
17.mlp.up_proj,4,8,0.28229600191116333,True,45.95633316040039
17.mlp.up_proj,4,9,0.41261452436447144,True,61.67169189453125
17.mlp.up_proj,5,6,0.06660395115613937,True,13.410502433776855
17.mlp.up_proj,5,7,0.14336204528808594,True,24.20155143737793
17.mlp.up_proj,5,8,0.23701399564743042,True,37.26167678833008
17.mlp.up_proj,5,9,0.37639132142066956,True,55.353240966796875
17.mlp.up_proj,6,7,0.0797431692481041,True,11.606461524963379
17.mlp.up_proj,6,8,0.17751196026802063,True,25.73418426513672
17.mlp.up_proj,6,9,0.32803404331207275,True,49.25885009765625
17.mlp.up_proj,7,8,0.10273882001638412,True,16.111835479736328
17.mlp.up_proj,7,9,0.2646525204181671,True,44.56718444824219
17.mlp.up_proj,8,9,0.1729966253042221,True,34.53608322143555
17.mlp.down_proj,0,1,0.04808617755770683,True,14.424023628234863
17.mlp.down_proj,0,2,0.08786225318908691,True,23.2769832611084
17.mlp.down_proj,0,3,0.12490441650152206,True,26.04513168334961
17.mlp.down_proj,0,4,0.1719919741153717,True,37.464412689208984
17.mlp.down_proj,0,5,0.2233087420463562,True,58.23450469970703
17.mlp.down_proj,0,6,0.2833927273750305,True,75.3239974975586
17.mlp.down_proj,0,7,0.36121100187301636,True,89.0115966796875
17.mlp.down_proj,0,8,0.44227704405784607,True,82.18302917480469
17.mlp.down_proj,0,9,0.543016791343689,True,85.73607635498047
17.mlp.down_proj,1,2,0.04431416839361191,True,9.896860122680664
17.mlp.down_proj,1,3,0.08273619413375854,True,14.50175952911377
17.mlp.down_proj,1,4,0.13255523145198822,True,28.680326461791992
17.mlp.down_proj,1,5,0.18653073906898499,True,52.47429275512695
17.mlp.down_proj,1,6,0.24913983047008514,True,70.68537139892578
17.mlp.down_proj,1,7,0.33177536725997925,True,88.35478973388672
17.mlp.down_proj,1,8,0.41933974623680115,True,81.27205657958984
17.mlp.down_proj,1,9,0.5311633348464966,True,85.51555633544922
17.mlp.down_proj,2,3,0.04260171949863434,True,8.960611343383789
17.mlp.down_proj,2,4,0.09173040837049484,True,22.809894561767578
17.mlp.down_proj,2,5,0.14736276865005493,True,47.815975189208984
17.mlp.down_proj,2,6,0.21211209893226624,True,66.48687744140625
17.mlp.down_proj,2,7,0.2988687753677368,True,85.35124206542969
17.mlp.down_proj,2,8,0.3927462697029114,True,81.37409210205078
17.mlp.down_proj,2,9,0.5169699192047119,True,86.00423431396484
17.mlp.down_proj,3,4,0.05273972451686859,True,15.323847770690918
17.mlp.down_proj,3,5,0.10904912650585175,True,40.7968635559082
17.mlp.down_proj,3,6,0.17506104707717896,True,60.37043380737305
17.mlp.down_proj,3,7,0.26544225215911865,True,80.38165283203125
17.mlp.down_proj,3,8,0.36448934674263,True,81.60028076171875
17.mlp.down_proj,3,9,0.4999917149543762,True,86.34709930419922
17.mlp.down_proj,4,5,0.06048258766531944,True,26.900623321533203
17.mlp.down_proj,4,6,0.12786781787872314,True,46.86232376098633
17.mlp.down_proj,4,7,0.22267891466617584,True,68.3809585571289
17.mlp.down_proj,4,8,0.32839763164520264,True,85.7615966796875
17.mlp.down_proj,4,9,0.47930434346199036,True,89.10932922363281
17.mlp.down_proj,5,6,0.0704493373632431,True,21.42819595336914
17.mlp.down_proj,5,7,0.16728371381759644,True,44.57587814331055
17.mlp.down_proj,5,8,0.2793606221675873,True,87.39659881591797
17.mlp.down_proj,5,9,0.44732460379600525,True,88.58735656738281
17.mlp.down_proj,6,7,0.10188299417495728,True,25.176929473876953
17.mlp.down_proj,6,8,0.22026769816875458,True,81.30086517333984
17.mlp.down_proj,6,9,0.40821194648742676,True,85.3842544555664
17.mlp.down_proj,7,8,0.12687475979328156,True,71.48760986328125
17.mlp.down_proj,7,9,0.34026238322257996,True,89.15354919433594
17.mlp.down_proj,8,9,0.23754628002643585,True,87.44964599609375
