model,suite,task,observation,tv,agreement
bb_M2_ae_M2_fp32,libero_10,0,1200,0.0,1.0
bb_M2_ae_M2_fp32,libero_10,0,1201,0.90625,0.09375
bb_M2_ae_M2_fp32,libero_10,0,1202,0.0,1.0
bb_M2_ae_M2_fp32,libero_10,0,1203,0.0,1.0
bb_M2_ae_M2_fp32,libero_10,0,1204,0.0,1.0
bb_M2_ae_M2_fp32,libero_10,0,1205,0.0,1.0
bb_M2_ae_M2_fp32,libero_10,0,1206,0.0,1.0
bb_M2_ae_M2_fp32,libero_10,0,1207,0.0,1.0
bb_M2_ae_M2_fp32,libero_10,0,1208,0.0,1.0
bb_M2_ae_M2_fp32,libero_10,0,1209,0.0,1.0
bb_M2_ae_M2_fp32,libero_10,0,1210,0.75,0.25
bb_M2_ae_M2_fp32,libero_10,0,1211,0.0,1.0
bb_M2_ae_M2_fp32,libero_10,0,1212,0.0,1.0
bb_M2_ae_M2_fp32,libero_10,0,1213,0.0,1.0
bb_M2_ae_M2_fp32,libero_10,0,1214,0.0,1.0
bb_M2_ae_M2_fp32,libero_10,0,1215,0.0,1.0
bb_M2_ae_M2_fp32,libero_10,0,1216,0.0,1.0
bb_M2_ae_M2_fp32,libero_10,0,1217,0.96875,0.03125
bb_M2_ae_M2_fp32,libero_10,0,1218,0.0,1.0
bb_M2_ae_M2_fp32,libero_10,0,1219,0.0,1.0
bb_M2_ae_M2_fp32,libero_10,0,1220,0.0,1.0
bb_M2_ae_M2_fp32,libero_10,0,1221,0.78125,0.21875
bb_M2_ae_M2_fp32,libero_10,0,1222,1.0,0.0
bb_M2_ae_M2_fp32,libero_10,0,1223,0.0,1.0
bb_M2_ae_M2_fp32,libero_10,0,1224,0.0,1.0
bb_M2_ae_M2_fp32,libero_10,0,1225,0.78125,0.21875
bb_M2_ae_M2_fp32,libero_10,0,1226,0.0,1.0
bb_M2_ae_M2_fp32,libero_10,0,1227,1.0,0.0
bb_M2_ae_M2_fp32,libero_10,0,1228,0.0,1.0
bb_M2_ae_M2_fp32,libero_10,0,1229,0.0,1.0
bb_M2_ae_M2_fp32,libero_10,0,1230,1.0,0.0
bb_M2_ae_M2_fp32,libero_10,0,1231,0.0,1.0
bb_M2_ae_M2_fp32,libero_10,0,1232,0.0,1.0
bb_M2_ae_M2_fp32,libero_10,0,1233,0.0,1.0
bb_M2_ae_M2_fp32,libero_10,0,1234,1.0,0.0
bb_M2_ae_M2_fp32,libero_10,0,1235,0.0,1.0
bb_M2_ae_M2_fp32,libero_10,0,1236,0.0,1.0
bb_M2_ae_M2_fp32,libero_10,0,1237,0.0,1.0
bb_M2_ae_M2_fp32,libero_10,0,1238,0.0,1.0
bb_M2_ae_M2_fp32,libero_10,0,1239,0.5625,0.4375
bb_M2_ae_M2_fp32,libero_10,1,1240,0.0,1.0
bb_M2_ae_M2_fp32,libero_10,1,1241,0.78125,0.21875
bb_M2_ae_M2_fp32,libero_10,1,1242,0.0,1.0
bb_M2_ae_M2_fp32,libero_10,1,1243,0.0,1.0
bb_M2_ae_M2_fp32,libero_10,1,1244,1.0,0.0
bb_M2_ae_M2_fp32,libero_10,1,1245,0.96875,0.03125
bb_M2_ae_M2_fp32,libero_10,1,1246,0.0,1.0
bb_M2_ae_M2_fp32,libero_10,1,1247,0.71875,0.28125
bb_M2_ae_M2_fp32,libero_10,1,1248,0.75,0.25
bb_M2_ae_M2_fp32,libero_10,1,1249,0.0,1.0
bb_M2_ae_M2_fp32,libero_10,1,1250,0.0,1.0
bb_M2_ae_M2_fp32,libero_10,1,1251,0.9375,0.0625
bb_M2_ae_M2_fp32,libero_10,1,1252,0.90625,0.09375
bb_M2_ae_M2_fp32,libero_10,1,1253,0.0,1.0
bb_M2_ae_M2_fp32,libero_10,1,1254,0.0,1.0
bb_M2_ae_M2_fp32,libero_10,1,1255,0.96875,0.03125
bb_M2_ae_M2_fp32,libero_10,1,1256,1.0,0.0
bb_M2_ae_M2_fp32,libero_10,1,1257,0.0,1.0
bb_M2_ae_M2_fp32,libero_10,1,1258,0.0,1.0
bb_M2_ae_M2_fp32,libero_10,1,1259,0.0,1.0
bb_M2_ae_M2_fp32,libero_10,1,1260,0.90625,0.09375
bb_M2_ae_M2_fp32,libero_10,1,1261,0.0,1.0
bb_M2_ae_M2_fp32,libero_10,1,1262,1.0,0.0
bb_M2_ae_M2_fp32,libero_10,1,1263,0.0,1.0
bb_M2_ae_M2_fp32,libero_10,1,1264,0.0,1.0
bb_M2_ae_M2_fp32,libero_10,1,1265,0.875,0.125
bb_M2_ae_M2_fp32,libero_10,1,1266,0.0,1.0
bb_M2_ae_M2_fp32,libero_10,1,1267,0.0,1.0
bb_M2_ae_M2_fp32,libero_10,1,1268,0.03125,0.96875
bb_M2_ae_M2_fp32,libero_10,1,1269,0.0,1.0
bb_M2_ae_M2_fp32,libero_10,1,1270,0.0,1.0
bb_M2_ae_M2_fp32,libero_10,1,1271,0.0,1.0
bb_M2_ae_M2_fp32,libero_10,1,1272,0.6875,0.3125
bb_M2_ae_M2_fp32,libero_10,1,1273,0.0,1.0
bb_M2_ae_M2_fp32,libero_10,1,1274,0.0,1.0
bb_M2_ae_M2_fp32,libero_10,1,1275,0.34375,0.65625
bb_M2_ae_M2_fp32,libero_10,1,1276,1.0,0.0
bb_M2_ae_M2_fp32,libero_10,1,1277,0.0,1.0
bb_M2_ae_M2_fp32,libero_10,1,1278,0.9375,0.0625
bb_M2_ae_M2_fp32,libero_10,1,1279,0.96875,0.03125
bb_M2_ae_M2_fp32,libero_10,2,1280,0.0,1.0
bb_M2_ae_M2_fp32,libero_10,2,1281,1.0,0.0
bb_M2_ae_M2_fp32,libero_10,2,1282,0.78125,0.21875
bb_M2_ae_M2_fp32,libero_10,2,1283,0.0,1.0
bb_M2_ae_M2_fp32,libero_10,2,1284,0.96875,0.03125
bb_M2_ae_M2_fp32,libero_10,2,1285,1.0,0.0
bb_M2_ae_M2_fp32,libero_10,2,1286,0.8125,0.15625
bb_M2_ae_M2_fp32,libero_10,2,1287,0.96875,0.03125
bb_M2_ae_M2_fp32,libero_10,2,1288,0.84375,0.15625
bb_M2_ae_M2_fp32,libero_10,2,1289,0.1875,0.8125
bb_M2_ae_M2_fp32,libero_10,2,1290,0.96875,0.03125
bb_M2_ae_M2_fp32,libero_10,2,1291,0.90625,0.09375
bb_M2_ae_M2_fp32,libero_10,2,1292,0.84375,0.15625
bb_M2_ae_M2_fp32,libero_10,2,1293,1.0,0.0
bb_M2_ae_M2_fp32,libero_10,2,1294,0.875,0.125
bb_M2_ae_M2_fp32,libero_10,2,1295,1.0,0.0
bb_M2_ae_M2_fp32,libero_10,2,1296,0.84375,0.15625
bb_M2_ae_M2_fp32,libero_10,2,1297,1.0,0.0
bb_M2_ae_M2_fp32,libero_10,2,1298,0.96875,0.03125
bb_M2_ae_M2_fp32,libero_10,2,1299,1.0,0.0
bb_M2_ae_M2_fp32,libero_10,2,1300,1.0,0.0
bb_M2_ae_M2_fp32,libero_10,2,1301,0.96875,0.03125
bb_M2_ae_M2_fp32,libero_10,2,1302,0.0,1.0
bb_M2_ae_M2_fp32,libero_10,2,1303,0.625,0.375
bb_M2_ae_M2_fp32,libero_10,2,1304,1.0,0.0
bb_M2_ae_M2_fp32,libero_10,2,1305,0.84375,0.15625
bb_M2_ae_M2_fp32,libero_10,2,1306,0.875,0.125
bb_M2_ae_M2_fp32,libero_10,2,1307,0.96875,0.03125
bb_M2_ae_M2_fp32,libero_10,2,1308,1.0,0.0
bb_M2_ae_M2_fp32,libero_10,2,1309,0.8125,0.1875
bb_M2_ae_M2_fp32,libero_10,2,1310,1.0,0.0
bb_M2_ae_M2_fp32,libero_10,2,1311,0.65625,0.34375
bb_M2_ae_M2_fp32,libero_10,2,1312,1.0,0.0
bb_M2_ae_M2_fp32,libero_10,2,1313,0.9375,0.0625
bb_M2_ae_M2_fp32,libero_10,2,1314,0.96875,0.03125
bb_M2_ae_M2_fp32,libero_10,2,1315,0.78125,0.21875
bb_M2_ae_M2_fp32,libero_10,2,1316,0.875,0.125
bb_M2_ae_M2_fp32,libero_10,2,1317,0.0,1.0
bb_M2_ae_M2_fp32,libero_10,2,1318,0.0,1.0
bb_M2_ae_M2_fp32,libero_10,2,1319,1.0,0.0
bb_M2_ae_M2_fp32,libero_10,3,1320,0.84375,0.15625
bb_M2_ae_M2_fp32,libero_10,3,1321,0.0,1.0
bb_M2_ae_M2_fp32,libero_10,3,1322,0.0,1.0
bb_M2_ae_M2_fp32,libero_10,3,1323,0.0,1.0
bb_M2_ae_M2_fp32,libero_10,3,1324,0.84375,0.15625
bb_M2_ae_M2_fp32,libero_10,3,1325,1.0,0.0
bb_M2_ae_M2_fp32,libero_10,3,1326,0.90625,0.09375
bb_M2_ae_M2_fp32,libero_10,3,1327,1.0,0.0
bb_M2_ae_M2_fp32,libero_10,3,1328,1.0,0.0
bb_M2_ae_M2_fp32,libero_10,3,1329,1.0,0.0
bb_M2_ae_M2_fp32,libero_10,3,1330,1.0,0.0
bb_M2_ae_M2_fp32,libero_10,3,1331,1.0,0.0
bb_M2_ae_M2_fp32,libero_10,3,1332,1.0,0.0
bb_M2_ae_M2_fp32,libero_10,3,1333,0.96875,0.03125
bb_M2_ae_M2_fp32,libero_10,3,1334,0.0,1.0
bb_M2_ae_M2_fp32,libero_10,3,1335,1.0,0.0
bb_M2_ae_M2_fp32,libero_10,3,1336,0.96875,0.03125
bb_M2_ae_M2_fp32,libero_10,3,1337,1.0,0.0
bb_M2_ae_M2_fp32,libero_10,3,1338,0.0,1.0
bb_M2_ae_M2_fp32,libero_10,3,1339,0.96875,0.03125
bb_M2_ae_M2_fp32,libero_10,3,1340,1.0,0.0
bb_M2_ae_M2_fp32,libero_10,3,1341,0.0,1.0
bb_M2_ae_M2_fp32,libero_10,3,1342,0.0,1.0
bb_M2_ae_M2_fp32,libero_10,3,1343,1.0,0.0
bb_M2_ae_M2_fp32,libero_10,3,1344,1.0,0.0
bb_M2_ae_M2_fp32,libero_10,3,1345,0.96875,0.03125
bb_M2_ae_M2_fp32,libero_10,3,1346,0.90625,0.09375
bb_M2_ae_M2_fp32,libero_10,3,1347,0.9375,0.0625
bb_M2_ae_M2_fp32,libero_10,3,1348,0.0,1.0
bb_M2_ae_M2_fp32,libero_10,3,1349,0.0,1.0
bb_M2_ae_M2_fp32,libero_10,3,1350,0.96875,0.03125
bb_M2_ae_M2_fp32,libero_10,3,1351,1.0,0.0
bb_M2_ae_M2_fp32,libero_10,3,1352,0.0,1.0
bb_M2_ae_M2_fp32,libero_10,3,1353,0.9375,0.0625
bb_M2_ae_M2_fp32,libero_10,3,1354,0.84375,0.15625
bb_M2_ae_M2_fp32,libero_10,3,1355,0.84375,0.15625
bb_M2_ae_M2_fp32,libero_10,3,1356,0.0,1.0
bb_M2_ae_M2_fp32,libero_10,3,1357,0.0,1.0
bb_M2_ae_M2_fp32,libero_10,3,1358,0.0,1.0
bb_M2_ae_M2_fp32,libero_10,3,1359,0.0,1.0
bb_M2_ae_M2_fp32,libero_10,4,1360,0.0,1.0
bb_M2_ae_M2_fp32,libero_10,4,1361,0.0,1.0
bb_M2_ae_M2_fp32,libero_10,4,1362,1.0,0.0
bb_M2_ae_M2_fp32,libero_10,4,1363,0.0,1.0
bb_M2_ae_M2_fp32,libero_10,4,1364,0.9375,0.0625
bb_M2_ae_M2_fp32,libero_10,4,1365,0.875,0.125
bb_M2_ae_M2_fp32,libero_10,4,1366,0.9375,0.0625
bb_M2_ae_M2_fp32,libero_10,4,1367,1.0,0.0
bb_M2_ae_M2_fp32,libero_10,4,1368,0.78125,0.21875
bb_M2_ae_M2_fp32,libero_10,4,1369,0.0,1.0
bb_M2_ae_M2_fp32,libero_10,4,1370,0.0,1.0
bb_M2_ae_M2_fp32,libero_10,4,1371,0.9375,0.0625
bb_M2_ae_M2_fp32,libero_10,4,1372,1.0,0.0
bb_M2_ae_M2_fp32,libero_10,4,1373,0.0,1.0
bb_M2_ae_M2_fp32,libero_10,4,1374,1.0,0.0
bb_M2_ae_M2_fp32,libero_10,4,1375,0.0,1.0
bb_M2_ae_M2_fp32,libero_10,4,1376,0.0,1.0
bb_M2_ae_M2_fp32,libero_10,4,1377,0.875,0.125
bb_M2_ae_M2_fp32,libero_10,4,1378,0.21875,0.78125
bb_M2_ae_M2_fp32,libero_10,4,1379,0.0,1.0
bb_M2_ae_M2_fp32,libero_10,4,1380,0.0,1.0
bb_M2_ae_M2_fp32,libero_10,4,1381,1.0,0.0
bb_M2_ae_M2_fp32,libero_10,4,1382,0.96875,0.03125
bb_M2_ae_M2_fp32,libero_10,4,1383,1.0,0.0
bb_M2_ae_M2_fp32,libero_10,4,1384,0.96875,0.03125
bb_M2_ae_M2_fp32,libero_10,4,1385,0.0,1.0
bb_M2_ae_M2_fp32,libero_10,4,1386,0.0,1.0
bb_M2_ae_M2_fp32,libero_10,4,1387,0.0,1.0
bb_M2_ae_M2_fp32,libero_10,4,1388,0.0,1.0
bb_M2_ae_M2_fp32,libero_10,4,1389,0.0,1.0
bb_M2_ae_M2_fp32,libero_10,4,1390,0.90625,0.09375
bb_M2_ae_M2_fp32,libero_10,4,1391,0.0,1.0
bb_M2_ae_M2_fp32,libero_10,4,1392,0.0,1.0
bb_M2_ae_M2_fp32,libero_10,4,1393,0.0,1.0
bb_M2_ae_M2_fp32,libero_10,4,1394,0.84375,0.15625
bb_M2_ae_M2_fp32,libero_10,4,1395,0.0,1.0
bb_M2_ae_M2_fp32,libero_10,4,1396,0.0,1.0
bb_M2_ae_M2_fp32,libero_10,4,1397,0.0,1.0
bb_M2_ae_M2_fp32,libero_10,4,1398,1.0,0.0
bb_M2_ae_M2_fp32,libero_10,4,1399,0.0,1.0
bb_M2_ae_M2_fp32,libero_10,5,1400,0.90625,0.09375
bb_M2_ae_M2_fp32,libero_10,5,1401,0.0,1.0
bb_M2_ae_M2_fp32,libero_10,5,1402,0.9375,0.0625
bb_M2_ae_M2_fp32,libero_10,5,1403,0.8125,0.1875
bb_M2_ae_M2_fp32,libero_10,5,1404,0.96875,0.03125
bb_M2_ae_M2_fp32,libero_10,5,1405,1.0,0.0
bb_M2_ae_M2_fp32,libero_10,5,1406,0.96875,0.03125
bb_M2_ae_M2_fp32,libero_10,5,1407,0.8125,0.1875
bb_M2_ae_M2_fp32,libero_10,5,1408,0.0,1.0
bb_M2_ae_M2_fp32,libero_10,5,1409,0.875,0.125
bb_M2_ae_M2_fp32,libero_10,5,1410,0.90625,0.09375
bb_M2_ae_M2_fp32,libero_10,5,1411,0.9375,0.0625
bb_M2_ae_M2_fp32,libero_10,5,1412,0.9375,0.0625
bb_M2_ae_M2_fp32,libero_10,5,1413,0.5625,0.4375
bb_M2_ae_M2_fp32,libero_10,5,1414,0.875,0.125
bb_M2_ae_M2_fp32,libero_10,5,1415,0.0,1.0
bb_M2_ae_M2_fp32,libero_10,5,1416,0.96875,0.03125
bb_M2_ae_M2_fp32,libero_10,5,1417,0.84375,0.15625
bb_M2_ae_M2_fp32,libero_10,5,1418,0.96875,0.03125
bb_M2_ae_M2_fp32,libero_10,5,1419,1.0,0.0
bb_M2_ae_M2_fp32,libero_10,5,1420,1.0,0.0
bb_M2_ae_M2_fp32,libero_10,5,1421,0.90625,0.09375
bb_M2_ae_M2_fp32,libero_10,5,1422,0.90625,0.09375
bb_M2_ae_M2_fp32,libero_10,5,1423,0.0,1.0
bb_M2_ae_M2_fp32,libero_10,5,1424,0.9375,0.0625
bb_M2_ae_M2_fp32,libero_10,5,1425,0.96875,0.03125
bb_M2_ae_M2_fp32,libero_10,5,1426,0.0,1.0
bb_M2_ae_M2_fp32,libero_10,5,1427,0.0,1.0
bb_M2_ae_M2_fp32,libero_10,5,1428,1.0,0.0
bb_M2_ae_M2_fp32,libero_10,5,1429,0.96875,0.03125
bb_M2_ae_M2_fp32,libero_10,5,1430,1.0,0.0
bb_M2_ae_M2_fp32,libero_10,5,1431,0.90625,0.09375
bb_M2_ae_M2_fp32,libero_10,5,1432,0.78125,0.21875
bb_M2_ae_M2_fp32,libero_10,5,1433,0.90625,0.09375
bb_M2_ae_M2_fp32,libero_10,5,1434,0.9375,0.0625
bb_M2_ae_M2_fp32,libero_10,5,1435,1.0,0.0
bb_M2_ae_M2_fp32,libero_10,5,1436,0.78125,0.21875
bb_M2_ae_M2_fp32,libero_10,5,1437,0.0,1.0
bb_M2_ae_M2_fp32,libero_10,5,1438,1.0,0.0
bb_M2_ae_M2_fp32,libero_10,5,1439,0.71875,0.28125
bb_M2_ae_M2_fp32,libero_10,6,1440,0.96875,0.03125
bb_M2_ae_M2_fp32,libero_10,6,1441,0.0,1.0
bb_M2_ae_M2_fp32,libero_10,6,1442,0.71875,0.28125
bb_M2_ae_M2_fp32,libero_10,6,1443,0.0,1.0
bb_M2_ae_M2_fp32,libero_10,6,1444,0.0,1.0
bb_M2_ae_M2_fp32,libero_10,6,1445,0.0,1.0
bb_M2_ae_M2_fp32,libero_10,6,1446,0.0,1.0
bb_M2_ae_M2_fp32,libero_10,6,1447,0.0,1.0
bb_M2_ae_M2_fp32,libero_10,6,1448,0.0,1.0
bb_M2_ae_M2_fp32,libero_10,6,1449,0.0,1.0
bb_M2_ae_M2_fp32,libero_10,6,1450,0.0,1.0
bb_M2_ae_M2_fp32,libero_10,6,1451,0.0,1.0
bb_M2_ae_M2_fp32,libero_10,6,1452,0.0,1.0
bb_M2_ae_M2_fp32,libero_10,6,1453,0.0,1.0
bb_M2_ae_M2_fp32,libero_10,6,1454,0.0,1.0
bb_M2_ae_M2_fp32,libero_10,6,1455,1.0,0.0
bb_M2_ae_M2_fp32,libero_10,6,1456,0.0,1.0
bb_M2_ae_M2_fp32,libero_10,6,1457,0.90625,0.09375
bb_M2_ae_M2_fp32,libero_10,6,1458,0.9375,0.0625
bb_M2_ae_M2_fp32,libero_10,6,1459,1.0,0.0
bb_M2_ae_M2_fp32,libero_10,6,1460,0.0,1.0
bb_M2_ae_M2_fp32,libero_10,6,1461,0.0,1.0
bb_M2_ae_M2_fp32,libero_10,6,1462,0.0,1.0
bb_M2_ae_M2_fp32,libero_10,6,1463,0.96875,0.03125
bb_M2_ae_M2_fp32,libero_10,6,1464,0.96875,0.03125
bb_M2_ae_M2_fp32,libero_10,6,1465,0.8125,0.1875
bb_M2_ae_M2_fp32,libero_10,6,1466,0.0,1.0
bb_M2_ae_M2_fp32,libero_10,6,1467,0.0,1.0
bb_M2_ae_M2_fp32,libero_10,6,1468,0.0,1.0
bb_M2_ae_M2_fp32,libero_10,6,1469,0.0,1.0
bb_M2_ae_M2_fp32,libero_10,6,1470,0.0,1.0
bb_M2_ae_M2_fp32,libero_10,6,1471,0.0,1.0
bb_M2_ae_M2_fp32,libero_10,6,1472,0.0,1.0
bb_M2_ae_M2_fp32,libero_10,6,1473,0.96875,0.03125
bb_M2_ae_M2_fp32,libero_10,6,1474,0.0,1.0
bb_M2_ae_M2_fp32,libero_10,6,1475,0.0,1.0
bb_M2_ae_M2_fp32,libero_10,6,1476,0.0,1.0
bb_M2_ae_M2_fp32,libero_10,6,1477,0.0,1.0
bb_M2_ae_M2_fp32,libero_10,6,1478,1.0,0.0
bb_M2_ae_M2_fp32,libero_10,6,1479,1.0,0.0
bb_M2_ae_M2_fp32,libero_10,7,1480,0.0,1.0
bb_M2_ae_M2_fp32,libero_10,7,1481,0.0,1.0
bb_M2_ae_M2_fp32,libero_10,7,1482,0.0,1.0
bb_M2_ae_M2_fp32,libero_10,7,1483,0.0,1.0
bb_M2_ae_M2_fp32,libero_10,7,1484,0.0,1.0
bb_M2_ae_M2_fp32,libero_10,7,1485,0.0,1.0
bb_M2_ae_M2_fp32,libero_10,7,1486,0.0,1.0
bb_M2_ae_M2_fp32,libero_10,7,1487,0.96875,0.03125
bb_M2_ae_M2_fp32,libero_10,7,1488,0.0,1.0
bb_M2_ae_M2_fp32,libero_10,7,1489,0.0,1.0
bb_M2_ae_M2_fp32,libero_10,7,1490,0.96875,0.03125
bb_M2_ae_M2_fp32,libero_10,7,1491,0.0,1.0
bb_M2_ae_M2_fp32,libero_10,7,1492,0.96875,0.03125
bb_M2_ae_M2_fp32,libero_10,7,1493,1.0,0.0
bb_M2_ae_M2_fp32,libero_10,7,1494,0.0,1.0
bb_M2_ae_M2_fp32,libero_10,7,1495,0.0,1.0
bb_M2_ae_M2_fp32,libero_10,7,1496,0.0,1.0
bb_M2_ae_M2_fp32,libero_10,7,1497,0.0,1.0
bb_M2_ae_M2_fp32,libero_10,7,1498,0.0,1.0
bb_M2_ae_M2_fp32,libero_10,7,1499,0.40625,0.59375
bb_M2_ae_M2_fp32,libero_10,7,1500,0.0,1.0
bb_M2_ae_M2_fp32,libero_10,7,1501,0.0,1.0
bb_M2_ae_M2_fp32,libero_10,7,1502,0.0,1.0
bb_M2_ae_M2_fp32,libero_10,7,1503,0.0,1.0
bb_M2_ae_M2_fp32,libero_10,7,1504,0.96875,0.03125
bb_M2_ae_M2_fp32,libero_10,7,1505,0.0,1.0
bb_M2_ae_M2_fp32,libero_10,7,1506,0.0,1.0
bb_M2_ae_M2_fp32,libero_10,7,1507,0.0,1.0
bb_M2_ae_M2_fp32,libero_10,7,1508,1.0,0.0
bb_M2_ae_M2_fp32,libero_10,7,1509,0.0,1.0
bb_M2_ae_M2_fp32,libero_10,7,1510,0.0,1.0
bb_M2_ae_M2_fp32,libero_10,7,1511,0.0,1.0
bb_M2_ae_M2_fp32,libero_10,7,1512,0.96875,0.03125
bb_M2_ae_M2_fp32,libero_10,7,1513,0.0,1.0
bb_M2_ae_M2_fp32,libero_10,7,1514,0.9375,0.0625
bb_M2_ae_M2_fp32,libero_10,7,1515,0.03125,0.96875
bb_M2_ae_M2_fp32,libero_10,7,1516,0.0,1.0
bb_M2_ae_M2_fp32,libero_10,7,1517,1.0,0.0
bb_M2_ae_M2_fp32,libero_10,7,1518,0.0,1.0
bb_M2_ae_M2_fp32,libero_10,7,1519,0.0,1.0
bb_M2_ae_M2_fp32,libero_10,8,1520,1.0,0.0
bb_M2_ae_M2_fp32,libero_10,8,1521,0.0,1.0
bb_M2_ae_M2_fp32,libero_10,8,1522,1.0,0.0
bb_M2_ae_M2_fp32,libero_10,8,1523,0.96875,0.03125
bb_M2_ae_M2_fp32,libero_10,8,1524,0.78125,0.21875
bb_M2_ae_M2_fp32,libero_10,8,1525,0.0,1.0
bb_M2_ae_M2_fp32,libero_10,8,1526,0.9375,0.0625
bb_M2_ae_M2_fp32,libero_10,8,1527,0.0,1.0
bb_M2_ae_M2_fp32,libero_10,8,1528,0.0,1.0
bb_M2_ae_M2_fp32,libero_10,8,1529,1.0,0.0
bb_M2_ae_M2_fp32,libero_10,8,1530,0.0,1.0
bb_M2_ae_M2_fp32,libero_10,8,1531,0.9375,0.0625
bb_M2_ae_M2_fp32,libero_10,8,1532,0.0,1.0
bb_M2_ae_M2_fp32,libero_10,8,1533,1.0,0.0
bb_M2_ae_M2_fp32,libero_10,8,1534,1.0,0.0
bb_M2_ae_M2_fp32,libero_10,8,1535,1.0,0.0
bb_M2_ae_M2_fp32,libero_10,8,1536,0.0,1.0
bb_M2_ae_M2_fp32,libero_10,8,1537,0.9375,0.0625
bb_M2_ae_M2_fp32,libero_10,8,1538,0.0,1.0
bb_M2_ae_M2_fp32,libero_10,8,1539,0.0,1.0
bb_M2_ae_M2_fp32,libero_10,8,1540,0.96875,0.03125
bb_M2_ae_M2_fp32,libero_10,8,1541,1.0,0.0
bb_M2_ae_M2_fp32,libero_10,8,1542,0.5625,0.4375
bb_M2_ae_M2_fp32,libero_10,8,1543,0.875,0.125
bb_M2_ae_M2_fp32,libero_10,8,1544,0.75,0.25
bb_M2_ae_M2_fp32,libero_10,8,1545,0.96875,0.03125
bb_M2_ae_M2_fp32,libero_10,8,1546,0.84375,0.15625
bb_M2_ae_M2_fp32,libero_10,8,1547,0.0,1.0
bb_M2_ae_M2_fp32,libero_10,8,1548,0.65625,0.34375
bb_M2_ae_M2_fp32,libero_10,8,1549,0.46875,0.53125
bb_M2_ae_M2_fp32,libero_10,8,1550,0.0,1.0
bb_M2_ae_M2_fp32,libero_10,8,1551,0.0,1.0
bb_M2_ae_M2_fp32,libero_10,8,1552,0.0,1.0
bb_M2_ae_M2_fp32,libero_10,8,1553,0.96875,0.03125
bb_M2_ae_M2_fp32,libero_10,8,1554,0.0,1.0
bb_M2_ae_M2_fp32,libero_10,8,1555,0.0,1.0
bb_M2_ae_M2_fp32,libero_10,8,1556,0.0,1.0
bb_M2_ae_M2_fp32,libero_10,8,1557,1.0,0.0
bb_M2_ae_M2_fp32,libero_10,8,1558,0.90625,0.09375
bb_M2_ae_M2_fp32,libero_10,8,1559,0.0,1.0
bb_M2_ae_M2_fp32,libero_10,9,1560,1.0,0.0
bb_M2_ae_M2_fp32,libero_10,9,1561,0.96875,0.03125
bb_M2_ae_M2_fp32,libero_10,9,1562,0.0,1.0
bb_M2_ae_M2_fp32,libero_10,9,1563,0.90625,0.09375
bb_M2_ae_M2_fp32,libero_10,9,1564,0.0,1.0
bb_M2_ae_M2_fp32,libero_10,9,1565,0.875,0.125
bb_M2_ae_M2_fp32,libero_10,9,1566,0.90625,0.09375
bb_M2_ae_M2_fp32,libero_10,9,1567,0.0,1.0
bb_M2_ae_M2_fp32,libero_10,9,1568,0.96875,0.03125
bb_M2_ae_M2_fp32,libero_10,9,1569,1.0,0.0
bb_M2_ae_M2_fp32,libero_10,9,1570,0.78125,0.21875
bb_M2_ae_M2_fp32,libero_10,9,1571,0.90625,0.09375
bb_M2_ae_M2_fp32,libero_10,9,1572,0.0,1.0
bb_M2_ae_M2_fp32,libero_10,9,1573,1.0,0.0
bb_M2_ae_M2_fp32,libero_10,9,1574,1.0,0.0
bb_M2_ae_M2_fp32,libero_10,9,1575,0.0,1.0
bb_M2_ae_M2_fp32,libero_10,9,1576,0.0,1.0
bb_M2_ae_M2_fp32,libero_10,9,1577,0.9375,0.0625
bb_M2_ae_M2_fp32,libero_10,9,1578,0.875,0.125
bb_M2_ae_M2_fp32,libero_10,9,1579,0.03125,0.96875
bb_M2_ae_M2_fp32,libero_10,9,1580,0.75,0.25
bb_M2_ae_M2_fp32,libero_10,9,1581,0.59375,0.40625
bb_M2_ae_M2_fp32,libero_10,9,1582,0.3125,0.6875
bb_M2_ae_M2_fp32,libero_10,9,1583,0.96875,0.03125
bb_M2_ae_M2_fp32,libero_10,9,1584,0.0,1.0
bb_M2_ae_M2_fp32,libero_10,9,1585,0.90625,0.09375
bb_M2_ae_M2_fp32,libero_10,9,1586,0.90625,0.09375
bb_M2_ae_M2_fp32,libero_10,9,1587,1.0,0.0
bb_M2_ae_M2_fp32,libero_10,9,1588,0.0,1.0
bb_M2_ae_M2_fp32,libero_10,9,1589,0.0,1.0
bb_M2_ae_M2_fp32,libero_10,9,1590,1.0,0.0
bb_M2_ae_M2_fp32,libero_10,9,1591,0.8125,0.1875
bb_M2_ae_M2_fp32,libero_10,9,1592,1.0,0.0
bb_M2_ae_M2_fp32,libero_10,9,1593,0.09375,0.90625
bb_M2_ae_M2_fp32,libero_10,9,1594,0.0,1.0
bb_M2_ae_M2_fp32,libero_10,9,1595,0.90625,0.09375
bb_M2_ae_M2_fp32,libero_10,9,1596,0.96875,0.03125
bb_M2_ae_M2_fp32,libero_10,9,1597,0.96875,0.03125
bb_M2_ae_M2_fp32,libero_10,9,1598,0.0,1.0
bb_M2_ae_M2_fp32,libero_10,9,1599,1.0,0.0
bb_M2_ae_M2_fp32,libero_goal,0,800,0.0,1.0
bb_M2_ae_M2_fp32,libero_goal,0,801,0.0,1.0
bb_M2_ae_M2_fp32,libero_goal,0,802,0.0,1.0
bb_M2_ae_M2_fp32,libero_goal,0,803,0.90625,0.09375
bb_M2_ae_M2_fp32,libero_goal,0,804,0.0,1.0
bb_M2_ae_M2_fp32,libero_goal,0,805,0.0,1.0
bb_M2_ae_M2_fp32,libero_goal,0,806,0.0,1.0
bb_M2_ae_M2_fp32,libero_goal,0,807,0.78125,0.21875
bb_M2_ae_M2_fp32,libero_goal,0,808,0.96875,0.03125
bb_M2_ae_M2_fp32,libero_goal,0,809,0.875,0.125
bb_M2_ae_M2_fp32,libero_goal,0,810,0.0,1.0
bb_M2_ae_M2_fp32,libero_goal,0,811,0.0,1.0
bb_M2_ae_M2_fp32,libero_goal,0,812,0.0,1.0
bb_M2_ae_M2_fp32,libero_goal,0,813,0.9375,0.0625
bb_M2_ae_M2_fp32,libero_goal,0,814,0.0,1.0
bb_M2_ae_M2_fp32,libero_goal,0,815,0.96875,0.03125
bb_M2_ae_M2_fp32,libero_goal,0,816,0.0,1.0
bb_M2_ae_M2_fp32,libero_goal,0,817,0.875,0.125
bb_M2_ae_M2_fp32,libero_goal,0,818,0.0,1.0
bb_M2_ae_M2_fp32,libero_goal,0,819,1.0,0.0
bb_M2_ae_M2_fp32,libero_goal,0,820,0.0,1.0
bb_M2_ae_M2_fp32,libero_goal,0,821,0.0,1.0
bb_M2_ae_M2_fp32,libero_goal,0,822,0.625,0.375
bb_M2_ae_M2_fp32,libero_goal,0,823,0.0,1.0
bb_M2_ae_M2_fp32,libero_goal,0,824,0.9375,0.0625
bb_M2_ae_M2_fp32,libero_goal,0,825,0.71875,0.28125
bb_M2_ae_M2_fp32,libero_goal,0,826,0.0,1.0
bb_M2_ae_M2_fp32,libero_goal,0,827,0.0,1.0
bb_M2_ae_M2_fp32,libero_goal,0,828,0.0,1.0
bb_M2_ae_M2_fp32,libero_goal,0,829,0.0,1.0
bb_M2_ae_M2_fp32,libero_goal,0,830,0.875,0.125
bb_M2_ae_M2_fp32,libero_goal,0,831,0.96875,0.03125
bb_M2_ae_M2_fp32,libero_goal,0,832,0.78125,0.21875
bb_M2_ae_M2_fp32,libero_goal,0,833,0.0,1.0
bb_M2_ae_M2_fp32,libero_goal,0,834,0.0,1.0
bb_M2_ae_M2_fp32,libero_goal,0,835,0.0,1.0
bb_M2_ae_M2_fp32,libero_goal,0,836,0.0,1.0
bb_M2_ae_M2_fp32,libero_goal,0,837,0.96875,0.03125
bb_M2_ae_M2_fp32,libero_goal,0,838,0.0,1.0
bb_M2_ae_M2_fp32,libero_goal,0,839,0.0,1.0
bb_M2_ae_M2_fp32,libero_goal,1,840,0.9375,0.0625
bb_M2_ae_M2_fp32,libero_goal,1,841,1.0,0.0
bb_M2_ae_M2_fp32,libero_goal,1,842,0.90625,0.09375
bb_M2_ae_M2_fp32,libero_goal,1,843,1.0,0.0
bb_M2_ae_M2_fp32,libero_goal,1,844,0.0,1.0
bb_M2_ae_M2_fp32,libero_goal,1,845,0.0,1.0
bb_M2_ae_M2_fp32,libero_goal,1,846,0.6875,0.3125
bb_M2_ae_M2_fp32,libero_goal,1,847,0.96875,0.03125
bb_M2_ae_M2_fp32,libero_goal,1,848,0.875,0.125
bb_M2_ae_M2_fp32,libero_goal,1,849,0.0,1.0
bb_M2_ae_M2_fp32,libero_goal,1,850,1.0,0.0
bb_M2_ae_M2_fp32,libero_goal,1,851,0.0,1.0
bb_M2_ae_M2_fp32,libero_goal,1,852,0.875,0.125
bb_M2_ae_M2_fp32,libero_goal,1,853,0.9375,0.0625
bb_M2_ae_M2_fp32,libero_goal,1,854,0.875,0.125
bb_M2_ae_M2_fp32,libero_goal,1,855,0.90625,0.09375
bb_M2_ae_M2_fp32,libero_goal,1,856,0.0,1.0
bb_M2_ae_M2_fp32,libero_goal,1,857,0.0,1.0
bb_M2_ae_M2_fp32,libero_goal,1,858,0.8125,0.1875
bb_M2_ae_M2_fp32,libero_goal,1,859,0.84375,0.15625
bb_M2_ae_M2_fp32,libero_goal,1,860,0.0,1.0
bb_M2_ae_M2_fp32,libero_goal,1,861,0.875,0.125
bb_M2_ae_M2_fp32,libero_goal,1,862,0.84375,0.15625
bb_M2_ae_M2_fp32,libero_goal,1,863,0.71875,0.28125
bb_M2_ae_M2_fp32,libero_goal,1,864,0.9375,0.0625
bb_M2_ae_M2_fp32,libero_goal,1,865,1.0,0.0
bb_M2_ae_M2_fp32,libero_goal,1,866,1.0,0.0
bb_M2_ae_M2_fp32,libero_goal,1,867,0.84375,0.15625
bb_M2_ae_M2_fp32,libero_goal,1,868,0.9375,0.0625
bb_M2_ae_M2_fp32,libero_goal,1,869,1.0,0.0
bb_M2_ae_M2_fp32,libero_goal,1,870,0.78125,0.21875
bb_M2_ae_M2_fp32,libero_goal,1,871,0.0,1.0
bb_M2_ae_M2_fp32,libero_goal,1,872,0.90625,0.09375
bb_M2_ae_M2_fp32,libero_goal,1,873,0.96875,0.03125
bb_M2_ae_M2_fp32,libero_goal,1,874,0.75,0.25
bb_M2_ae_M2_fp32,libero_goal,1,875,1.0,0.0
bb_M2_ae_M2_fp32,libero_goal,1,876,0.0,1.0
bb_M2_ae_M2_fp32,libero_goal,1,877,0.0,1.0
bb_M2_ae_M2_fp32,libero_goal,1,878,0.0,1.0
bb_M2_ae_M2_fp32,libero_goal,1,879,0.0,1.0
bb_M2_ae_M2_fp32,libero_goal,2,880,0.0,1.0
bb_M2_ae_M2_fp32,libero_goal,2,881,0.0,1.0
bb_M2_ae_M2_fp32,libero_goal,2,882,0.0,1.0
bb_M2_ae_M2_fp32,libero_goal,2,883,0.0,1.0
bb_M2_ae_M2_fp32,libero_goal,2,884,0.0,1.0
bb_M2_ae_M2_fp32,libero_goal,2,885,0.8125,0.1875
bb_M2_ae_M2_fp32,libero_goal,2,886,0.375,0.625
bb_M2_ae_M2_fp32,libero_goal,2,887,0.34375,0.65625
bb_M2_ae_M2_fp32,libero_goal,2,888,0.90625,0.09375
bb_M2_ae_M2_fp32,libero_goal,2,889,0.8125,0.1875
bb_M2_ae_M2_fp32,libero_goal,2,890,0.75,0.25
bb_M2_ae_M2_fp32,libero_goal,2,891,0.78125,0.21875
bb_M2_ae_M2_fp32,libero_goal,2,892,0.0,1.0
bb_M2_ae_M2_fp32,libero_goal,2,893,0.4375,0.5625
bb_M2_ae_M2_fp32,libero_goal,2,894,0.53125,0.46875
bb_M2_ae_M2_fp32,libero_goal,2,895,0.84375,0.15625
bb_M2_ae_M2_fp32,libero_goal,2,896,0.0,1.0
bb_M2_ae_M2_fp32,libero_goal,2,897,0.0,1.0
bb_M2_ae_M2_fp32,libero_goal,2,898,0.0625,0.9375
bb_M2_ae_M2_fp32,libero_goal,2,899,0.75,0.25
bb_M2_ae_M2_fp32,libero_goal,2,900,0.96875,0.03125
bb_M2_ae_M2_fp32,libero_goal,2,901,0.0,1.0
bb_M2_ae_M2_fp32,libero_goal,2,902,0.875,0.125
bb_M2_ae_M2_fp32,libero_goal,2,903,0.9375,0.0625
bb_M2_ae_M2_fp32,libero_goal,2,904,0.6875,0.3125
bb_M2_ae_M2_fp32,libero_goal,2,905,0.96875,0.03125
bb_M2_ae_M2_fp32,libero_goal,2,906,0.0,1.0
bb_M2_ae_M2_fp32,libero_goal,2,907,0.46875,0.53125
bb_M2_ae_M2_fp32,libero_goal,2,908,0.0,1.0
bb_M2_ae_M2_fp32,libero_goal,2,909,0.84375,0.15625
bb_M2_ae_M2_fp32,libero_goal,2,910,0.0,1.0
bb_M2_ae_M2_fp32,libero_goal,2,911,0.65625,0.34375
bb_M2_ae_M2_fp32,libero_goal,2,912,0.5625,0.03125
bb_M2_ae_M2_fp32,libero_goal,2,913,0.71875,0.28125
bb_M2_ae_M2_fp32,libero_goal,2,914,0.75,0.25
bb_M2_ae_M2_fp32,libero_goal,2,915,0.71875,0.28125
bb_M2_ae_M2_fp32,libero_goal,2,916,1.0,0.0
bb_M2_ae_M2_fp32,libero_goal,2,917,0.0,1.0
bb_M2_ae_M2_fp32,libero_goal,2,918,0.0,1.0
bb_M2_ae_M2_fp32,libero_goal,2,919,0.625,0.375
bb_M2_ae_M2_fp32,libero_goal,3,920,0.0,1.0
bb_M2_ae_M2_fp32,libero_goal,3,921,0.0,1.0
bb_M2_ae_M2_fp32,libero_goal,3,922,0.0,1.0
bb_M2_ae_M2_fp32,libero_goal,3,923,0.0,1.0
bb_M2_ae_M2_fp32,libero_goal,3,924,0.0,1.0
bb_M2_ae_M2_fp32,libero_goal,3,925,0.0,1.0
bb_M2_ae_M2_fp32,libero_goal,3,926,0.0,1.0
bb_M2_ae_M2_fp32,libero_goal,3,927,0.0,1.0
bb_M2_ae_M2_fp32,libero_goal,3,928,0.0,1.0
bb_M2_ae_M2_fp32,libero_goal,3,929,0.0,1.0
bb_M2_ae_M2_fp32,libero_goal,3,930,0.0,1.0
bb_M2_ae_M2_fp32,libero_goal,3,931,0.0,1.0
bb_M2_ae_M2_fp32,libero_goal,3,932,0.0,1.0
bb_M2_ae_M2_fp32,libero_goal,3,933,0.0,1.0
bb_M2_ae_M2_fp32,libero_goal,3,934,0.0,1.0
bb_M2_ae_M2_fp32,libero_goal,3,935,0.0,1.0
bb_M2_ae_M2_fp32,libero_goal,3,936,0.78125,0.21875
bb_M2_ae_M2_fp32,libero_goal,3,937,0.0,1.0
bb_M2_ae_M2_fp32,libero_goal,3,938,0.0,1.0
bb_M2_ae_M2_fp32,libero_goal,3,939,0.0,1.0
bb_M2_ae_M2_fp32,libero_goal,3,940,0.59375,0.40625
bb_M2_ae_M2_fp32,libero_goal,3,941,0.0,1.0
bb_M2_ae_M2_fp32,libero_goal,3,942,0.0,1.0
bb_M2_ae_M2_fp32,libero_goal,3,943,0.53125,0.46875
bb_M2_ae_M2_fp32,libero_goal,3,944,0.0,1.0
bb_M2_ae_M2_fp32,libero_goal,3,945,0.0,1.0
bb_M2_ae_M2_fp32,libero_goal,3,946,0.0,1.0
bb_M2_ae_M2_fp32,libero_goal,3,947,0.0,1.0
bb_M2_ae_M2_fp32,libero_goal,3,948,0.53125,0.46875
bb_M2_ae_M2_fp32,libero_goal,3,949,0.8125,0.1875
bb_M2_ae_M2_fp32,libero_goal,3,950,0.0,1.0
bb_M2_ae_M2_fp32,libero_goal,3,951,0.0,1.0
bb_M2_ae_M2_fp32,libero_goal,3,952,0.0,1.0
bb_M2_ae_M2_fp32,libero_goal,3,953,0.0,1.0
bb_M2_ae_M2_fp32,libero_goal,3,954,0.0,1.0
bb_M2_ae_M2_fp32,libero_goal,3,955,0.0,1.0
bb_M2_ae_M2_fp32,libero_goal,3,956,0.0,1.0
bb_M2_ae_M2_fp32,libero_goal,3,957,0.0,1.0
bb_M2_ae_M2_fp32,libero_goal,3,958,0.0,1.0
bb_M2_ae_M2_fp32,libero_goal,3,959,0.5,0.5
bb_M2_ae_M2_fp32,libero_goal,4,960,0.0,1.0
bb_M2_ae_M2_fp32,libero_goal,4,961,1.0,0.0
bb_M2_ae_M2_fp32,libero_goal,4,962,0.90625,0.09375
bb_M2_ae_M2_fp32,libero_goal,4,963,1.0,0.0
bb_M2_ae_M2_fp32,libero_goal,4,964,1.0,0.0
bb_M2_ae_M2_fp32,libero_goal,4,965,0.96875,0.03125
bb_M2_ae_M2_fp32,libero_goal,4,966,0.0,1.0
bb_M2_ae_M2_fp32,libero_goal,4,967,0.90625,0.09375
bb_M2_ae_M2_fp32,libero_goal,4,968,0.0,1.0
bb_M2_ae_M2_fp32,libero_goal,4,969,1.0,0.0
bb_M2_ae_M2_fp32,libero_goal,4,970,0.8125,0.1875
bb_M2_ae_M2_fp32,libero_goal,4,971,0.96875,0.03125
bb_M2_ae_M2_fp32,libero_goal,4,972,0.96875,0.03125
bb_M2_ae_M2_fp32,libero_goal,4,973,0.8125,0.1875
bb_M2_ae_M2_fp32,libero_goal,4,974,0.84375,0.15625
bb_M2_ae_M2_fp32,libero_goal,4,975,0.9375,0.0625
bb_M2_ae_M2_fp32,libero_goal,4,976,0.96875,0.03125
bb_M2_ae_M2_fp32,libero_goal,4,977,0.875,0.125
bb_M2_ae_M2_fp32,libero_goal,4,978,0.9375,0.0625
bb_M2_ae_M2_fp32,libero_goal,4,979,0.875,0.125
bb_M2_ae_M2_fp32,libero_goal,4,980,0.0,1.0
bb_M2_ae_M2_fp32,libero_goal,4,981,1.0,0.0
bb_M2_ae_M2_fp32,libero_goal,4,982,0.0,1.0
bb_M2_ae_M2_fp32,libero_goal,4,983,0.9375,0.0625
bb_M2_ae_M2_fp32,libero_goal,4,984,1.0,0.0
bb_M2_ae_M2_fp32,libero_goal,4,985,0.9375,0.0625
bb_M2_ae_M2_fp32,libero_goal,4,986,0.9375,0.0625
bb_M2_ae_M2_fp32,libero_goal,4,987,0.9375,0.0625
bb_M2_ae_M2_fp32,libero_goal,4,988,0.84375,0.15625
bb_M2_ae_M2_fp32,libero_goal,4,989,0.8125,0.1875
bb_M2_ae_M2_fp32,libero_goal,4,990,0.96875,0.03125
bb_M2_ae_M2_fp32,libero_goal,4,991,0.90625,0.09375
bb_M2_ae_M2_fp32,libero_goal,4,992,0.0,1.0
bb_M2_ae_M2_fp32,libero_goal,4,993,0.0,1.0
bb_M2_ae_M2_fp32,libero_goal,4,994,0.0,1.0
bb_M2_ae_M2_fp32,libero_goal,4,995,0.9375,0.0625
bb_M2_ae_M2_fp32,libero_goal,4,996,0.875,0.125
bb_M2_ae_M2_fp32,libero_goal,4,997,0.875,0.125
bb_M2_ae_M2_fp32,libero_goal,4,998,0.0,1.0
bb_M2_ae_M2_fp32,libero_goal,4,999,0.0,1.0
bb_M2_ae_M2_fp32,libero_goal,5,1000,0.0,1.0
bb_M2_ae_M2_fp32,libero_goal,5,1001,0.0,1.0
bb_M2_ae_M2_fp32,libero_goal,5,1002,0.90625,0.09375
bb_M2_ae_M2_fp32,libero_goal,5,1003,0.84375,0.15625
bb_M2_ae_M2_fp32,libero_goal,5,1004,0.0,1.0
bb_M2_ae_M2_fp32,libero_goal,5,1005,0.0,1.0
bb_M2_ae_M2_fp32,libero_goal,5,1006,0.65625,0.34375
bb_M2_ae_M2_fp32,libero_goal,5,1007,0.84375,0.15625
bb_M2_ae_M2_fp32,libero_goal,5,1008,0.8125,0.1875
bb_M2_ae_M2_fp32,libero_goal,5,1009,0.75,0.25
bb_M2_ae_M2_fp32,libero_goal,5,1010,0.875,0.125
bb_M2_ae_M2_fp32,libero_goal,5,1011,0.84375,0.15625
bb_M2_ae_M2_fp32,libero_goal,5,1012,0.71875,0.28125
bb_M2_ae_M2_fp32,libero_goal,5,1013,0.8125,0.1875
bb_M2_ae_M2_fp32,libero_goal,5,1014,1.0,0.0
bb_M2_ae_M2_fp32,libero_goal,5,1015,0.71875,0.28125
bb_M2_ae_M2_fp32,libero_goal,5,1016,0.0,1.0
bb_M2_ae_M2_fp32,libero_goal,5,1017,0.9375,0.0625
bb_M2_ae_M2_fp32,libero_goal,5,1018,0.875,0.125
bb_M2_ae_M2_fp32,libero_goal,5,1019,0.0,1.0
bb_M2_ae_M2_fp32,libero_goal,5,1020,0.0,1.0
bb_M2_ae_M2_fp32,libero_goal,5,1021,0.90625,0.09375
bb_M2_ae_M2_fp32,libero_goal,5,1022,1.0,0.0
bb_M2_ae_M2_fp32,libero_goal,5,1023,0.0,1.0
bb_M2_ae_M2_fp32,libero_goal,5,1024,0.625,0.375
bb_M2_ae_M2_fp32,libero_goal,5,1025,0.78125,0.21875
bb_M2_ae_M2_fp32,libero_goal,5,1026,0.0,1.0
bb_M2_ae_M2_fp32,libero_goal,5,1027,0.78125,0.21875
bb_M2_ae_M2_fp32,libero_goal,5,1028,0.0,1.0
bb_M2_ae_M2_fp32,libero_goal,5,1029,0.59375,0.40625
bb_M2_ae_M2_fp32,libero_goal,5,1030,0.78125,0.21875
bb_M2_ae_M2_fp32,libero_goal,5,1031,0.84375,0.15625
bb_M2_ae_M2_fp32,libero_goal,5,1032,0.0,1.0
bb_M2_ae_M2_fp32,libero_goal,5,1033,0.96875,0.03125
bb_M2_ae_M2_fp32,libero_goal,5,1034,0.96875,0.03125
bb_M2_ae_M2_fp32,libero_goal,5,1035,0.0,1.0
bb_M2_ae_M2_fp32,libero_goal,5,1036,0.0,1.0
bb_M2_ae_M2_fp32,libero_goal,5,1037,1.0,0.0
bb_M2_ae_M2_fp32,libero_goal,5,1038,0.78125,0.21875
bb_M2_ae_M2_fp32,libero_goal,5,1039,0.0,1.0
bb_M2_ae_M2_fp32,libero_goal,6,1040,0.84375,0.15625
bb_M2_ae_M2_fp32,libero_goal,6,1041,0.875,0.125
bb_M2_ae_M2_fp32,libero_goal,6,1042,0.875,0.125
bb_M2_ae_M2_fp32,libero_goal,6,1043,0.0,1.0
bb_M2_ae_M2_fp32,libero_goal,6,1044,0.0,1.0
bb_M2_ae_M2_fp32,libero_goal,6,1045,0.84375,0.15625
bb_M2_ae_M2_fp32,libero_goal,6,1046,0.0,1.0
bb_M2_ae_M2_fp32,libero_goal,6,1047,0.0,1.0
bb_M2_ae_M2_fp32,libero_goal,6,1048,0.90625,0.09375
bb_M2_ae_M2_fp32,libero_goal,6,1049,0.0,1.0
bb_M2_ae_M2_fp32,libero_goal,6,1050,0.0,1.0
bb_M2_ae_M2_fp32,libero_goal,6,1051,0.96875,0.03125
bb_M2_ae_M2_fp32,libero_goal,6,1052,0.0,1.0
bb_M2_ae_M2_fp32,libero_goal,6,1053,0.0,1.0
bb_M2_ae_M2_fp32,libero_goal,6,1054,0.0,1.0
bb_M2_ae_M2_fp32,libero_goal,6,1055,0.0,1.0
bb_M2_ae_M2_fp32,libero_goal,6,1056,0.0,1.0
bb_M2_ae_M2_fp32,libero_goal,6,1057,1.0,0.0
bb_M2_ae_M2_fp32,libero_goal,6,1058,0.0,1.0
bb_M2_ae_M2_fp32,libero_goal,6,1059,0.0,1.0
bb_M2_ae_M2_fp32,libero_goal,6,1060,0.0,1.0
bb_M2_ae_M2_fp32,libero_goal,6,1061,0.78125,0.21875
bb_M2_ae_M2_fp32,libero_goal,6,1062,0.84375,0.15625
bb_M2_ae_M2_fp32,libero_goal,6,1063,0.90625,0.09375
bb_M2_ae_M2_fp32,libero_goal,6,1064,0.0,1.0
bb_M2_ae_M2_fp32,libero_goal,6,1065,0.625,0.375
bb_M2_ae_M2_fp32,libero_goal,6,1066,0.90625,0.09375
bb_M2_ae_M2_fp32,libero_goal,6,1067,0.0,1.0
bb_M2_ae_M2_fp32,libero_goal,6,1068,0.0,1.0
bb_M2_ae_M2_fp32,libero_goal,6,1069,0.0,1.0
bb_M2_ae_M2_fp32,libero_goal,6,1070,0.0,1.0
bb_M2_ae_M2_fp32,libero_goal,6,1071,0.90625,0.09375
bb_M2_ae_M2_fp32,libero_goal,6,1072,0.0,1.0
bb_M2_ae_M2_fp32,libero_goal,6,1073,1.0,0.0
bb_M2_ae_M2_fp32,libero_goal,6,1074,0.0,1.0
bb_M2_ae_M2_fp32,libero_goal,6,1075,0.59375,0.40625
bb_M2_ae_M2_fp32,libero_goal,6,1076,0.8125,0.1875
bb_M2_ae_M2_fp32,libero_goal,6,1077,1.0,0.0
bb_M2_ae_M2_fp32,libero_goal,6,1078,0.0,1.0
bb_M2_ae_M2_fp32,libero_goal,6,1079,0.0,1.0
bb_M2_ae_M2_fp32,libero_goal,7,1080,1.0,0.0
bb_M2_ae_M2_fp32,libero_goal,7,1081,0.9375,0.0625
bb_M2_ae_M2_fp32,libero_goal,7,1082,0.96875,0.03125
bb_M2_ae_M2_fp32,libero_goal,7,1083,0.9375,0.0625
bb_M2_ae_M2_fp32,libero_goal,7,1084,1.0,0.0
bb_M2_ae_M2_fp32,libero_goal,7,1085,0.9375,0.0625
bb_M2_ae_M2_fp32,libero_goal,7,1086,0.0,1.0
bb_M2_ae_M2_fp32,libero_goal,7,1087,0.96875,0.03125
bb_M2_ae_M2_fp32,libero_goal,7,1088,0.0,1.0
bb_M2_ae_M2_fp32,libero_goal,7,1089,0.75,0.25
bb_M2_ae_M2_fp32,libero_goal,7,1090,0.71875,0.28125
bb_M2_ae_M2_fp32,libero_goal,7,1091,0.0,1.0
bb_M2_ae_M2_fp32,libero_goal,7,1092,0.0,1.0
bb_M2_ae_M2_fp32,libero_goal,7,1093,0.0,1.0
bb_M2_ae_M2_fp32,libero_goal,7,1094,0.875,0.125
bb_M2_ae_M2_fp32,libero_goal,7,1095,0.0,1.0
bb_M2_ae_M2_fp32,libero_goal,7,1096,0.0,1.0
bb_M2_ae_M2_fp32,libero_goal,7,1097,0.8125,0.1875
bb_M2_ae_M2_fp32,libero_goal,7,1098,0.0,1.0
bb_M2_ae_M2_fp32,libero_goal,7,1099,0.96875,0.03125
bb_M2_ae_M2_fp32,libero_goal,7,1100,0.90625,0.09375
bb_M2_ae_M2_fp32,libero_goal,7,1101,0.0,1.0
bb_M2_ae_M2_fp32,libero_goal,7,1102,1.0,0.0
bb_M2_ae_M2_fp32,libero_goal,7,1103,0.0,1.0
bb_M2_ae_M2_fp32,libero_goal,7,1104,0.9375,0.0625
bb_M2_ae_M2_fp32,libero_goal,7,1105,0.90625,0.09375
bb_M2_ae_M2_fp32,libero_goal,7,1106,1.0,0.0
bb_M2_ae_M2_fp32,libero_goal,7,1107,0.0,1.0
bb_M2_ae_M2_fp32,libero_goal,7,1108,0.9375,0.0625
bb_M2_ae_M2_fp32,libero_goal,7,1109,0.0,1.0
bb_M2_ae_M2_fp32,libero_goal,7,1110,0.8125,0.1875
bb_M2_ae_M2_fp32,libero_goal,7,1111,0.9375,0.0625
bb_M2_ae_M2_fp32,libero_goal,7,1112,0.96875,0.03125
bb_M2_ae_M2_fp32,libero_goal,7,1113,0.84375,0.15625
bb_M2_ae_M2_fp32,libero_goal,7,1114,0.96875,0.03125
bb_M2_ae_M2_fp32,libero_goal,7,1115,0.0,1.0
bb_M2_ae_M2_fp32,libero_goal,7,1116,0.0,1.0
bb_M2_ae_M2_fp32,libero_goal,7,1117,0.0,1.0
bb_M2_ae_M2_fp32,libero_goal,7,1118,0.0,1.0
bb_M2_ae_M2_fp32,libero_goal,7,1119,0.90625,0.09375
bb_M2_ae_M2_fp32,libero_goal,8,1120,0.75,0.25
bb_M2_ae_M2_fp32,libero_goal,8,1121,0.8125,0.1875
bb_M2_ae_M2_fp32,libero_goal,8,1122,0.8125,0.1875
bb_M2_ae_M2_fp32,libero_goal,8,1123,0.0,1.0
bb_M2_ae_M2_fp32,libero_goal,8,1124,0.0,1.0
bb_M2_ae_M2_fp32,libero_goal,8,1125,0.84375,0.15625
bb_M2_ae_M2_fp32,libero_goal,8,1126,0.96875,0.03125
bb_M2_ae_M2_fp32,libero_goal,8,1127,0.75,0.25
bb_M2_ae_M2_fp32,libero_goal,8,1128,0.875,0.125
bb_M2_ae_M2_fp32,libero_goal,8,1129,0.8125,0.1875
bb_M2_ae_M2_fp32,libero_goal,8,1130,1.0,0.0
bb_M2_ae_M2_fp32,libero_goal,8,1131,0.875,0.125
bb_M2_ae_M2_fp32,libero_goal,8,1132,0.9375,0.0625
bb_M2_ae_M2_fp32,libero_goal,8,1133,0.96875,0.03125
bb_M2_ae_M2_fp32,libero_goal,8,1134,0.9375,0.0625
bb_M2_ae_M2_fp32,libero_goal,8,1135,0.9375,0.0625
bb_M2_ae_M2_fp32,libero_goal,8,1136,0.0,1.0
bb_M2_ae_M2_fp32,libero_goal,8,1137,0.9375,0.0625
bb_M2_ae_M2_fp32,libero_goal,8,1138,0.0,1.0
bb_M2_ae_M2_fp32,libero_goal,8,1139,0.84375,0.15625
bb_M2_ae_M2_fp32,libero_goal,8,1140,0.0,1.0
bb_M2_ae_M2_fp32,libero_goal,8,1141,0.8125,0.1875
bb_M2_ae_M2_fp32,libero_goal,8,1142,0.875,0.125
bb_M2_ae_M2_fp32,libero_goal,8,1143,0.8125,0.1875
bb_M2_ae_M2_fp32,libero_goal,8,1144,0.9375,0.0625
bb_M2_ae_M2_fp32,libero_goal,8,1145,0.78125,0.21875
bb_M2_ae_M2_fp32,libero_goal,8,1146,0.90625,0.09375
bb_M2_ae_M2_fp32,libero_goal,8,1147,0.84375,0.15625
bb_M2_ae_M2_fp32,libero_goal,8,1148,0.0,1.0
bb_M2_ae_M2_fp32,libero_goal,8,1149,0.0,1.0
bb_M2_ae_M2_fp32,libero_goal,8,1150,0.90625,0.09375
bb_M2_ae_M2_fp32,libero_goal,8,1151,0.0,1.0
bb_M2_ae_M2_fp32,libero_goal,8,1152,0.90625,0.09375
bb_M2_ae_M2_fp32,libero_goal,8,1153,0.90625,0.09375
bb_M2_ae_M2_fp32,libero_goal,8,1154,0.96875,0.03125
bb_M2_ae_M2_fp32,libero_goal,8,1155,0.8125,0.1875
bb_M2_ae_M2_fp32,libero_goal,8,1156,0.96875,0.03125
bb_M2_ae_M2_fp32,libero_goal,8,1157,0.875,0.125
bb_M2_ae_M2_fp32,libero_goal,8,1158,0.875,0.125
bb_M2_ae_M2_fp32,libero_goal,8,1159,0.84375,0.15625
bb_M2_ae_M2_fp32,libero_goal,9,1160,0.0,1.0
bb_M2_ae_M2_fp32,libero_goal,9,1161,0.0,1.0
bb_M2_ae_M2_fp32,libero_goal,9,1162,0.0,1.0
bb_M2_ae_M2_fp32,libero_goal,9,1163,0.0,1.0
bb_M2_ae_M2_fp32,libero_goal,9,1164,0.0,1.0
bb_M2_ae_M2_fp32,libero_goal,9,1165,0.46875,0.53125
bb_M2_ae_M2_fp32,libero_goal,9,1166,0.0,1.0
bb_M2_ae_M2_fp32,libero_goal,9,1167,0.0,1.0
bb_M2_ae_M2_fp32,libero_goal,9,1168,0.0,1.0
bb_M2_ae_M2_fp32,libero_goal,9,1169,0.0,1.0
bb_M2_ae_M2_fp32,libero_goal,9,1170,0.0,1.0
bb_M2_ae_M2_fp32,libero_goal,9,1171,0.0,1.0
bb_M2_ae_M2_fp32,libero_goal,9,1172,0.625,0.375
bb_M2_ae_M2_fp32,libero_goal,9,1173,0.0,1.0
bb_M2_ae_M2_fp32,libero_goal,9,1174,0.875,0.125
bb_M2_ae_M2_fp32,libero_goal,9,1175,0.0,1.0
bb_M2_ae_M2_fp32,libero_goal,9,1176,0.0,1.0
bb_M2_ae_M2_fp32,libero_goal,9,1177,0.0,1.0
bb_M2_ae_M2_fp32,libero_goal,9,1178,0.0,1.0
bb_M2_ae_M2_fp32,libero_goal,9,1179,0.0,1.0
bb_M2_ae_M2_fp32,libero_goal,9,1180,0.0,1.0
bb_M2_ae_M2_fp32,libero_goal,9,1181,0.96875,0.03125
bb_M2_ae_M2_fp32,libero_goal,9,1182,0.53125,0.46875
bb_M2_ae_M2_fp32,libero_goal,9,1183,0.0,1.0
bb_M2_ae_M2_fp32,libero_goal,9,1184,0.0,1.0
bb_M2_ae_M2_fp32,libero_goal,9,1185,0.0,1.0
bb_M2_ae_M2_fp32,libero_goal,9,1186,0.0,1.0
bb_M2_ae_M2_fp32,libero_goal,9,1187,0.0,1.0
bb_M2_ae_M2_fp32,libero_goal,9,1188,0.0,1.0
bb_M2_ae_M2_fp32,libero_goal,9,1189,0.5625,0.4375
bb_M2_ae_M2_fp32,libero_goal,9,1190,0.0,1.0
bb_M2_ae_M2_fp32,libero_goal,9,1191,0.0,1.0
bb_M2_ae_M2_fp32,libero_goal,9,1192,0.0,1.0
bb_M2_ae_M2_fp32,libero_goal,9,1193,0.0,1.0
bb_M2_ae_M2_fp32,libero_goal,9,1194,0.0,1.0
bb_M2_ae_M2_fp32,libero_goal,9,1195,0.0,1.0
bb_M2_ae_M2_fp32,libero_goal,9,1196,0.0,1.0
bb_M2_ae_M2_fp32,libero_goal,9,1197,0.0,1.0
bb_M2_ae_M2_fp32,libero_goal,9,1198,0.71875,0.28125
bb_M2_ae_M2_fp32,libero_goal,9,1199,0.0,1.0
bb_M2_ae_M2_fp32,libero_object,0,400,0.0,1.0
bb_M2_ae_M2_fp32,libero_object,0,401,0.0,1.0
bb_M2_ae_M2_fp32,libero_object,0,402,0.0,1.0
bb_M2_ae_M2_fp32,libero_object,0,403,0.0,1.0
bb_M2_ae_M2_fp32,libero_object,0,404,0.0,1.0
bb_M2_ae_M2_fp32,libero_object,0,405,0.6875,0.3125
bb_M2_ae_M2_fp32,libero_object,0,406,1.0,0.0
bb_M2_ae_M2_fp32,libero_object,0,407,0.0,1.0
bb_M2_ae_M2_fp32,libero_object,0,408,1.0,0.0
bb_M2_ae_M2_fp32,libero_object,0,409,0.96875,0.03125
bb_M2_ae_M2_fp32,libero_object,0,410,0.65625,0.34375
bb_M2_ae_M2_fp32,libero_object,0,411,0.0,1.0
bb_M2_ae_M2_fp32,libero_object,0,412,0.0,1.0
bb_M2_ae_M2_fp32,libero_object,0,413,0.0,1.0
bb_M2_ae_M2_fp32,libero_object,0,414,0.0,1.0
bb_M2_ae_M2_fp32,libero_object,0,415,0.0,1.0
bb_M2_ae_M2_fp32,libero_object,0,416,0.65625,0.34375
bb_M2_ae_M2_fp32,libero_object,0,417,0.8125,0.1875
bb_M2_ae_M2_fp32,libero_object,0,418,0.0,1.0
bb_M2_ae_M2_fp32,libero_object,0,419,0.09375,0.90625
bb_M2_ae_M2_fp32,libero_object,0,420,0.0,1.0
bb_M2_ae_M2_fp32,libero_object,0,421,0.0,1.0
bb_M2_ae_M2_fp32,libero_object,0,422,0.0,1.0
bb_M2_ae_M2_fp32,libero_object,0,423,0.0,1.0
bb_M2_ae_M2_fp32,libero_object,0,424,0.0,1.0
bb_M2_ae_M2_fp32,libero_object,0,425,0.0,1.0
bb_M2_ae_M2_fp32,libero_object,0,426,0.0,1.0
bb_M2_ae_M2_fp32,libero_object,0,427,0.0,1.0
bb_M2_ae_M2_fp32,libero_object,0,428,0.0,1.0
bb_M2_ae_M2_fp32,libero_object,0,429,0.0,1.0
bb_M2_ae_M2_fp32,libero_object,0,430,0.0,1.0
bb_M2_ae_M2_fp32,libero_object,0,431,0.0,1.0
bb_M2_ae_M2_fp32,libero_object,0,432,0.71875,0.28125
bb_M2_ae_M2_fp32,libero_object,0,433,0.90625,0.09375
bb_M2_ae_M2_fp32,libero_object,0,434,0.0,1.0
bb_M2_ae_M2_fp32,libero_object,0,435,0.0,1.0
bb_M2_ae_M2_fp32,libero_object,0,436,0.0,1.0
bb_M2_ae_M2_fp32,libero_object,0,437,0.0,1.0
bb_M2_ae_M2_fp32,libero_object,0,438,0.0,1.0
bb_M2_ae_M2_fp32,libero_object,0,439,0.0,1.0
bb_M2_ae_M2_fp32,libero_object,1,440,0.0,1.0
bb_M2_ae_M2_fp32,libero_object,1,441,0.0,1.0
bb_M2_ae_M2_fp32,libero_object,1,442,0.0,1.0
bb_M2_ae_M2_fp32,libero_object,1,443,0.0,1.0
bb_M2_ae_M2_fp32,libero_object,1,444,0.0,1.0
bb_M2_ae_M2_fp32,libero_object,1,445,1.0,0.0
bb_M2_ae_M2_fp32,libero_object,1,446,0.0,1.0
bb_M2_ae_M2_fp32,libero_object,1,447,0.0,1.0
bb_M2_ae_M2_fp32,libero_object,1,448,0.0,1.0
bb_M2_ae_M2_fp32,libero_object,1,449,0.0,1.0
bb_M2_ae_M2_fp32,libero_object,1,450,0.96875,0.03125
bb_M2_ae_M2_fp32,libero_object,1,451,0.0,1.0
bb_M2_ae_M2_fp32,libero_object,1,452,0.9375,0.0625
bb_M2_ae_M2_fp32,libero_object,1,453,0.0,1.0
bb_M2_ae_M2_fp32,libero_object,1,454,0.0,1.0
bb_M2_ae_M2_fp32,libero_object,1,455,0.96875,0.03125
bb_M2_ae_M2_fp32,libero_object,1,456,0.0,1.0
bb_M2_ae_M2_fp32,libero_object,1,457,0.90625,0.09375
bb_M2_ae_M2_fp32,libero_object,1,458,0.0,1.0
bb_M2_ae_M2_fp32,libero_object,1,459,0.0,1.0
bb_M2_ae_M2_fp32,libero_object,1,460,0.0,1.0
bb_M2_ae_M2_fp32,libero_object,1,461,0.0,1.0
bb_M2_ae_M2_fp32,libero_object,1,462,0.0,1.0
bb_M2_ae_M2_fp32,libero_object,1,463,0.0,1.0
bb_M2_ae_M2_fp32,libero_object,1,464,0.0,1.0
bb_M2_ae_M2_fp32,libero_object,1,465,0.0,1.0
bb_M2_ae_M2_fp32,libero_object,1,466,0.0,1.0
bb_M2_ae_M2_fp32,libero_object,1,467,0.0,1.0
bb_M2_ae_M2_fp32,libero_object,1,468,0.0,1.0
bb_M2_ae_M2_fp32,libero_object,1,469,0.96875,0.03125
bb_M2_ae_M2_fp32,libero_object,1,470,0.0,1.0
bb_M2_ae_M2_fp32,libero_object,1,471,0.0,1.0
bb_M2_ae_M2_fp32,libero_object,1,472,0.5,0.5
bb_M2_ae_M2_fp32,libero_object,1,473,0.0,1.0
bb_M2_ae_M2_fp32,libero_object,1,474,0.96875,0.03125
bb_M2_ae_M2_fp32,libero_object,1,475,0.0,1.0
bb_M2_ae_M2_fp32,libero_object,1,476,0.0,1.0
bb_M2_ae_M2_fp32,libero_object,1,477,0.0,1.0
bb_M2_ae_M2_fp32,libero_object,1,478,0.0,1.0
bb_M2_ae_M2_fp32,libero_object,1,479,0.0,1.0
bb_M2_ae_M2_fp32,libero_object,2,480,0.0,1.0
bb_M2_ae_M2_fp32,libero_object,2,481,0.90625,0.09375
bb_M2_ae_M2_fp32,libero_object,2,482,0.0,1.0
bb_M2_ae_M2_fp32,libero_object,2,483,0.0,1.0
bb_M2_ae_M2_fp32,libero_object,2,484,0.0,1.0
bb_M2_ae_M2_fp32,libero_object,2,485,0.0,1.0
bb_M2_ae_M2_fp32,libero_object,2,486,0.0,1.0
bb_M2_ae_M2_fp32,libero_object,2,487,1.0,0.0
bb_M2_ae_M2_fp32,libero_object,2,488,0.0,1.0
bb_M2_ae_M2_fp32,libero_object,2,489,0.90625,0.09375
bb_M2_ae_M2_fp32,libero_object,2,490,0.0,1.0
bb_M2_ae_M2_fp32,libero_object,2,491,1.0,0.0
bb_M2_ae_M2_fp32,libero_object,2,492,0.9375,0.0625
bb_M2_ae_M2_fp32,libero_object,2,493,0.0,1.0
bb_M2_ae_M2_fp32,libero_object,2,494,0.0,1.0
bb_M2_ae_M2_fp32,libero_object,2,495,0.0,1.0
bb_M2_ae_M2_fp32,libero_object,2,496,1.0,0.0
bb_M2_ae_M2_fp32,libero_object,2,497,0.0,1.0
bb_M2_ae_M2_fp32,libero_object,2,498,0.0,1.0
bb_M2_ae_M2_fp32,libero_object,2,499,0.0,1.0
bb_M2_ae_M2_fp32,libero_object,2,500,0.96875,0.03125
bb_M2_ae_M2_fp32,libero_object,2,501,1.0,0.0
bb_M2_ae_M2_fp32,libero_object,2,502,0.9375,0.0625
bb_M2_ae_M2_fp32,libero_object,2,503,1.0,0.0
bb_M2_ae_M2_fp32,libero_object,2,504,0.0,1.0
bb_M2_ae_M2_fp32,libero_object,2,505,1.0,0.0
bb_M2_ae_M2_fp32,libero_object,2,506,0.0,1.0
bb_M2_ae_M2_fp32,libero_object,2,507,1.0,0.0
bb_M2_ae_M2_fp32,libero_object,2,508,0.96875,0.03125
bb_M2_ae_M2_fp32,libero_object,2,509,0.0,1.0
bb_M2_ae_M2_fp32,libero_object,2,510,0.0,1.0
bb_M2_ae_M2_fp32,libero_object,2,511,0.0,1.0
bb_M2_ae_M2_fp32,libero_object,2,512,0.0,1.0
bb_M2_ae_M2_fp32,libero_object,2,513,0.0,1.0
bb_M2_ae_M2_fp32,libero_object,2,514,0.0,1.0
bb_M2_ae_M2_fp32,libero_object,2,515,0.0,1.0
bb_M2_ae_M2_fp32,libero_object,2,516,0.0,1.0
bb_M2_ae_M2_fp32,libero_object,2,517,0.84375,0.15625
bb_M2_ae_M2_fp32,libero_object,2,518,0.90625,0.09375
bb_M2_ae_M2_fp32,libero_object,2,519,0.0,1.0
bb_M2_ae_M2_fp32,libero_object,3,520,0.0,1.0
bb_M2_ae_M2_fp32,libero_object,3,521,0.15625,0.84375
bb_M2_ae_M2_fp32,libero_object,3,522,0.0,1.0
bb_M2_ae_M2_fp32,libero_object,3,523,0.84375,0.15625
bb_M2_ae_M2_fp32,libero_object,3,524,0.78125,0.21875
bb_M2_ae_M2_fp32,libero_object,3,525,0.0,1.0
bb_M2_ae_M2_fp32,libero_object,3,526,1.0,0.0
bb_M2_ae_M2_fp32,libero_object,3,527,0.875,0.125
bb_M2_ae_M2_fp32,libero_object,3,528,0.9375,0.0625
bb_M2_ae_M2_fp32,libero_object,3,529,0.0,1.0
bb_M2_ae_M2_fp32,libero_object,3,530,0.0,1.0
bb_M2_ae_M2_fp32,libero_object,3,531,0.0,1.0
bb_M2_ae_M2_fp32,libero_object,3,532,0.0,1.0
bb_M2_ae_M2_fp32,libero_object,3,533,0.0,1.0
bb_M2_ae_M2_fp32,libero_object,3,534,1.0,0.0
bb_M2_ae_M2_fp32,libero_object,3,535,0.0,1.0
bb_M2_ae_M2_fp32,libero_object,3,536,0.0,1.0
bb_M2_ae_M2_fp32,libero_object,3,537,0.0,1.0
bb_M2_ae_M2_fp32,libero_object,3,538,0.875,0.125
bb_M2_ae_M2_fp32,libero_object,3,539,0.0,1.0
bb_M2_ae_M2_fp32,libero_object,3,540,0.0,1.0
bb_M2_ae_M2_fp32,libero_object,3,541,0.0,1.0
bb_M2_ae_M2_fp32,libero_object,3,542,0.78125,0.21875
bb_M2_ae_M2_fp32,libero_object,3,543,0.0,1.0
bb_M2_ae_M2_fp32,libero_object,3,544,0.0,1.0
bb_M2_ae_M2_fp32,libero_object,3,545,1.0,0.0
bb_M2_ae_M2_fp32,libero_object,3,546,0.0,1.0
bb_M2_ae_M2_fp32,libero_object,3,547,0.0,1.0
bb_M2_ae_M2_fp32,libero_object,3,548,0.0,1.0
bb_M2_ae_M2_fp32,libero_object,3,549,0.90625,0.09375
bb_M2_ae_M2_fp32,libero_object,3,550,0.0,1.0
bb_M2_ae_M2_fp32,libero_object,3,551,0.0,1.0
bb_M2_ae_M2_fp32,libero_object,3,552,0.0,1.0
bb_M2_ae_M2_fp32,libero_object,3,553,0.875,0.125
bb_M2_ae_M2_fp32,libero_object,3,554,0.0,1.0
bb_M2_ae_M2_fp32,libero_object,3,555,0.0,1.0
bb_M2_ae_M2_fp32,libero_object,3,556,1.0,0.0
bb_M2_ae_M2_fp32,libero_object,3,557,0.0,1.0
bb_M2_ae_M2_fp32,libero_object,3,558,0.96875,0.03125
bb_M2_ae_M2_fp32,libero_object,3,559,0.0,1.0
bb_M2_ae_M2_fp32,libero_object,4,560,0.0,1.0
bb_M2_ae_M2_fp32,libero_object,4,561,0.0,1.0
bb_M2_ae_M2_fp32,libero_object,4,562,0.0,1.0
bb_M2_ae_M2_fp32,libero_object,4,563,0.0,1.0
bb_M2_ae_M2_fp32,libero_object,4,564,0.0,1.0
bb_M2_ae_M2_fp32,libero_object,4,565,0.0,1.0
bb_M2_ae_M2_fp32,libero_object,4,566,0.0,1.0
bb_M2_ae_M2_fp32,libero_object,4,567,0.0,1.0
bb_M2_ae_M2_fp32,libero_object,4,568,0.0,1.0
bb_M2_ae_M2_fp32,libero_object,4,569,0.0,1.0
bb_M2_ae_M2_fp32,libero_object,4,570,0.0,1.0
bb_M2_ae_M2_fp32,libero_object,4,571,0.0,1.0
bb_M2_ae_M2_fp32,libero_object,4,572,0.53125,0.46875
bb_M2_ae_M2_fp32,libero_object,4,573,0.0,1.0
bb_M2_ae_M2_fp32,libero_object,4,574,0.0,1.0
bb_M2_ae_M2_fp32,libero_object,4,575,0.96875,0.03125
bb_M2_ae_M2_fp32,libero_object,4,576,0.0,1.0
bb_M2_ae_M2_fp32,libero_object,4,577,0.0,1.0
bb_M2_ae_M2_fp32,libero_object,4,578,0.0,1.0
bb_M2_ae_M2_fp32,libero_object,4,579,0.0,1.0
bb_M2_ae_M2_fp32,libero_object,4,580,0.0,1.0
bb_M2_ae_M2_fp32,libero_object,4,581,0.6875,0.3125
bb_M2_ae_M2_fp32,libero_object,4,582,0.0,1.0
bb_M2_ae_M2_fp32,libero_object,4,583,0.0,1.0
bb_M2_ae_M2_fp32,libero_object,4,584,0.0,1.0
bb_M2_ae_M2_fp32,libero_object,4,585,0.0,1.0
bb_M2_ae_M2_fp32,libero_object,4,586,0.0,1.0
bb_M2_ae_M2_fp32,libero_object,4,587,0.0,1.0
bb_M2_ae_M2_fp32,libero_object,4,588,0.0,1.0
bb_M2_ae_M2_fp32,libero_object,4,589,0.0,1.0
bb_M2_ae_M2_fp32,libero_object,4,590,0.0,1.0
bb_M2_ae_M2_fp32,libero_object,4,591,0.9375,0.0625
bb_M2_ae_M2_fp32,libero_object,4,592,0.0,1.0
bb_M2_ae_M2_fp32,libero_object,4,593,1.0,0.0
bb_M2_ae_M2_fp32,libero_object,4,594,0.0,1.0
bb_M2_ae_M2_fp32,libero_object,4,595,0.0,1.0
bb_M2_ae_M2_fp32,libero_object,4,596,0.0,1.0
bb_M2_ae_M2_fp32,libero_object,4,597,0.9375,0.0625
bb_M2_ae_M2_fp32,libero_object,4,598,0.9375,0.0625
bb_M2_ae_M2_fp32,libero_object,4,599,0.0,1.0
bb_M2_ae_M2_fp32,libero_object,5,600,0.0,1.0
bb_M2_ae_M2_fp32,libero_object,5,601,0.0,1.0
bb_M2_ae_M2_fp32,libero_object,5,602,0.0,1.0
bb_M2_ae_M2_fp32,libero_object,5,603,0.0,1.0
bb_M2_ae_M2_fp32,libero_object,5,604,0.0,1.0
bb_M2_ae_M2_fp32,libero_object,5,605,0.0,1.0
bb_M2_ae_M2_fp32,libero_object,5,606,0.0,1.0
bb_M2_ae_M2_fp32,libero_object,5,607,0.78125,0.21875
bb_M2_ae_M2_fp32,libero_object,5,608,0.0,1.0
bb_M2_ae_M2_fp32,libero_object,5,609,0.0,1.0
bb_M2_ae_M2_fp32,libero_object,5,610,0.0,1.0
bb_M2_ae_M2_fp32,libero_object,5,611,0.0,1.0
bb_M2_ae_M2_fp32,libero_object,5,612,0.0,1.0
bb_M2_ae_M2_fp32,libero_object,5,613,0.0,1.0
bb_M2_ae_M2_fp32,libero_object,5,614,0.96875,0.03125
bb_M2_ae_M2_fp32,libero_object,5,615,0.0,1.0
bb_M2_ae_M2_fp32,libero_object,5,616,1.0,0.0
bb_M2_ae_M2_fp32,libero_object,5,617,0.0,1.0
bb_M2_ae_M2_fp32,libero_object,5,618,0.0,1.0
bb_M2_ae_M2_fp32,libero_object,5,619,0.0,1.0
bb_M2_ae_M2_fp32,libero_object,5,620,0.0,1.0
bb_M2_ae_M2_fp32,libero_object,5,621,0.0,1.0
bb_M2_ae_M2_fp32,libero_object,5,622,0.0,1.0
bb_M2_ae_M2_fp32,libero_object,5,623,0.96875,0.03125
bb_M2_ae_M2_fp32,libero_object,5,624,0.875,0.125
bb_M2_ae_M2_fp32,libero_object,5,625,0.0,1.0
bb_M2_ae_M2_fp32,libero_object,5,626,0.0,1.0
bb_M2_ae_M2_fp32,libero_object,5,627,0.0,1.0
bb_M2_ae_M2_fp32,libero_object,5,628,0.875,0.125
bb_M2_ae_M2_fp32,libero_object,5,629,0.0,1.0
bb_M2_ae_M2_fp32,libero_object,5,630,0.0,1.0
bb_M2_ae_M2_fp32,libero_object,5,631,0.0,1.0
bb_M2_ae_M2_fp32,libero_object,5,632,0.78125,0.21875
bb_M2_ae_M2_fp32,libero_object,5,633,0.90625,0.09375
bb_M2_ae_M2_fp32,libero_object,5,634,0.0,1.0
bb_M2_ae_M2_fp32,libero_object,5,635,0.0,1.0
bb_M2_ae_M2_fp32,libero_object,5,636,0.0,1.0
bb_M2_ae_M2_fp32,libero_object,5,637,0.78125,0.21875
bb_M2_ae_M2_fp32,libero_object,5,638,0.0,1.0
bb_M2_ae_M2_fp32,libero_object,5,639,0.0,1.0
bb_M2_ae_M2_fp32,libero_object,6,640,1.0,0.0
bb_M2_ae_M2_fp32,libero_object,6,641,0.96875,0.03125
bb_M2_ae_M2_fp32,libero_object,6,642,0.0,1.0
bb_M2_ae_M2_fp32,libero_object,6,643,0.0,1.0
bb_M2_ae_M2_fp32,libero_object,6,644,0.0,1.0
bb_M2_ae_M2_fp32,libero_object,6,645,0.0,1.0
bb_M2_ae_M2_fp32,libero_object,6,646,0.0,1.0
bb_M2_ae_M2_fp32,libero_object,6,647,0.0,1.0
bb_M2_ae_M2_fp32,libero_object,6,648,1.0,0.0
bb_M2_ae_M2_fp32,libero_object,6,649,0.875,0.125
bb_M2_ae_M2_fp32,libero_object,6,650,0.0,1.0
bb_M2_ae_M2_fp32,libero_object,6,651,0.0,1.0
bb_M2_ae_M2_fp32,libero_object,6,652,0.0,1.0
bb_M2_ae_M2_fp32,libero_object,6,653,0.8125,0.1875
bb_M2_ae_M2_fp32,libero_object,6,654,0.0,1.0
bb_M2_ae_M2_fp32,libero_object,6,655,0.53125,0.46875
bb_M2_ae_M2_fp32,libero_object,6,656,0.0,1.0
bb_M2_ae_M2_fp32,libero_object,6,657,0.0,1.0
bb_M2_ae_M2_fp32,libero_object,6,658,0.0,1.0
bb_M2_ae_M2_fp32,libero_object,6,659,1.0,0.0
bb_M2_ae_M2_fp32,libero_object,6,660,0.0,1.0
bb_M2_ae_M2_fp32,libero_object,6,661,0.0,1.0
bb_M2_ae_M2_fp32,libero_object,6,662,0.0,1.0
bb_M2_ae_M2_fp32,libero_object,6,663,0.0,1.0
bb_M2_ae_M2_fp32,libero_object,6,664,0.0,1.0
bb_M2_ae_M2_fp32,libero_object,6,665,0.0,1.0
bb_M2_ae_M2_fp32,libero_object,6,666,0.0,1.0
bb_M2_ae_M2_fp32,libero_object,6,667,0.9375,0.0625
bb_M2_ae_M2_fp32,libero_object,6,668,0.0,1.0
bb_M2_ae_M2_fp32,libero_object,6,669,0.0,1.0
bb_M2_ae_M2_fp32,libero_object,6,670,0.0,1.0
bb_M2_ae_M2_fp32,libero_object,6,671,0.0,1.0
bb_M2_ae_M2_fp32,libero_object,6,672,0.0,1.0
bb_M2_ae_M2_fp32,libero_object,6,673,0.0,1.0
bb_M2_ae_M2_fp32,libero_object,6,674,0.96875,0.03125
bb_M2_ae_M2_fp32,libero_object,6,675,0.0,1.0
bb_M2_ae_M2_fp32,libero_object,6,676,1.0,0.0
bb_M2_ae_M2_fp32,libero_object,6,677,1.0,0.0
bb_M2_ae_M2_fp32,libero_object,6,678,0.875,0.125
bb_M2_ae_M2_fp32,libero_object,6,679,1.0,0.0
bb_M2_ae_M2_fp32,libero_object,7,680,0.0,1.0
bb_M2_ae_M2_fp32,libero_object,7,681,0.875,0.125
bb_M2_ae_M2_fp32,libero_object,7,682,0.0,1.0
bb_M2_ae_M2_fp32,libero_object,7,683,0.71875,0.28125
bb_M2_ae_M2_fp32,libero_object,7,684,0.0,1.0
bb_M2_ae_M2_fp32,libero_object,7,685,0.0,1.0
bb_M2_ae_M2_fp32,libero_object,7,686,0.0,1.0
bb_M2_ae_M2_fp32,libero_object,7,687,0.0,1.0
bb_M2_ae_M2_fp32,libero_object,7,688,0.0,1.0
bb_M2_ae_M2_fp32,libero_object,7,689,0.0,1.0
bb_M2_ae_M2_fp32,libero_object,7,690,0.0,1.0
bb_M2_ae_M2_fp32,libero_object,7,691,0.0,1.0
bb_M2_ae_M2_fp32,libero_object,7,692,0.90625,0.09375
bb_M2_ae_M2_fp32,libero_object,7,693,0.0,1.0
bb_M2_ae_M2_fp32,libero_object,7,694,0.0,1.0
bb_M2_ae_M2_fp32,libero_object,7,695,0.9375,0.0625
bb_M2_ae_M2_fp32,libero_object,7,696,0.0,1.0
bb_M2_ae_M2_fp32,libero_object,7,697,0.0,1.0
bb_M2_ae_M2_fp32,libero_object,7,698,0.0,1.0
bb_M2_ae_M2_fp32,libero_object,7,699,0.0,1.0
bb_M2_ae_M2_fp32,libero_object,7,700,0.0,1.0
bb_M2_ae_M2_fp32,libero_object,7,701,0.96875,0.03125
bb_M2_ae_M2_fp32,libero_object,7,702,0.0,1.0
bb_M2_ae_M2_fp32,libero_object,7,703,0.90625,0.09375
bb_M2_ae_M2_fp32,libero_object,7,704,0.78125,0.21875
bb_M2_ae_M2_fp32,libero_object,7,705,0.0,1.0
bb_M2_ae_M2_fp32,libero_object,7,706,0.71875,0.28125
bb_M2_ae_M2_fp32,libero_object,7,707,0.0,1.0
bb_M2_ae_M2_fp32,libero_object,7,708,0.0,1.0
bb_M2_ae_M2_fp32,libero_object,7,709,0.0,1.0
bb_M2_ae_M2_fp32,libero_object,7,710,0.0,1.0
bb_M2_ae_M2_fp32,libero_object,7,711,0.0,1.0
bb_M2_ae_M2_fp32,libero_object,7,712,0.0,1.0
bb_M2_ae_M2_fp32,libero_object,7,713,0.0,1.0
bb_M2_ae_M2_fp32,libero_object,7,714,0.9375,0.0625
bb_M2_ae_M2_fp32,libero_object,7,715,0.625,0.375
bb_M2_ae_M2_fp32,libero_object,7,716,0.0,1.0
bb_M2_ae_M2_fp32,libero_object,7,717,0.0,1.0
bb_M2_ae_M2_fp32,libero_object,7,718,0.0,1.0
bb_M2_ae_M2_fp32,libero_object,7,719,0.0,1.0
bb_M2_ae_M2_fp32,libero_object,8,720,0.0,1.0
bb_M2_ae_M2_fp32,libero_object,8,721,0.0,1.0
bb_M2_ae_M2_fp32,libero_object,8,722,0.0,1.0
bb_M2_ae_M2_fp32,libero_object,8,723,0.9375,0.0625
bb_M2_ae_M2_fp32,libero_object,8,724,0.9375,0.0625
bb_M2_ae_M2_fp32,libero_object,8,725,0.0,1.0
bb_M2_ae_M2_fp32,libero_object,8,726,0.0,1.0
bb_M2_ae_M2_fp32,libero_object,8,727,0.0,1.0
bb_M2_ae_M2_fp32,libero_object,8,728,0.0,1.0
bb_M2_ae_M2_fp32,libero_object,8,729,0.0,1.0
bb_M2_ae_M2_fp32,libero_object,8,730,0.0,1.0
bb_M2_ae_M2_fp32,libero_object,8,731,0.0,1.0
bb_M2_ae_M2_fp32,libero_object,8,732,0.0,1.0
bb_M2_ae_M2_fp32,libero_object,8,733,0.96875,0.03125
bb_M2_ae_M2_fp32,libero_object,8,734,0.0,1.0
bb_M2_ae_M2_fp32,libero_object,8,735,0.0,1.0
bb_M2_ae_M2_fp32,libero_object,8,736,0.0,1.0
bb_M2_ae_M2_fp32,libero_object,8,737,0.125,0.875
bb_M2_ae_M2_fp32,libero_object,8,738,0.0,1.0
bb_M2_ae_M2_fp32,libero_object,8,739,0.0,1.0
bb_M2_ae_M2_fp32,libero_object,8,740,0.84375,0.15625
bb_M2_ae_M2_fp32,libero_object,8,741,0.0,1.0
bb_M2_ae_M2_fp32,libero_object,8,742,0.0,1.0
bb_M2_ae_M2_fp32,libero_object,8,743,0.0,1.0
bb_M2_ae_M2_fp32,libero_object,8,744,0.0,1.0
bb_M2_ae_M2_fp32,libero_object,8,745,0.0,1.0
bb_M2_ae_M2_fp32,libero_object,8,746,0.90625,0.09375
bb_M2_ae_M2_fp32,libero_object,8,747,0.0,1.0
bb_M2_ae_M2_fp32,libero_object,8,748,1.0,0.0
bb_M2_ae_M2_fp32,libero_object,8,749,0.0,1.0
bb_M2_ae_M2_fp32,libero_object,8,750,0.0,1.0
bb_M2_ae_M2_fp32,libero_object,8,751,0.0,1.0
bb_M2_ae_M2_fp32,libero_object,8,752,0.0,1.0
bb_M2_ae_M2_fp32,libero_object,8,753,0.0,1.0
bb_M2_ae_M2_fp32,libero_object,8,754,0.96875,0.03125
bb_M2_ae_M2_fp32,libero_object,8,755,0.96875,0.03125
bb_M2_ae_M2_fp32,libero_object,8,756,0.0,1.0
bb_M2_ae_M2_fp32,libero_object,8,757,0.0,1.0
bb_M2_ae_M2_fp32,libero_object,8,758,0.0,1.0
bb_M2_ae_M2_fp32,libero_object,8,759,0.0,1.0
bb_M2_ae_M2_fp32,libero_object,9,760,0.0,1.0
bb_M2_ae_M2_fp32,libero_object,9,761,0.0,1.0
bb_M2_ae_M2_fp32,libero_object,9,762,0.0,1.0
bb_M2_ae_M2_fp32,libero_object,9,763,0.0,1.0
bb_M2_ae_M2_fp32,libero_object,9,764,0.875,0.125
bb_M2_ae_M2_fp32,libero_object,9,765,0.90625,0.09375
bb_M2_ae_M2_fp32,libero_object,9,766,0.84375,0.15625
bb_M2_ae_M2_fp32,libero_object,9,767,1.0,0.0
bb_M2_ae_M2_fp32,libero_object,9,768,0.0,1.0
bb_M2_ae_M2_fp32,libero_object,9,769,0.0,1.0
bb_M2_ae_M2_fp32,libero_object,9,770,0.8125,0.1875
bb_M2_ae_M2_fp32,libero_object,9,771,0.71875,0.28125
bb_M2_ae_M2_fp32,libero_object,9,772,0.90625,0.09375
bb_M2_ae_M2_fp32,libero_object,9,773,1.0,0.0
bb_M2_ae_M2_fp32,libero_object,9,774,0.0,1.0
bb_M2_ae_M2_fp32,libero_object,9,775,0.96875,0.03125
bb_M2_ae_M2_fp32,libero_object,9,776,0.0,1.0
bb_M2_ae_M2_fp32,libero_object,9,777,0.0,1.0
bb_M2_ae_M2_fp32,libero_object,9,778,0.90625,0.09375
bb_M2_ae_M2_fp32,libero_object,9,779,0.90625,0.09375
bb_M2_ae_M2_fp32,libero_object,9,780,0.0,1.0
bb_M2_ae_M2_fp32,libero_object,9,781,0.0,1.0
bb_M2_ae_M2_fp32,libero_object,9,782,0.75,0.25
bb_M2_ae_M2_fp32,libero_object,9,783,0.9375,0.0625
bb_M2_ae_M2_fp32,libero_object,9,784,1.0,0.0
bb_M2_ae_M2_fp32,libero_object,9,785,0.9375,0.0625
bb_M2_ae_M2_fp32,libero_object,9,786,0.0,1.0
bb_M2_ae_M2_fp32,libero_object,9,787,0.90625,0.09375
bb_M2_ae_M2_fp32,libero_object,9,788,0.875,0.125
bb_M2_ae_M2_fp32,libero_object,9,789,0.0,1.0
bb_M2_ae_M2_fp32,libero_object,9,790,0.75,0.25
bb_M2_ae_M2_fp32,libero_object,9,791,0.96875,0.03125
bb_M2_ae_M2_fp32,libero_object,9,792,0.0,1.0
bb_M2_ae_M2_fp32,libero_object,9,793,0.0,1.0
bb_M2_ae_M2_fp32,libero_object,9,794,0.0,1.0
bb_M2_ae_M2_fp32,libero_object,9,795,0.0,1.0
bb_M2_ae_M2_fp32,libero_object,9,796,0.0,1.0
bb_M2_ae_M2_fp32,libero_object,9,797,1.0,0.0
bb_M2_ae_M2_fp32,libero_object,9,798,0.90625,0.09375
bb_M2_ae_M2_fp32,libero_object,9,799,0.0,1.0
bb_M2_ae_M2_fp32,libero_spatial,0,0,0.0,1.0
bb_M2_ae_M2_fp32,libero_spatial,0,1,0.9375,0.0625
bb_M2_ae_M2_fp32,libero_spatial,0,2,0.96875,0.03125
bb_M2_ae_M2_fp32,libero_spatial,0,3,0.9375,0.0625
bb_M2_ae_M2_fp32,libero_spatial,0,4,0.0,1.0
bb_M2_ae_M2_fp32,libero_spatial,0,5,0.0,1.0
bb_M2_ae_M2_fp32,libero_spatial,0,6,0.0,1.0
bb_M2_ae_M2_fp32,libero_spatial,0,7,0.0,1.0
bb_M2_ae_M2_fp32,libero_spatial,0,8,1.0,0.0
bb_M2_ae_M2_fp32,libero_spatial,0,9,0.0,1.0
bb_M2_ae_M2_fp32,libero_spatial,0,10,1.0,0.0
bb_M2_ae_M2_fp32,libero_spatial,0,11,0.78125,0.21875
bb_M2_ae_M2_fp32,libero_spatial,0,12,0.0,1.0
bb_M2_ae_M2_fp32,libero_spatial,0,13,0.8125,0.1875
bb_M2_ae_M2_fp32,libero_spatial,0,14,0.0,1.0
bb_M2_ae_M2_fp32,libero_spatial,0,15,0.0,1.0
bb_M2_ae_M2_fp32,libero_spatial,0,16,1.0,0.0
bb_M2_ae_M2_fp32,libero_spatial,0,17,0.0,1.0
bb_M2_ae_M2_fp32,libero_spatial,0,18,0.0,1.0
bb_M2_ae_M2_fp32,libero_spatial,0,19,0.0,1.0
bb_M2_ae_M2_fp32,libero_spatial,0,20,0.9375,0.0625
bb_M2_ae_M2_fp32,libero_spatial,0,21,0.875,0.125
bb_M2_ae_M2_fp32,libero_spatial,0,22,0.9375,0.0625
bb_M2_ae_M2_fp32,libero_spatial,0,23,0.0,1.0
bb_M2_ae_M2_fp32,libero_spatial,0,24,0.9375,0.0625
bb_M2_ae_M2_fp32,libero_spatial,0,25,0.0,1.0
bb_M2_ae_M2_fp32,libero_spatial,0,26,0.0,1.0
bb_M2_ae_M2_fp32,libero_spatial,0,27,0.8125,0.1875
bb_M2_ae_M2_fp32,libero_spatial,0,28,0.0,1.0
bb_M2_ae_M2_fp32,libero_spatial,0,29,1.0,0.0
bb_M2_ae_M2_fp32,libero_spatial,0,30,0.0,1.0
bb_M2_ae_M2_fp32,libero_spatial,0,31,0.875,0.125
bb_M2_ae_M2_fp32,libero_spatial,0,32,1.0,0.0
bb_M2_ae_M2_fp32,libero_spatial,0,33,0.0,1.0
bb_M2_ae_M2_fp32,libero_spatial,0,34,0.90625,0.09375
bb_M2_ae_M2_fp32,libero_spatial,0,35,0.0,1.0
bb_M2_ae_M2_fp32,libero_spatial,0,36,0.84375,0.15625
bb_M2_ae_M2_fp32,libero_spatial,0,37,0.0,1.0
bb_M2_ae_M2_fp32,libero_spatial,0,38,0.0,1.0
bb_M2_ae_M2_fp32,libero_spatial,0,39,0.0,1.0
bb_M2_ae_M2_fp32,libero_spatial,1,40,0.0,1.0
bb_M2_ae_M2_fp32,libero_spatial,1,41,0.0,1.0
bb_M2_ae_M2_fp32,libero_spatial,1,42,0.0,1.0
bb_M2_ae_M2_fp32,libero_spatial,1,43,0.0,1.0
bb_M2_ae_M2_fp32,libero_spatial,1,44,0.0,1.0
bb_M2_ae_M2_fp32,libero_spatial,1,45,0.0,1.0
bb_M2_ae_M2_fp32,libero_spatial,1,46,0.0,1.0
bb_M2_ae_M2_fp32,libero_spatial,1,47,0.0,1.0
bb_M2_ae_M2_fp32,libero_spatial,1,48,0.0,1.0
bb_M2_ae_M2_fp32,libero_spatial,1,49,0.9375,0.0625
bb_M2_ae_M2_fp32,libero_spatial,1,50,0.0,1.0
bb_M2_ae_M2_fp32,libero_spatial,1,51,0.0,1.0
bb_M2_ae_M2_fp32,libero_spatial,1,52,0.0,1.0
bb_M2_ae_M2_fp32,libero_spatial,1,53,1.0,0.0
bb_M2_ae_M2_fp32,libero_spatial,1,54,0.0,1.0
bb_M2_ae_M2_fp32,libero_spatial,1,55,0.0,1.0
bb_M2_ae_M2_fp32,libero_spatial,1,56,0.0,1.0
bb_M2_ae_M2_fp32,libero_spatial,1,57,0.0,1.0
bb_M2_ae_M2_fp32,libero_spatial,1,58,0.0,1.0
bb_M2_ae_M2_fp32,libero_spatial,1,59,0.0,1.0
bb_M2_ae_M2_fp32,libero_spatial,1,60,0.0,1.0
bb_M2_ae_M2_fp32,libero_spatial,1,61,0.0,1.0
bb_M2_ae_M2_fp32,libero_spatial,1,62,0.9375,0.0625
bb_M2_ae_M2_fp32,libero_spatial,1,63,0.0,1.0
bb_M2_ae_M2_fp32,libero_spatial,1,64,0.0,1.0
bb_M2_ae_M2_fp32,libero_spatial,1,65,0.0,1.0
bb_M2_ae_M2_fp32,libero_spatial,1,66,0.0,1.0
bb_M2_ae_M2_fp32,libero_spatial,1,67,0.90625,0.09375
bb_M2_ae_M2_fp32,libero_spatial,1,68,0.0,1.0
bb_M2_ae_M2_fp32,libero_spatial,1,69,0.0,1.0
bb_M2_ae_M2_fp32,libero_spatial,1,70,0.0,1.0
bb_M2_ae_M2_fp32,libero_spatial,1,71,0.0,1.0
bb_M2_ae_M2_fp32,libero_spatial,1,72,0.0,1.0
bb_M2_ae_M2_fp32,libero_spatial,1,73,0.0,1.0
bb_M2_ae_M2_fp32,libero_spatial,1,74,0.0,1.0
bb_M2_ae_M2_fp32,libero_spatial,1,75,0.0,1.0
bb_M2_ae_M2_fp32,libero_spatial,1,76,1.0,0.0
bb_M2_ae_M2_fp32,libero_spatial,1,77,0.90625,0.09375
bb_M2_ae_M2_fp32,libero_spatial,1,78,0.96875,0.03125
bb_M2_ae_M2_fp32,libero_spatial,1,79,0.0,1.0
bb_M2_ae_M2_fp32,libero_spatial,2,80,0.8125,0.1875
bb_M2_ae_M2_fp32,libero_spatial,2,81,0.75,0.25
bb_M2_ae_M2_fp32,libero_spatial,2,82,0.96875,0.03125
bb_M2_ae_M2_fp32,libero_spatial,2,83,1.0,0.0
bb_M2_ae_M2_fp32,libero_spatial,2,84,0.0,1.0
bb_M2_ae_M2_fp32,libero_spatial,2,85,0.90625,0.09375
bb_M2_ae_M2_fp32,libero_spatial,2,86,1.0,0.0
bb_M2_ae_M2_fp32,libero_spatial,2,87,1.0,0.0
bb_M2_ae_M2_fp32,libero_spatial,2,88,0.78125,0.21875
bb_M2_ae_M2_fp32,libero_spatial,2,89,0.75,0.25
bb_M2_ae_M2_fp32,libero_spatial,2,90,0.71875,0.28125
bb_M2_ae_M2_fp32,libero_spatial,2,91,0.5625,0.4375
bb_M2_ae_M2_fp32,libero_spatial,2,92,0.0,1.0
bb_M2_ae_M2_fp32,libero_spatial,2,93,0.96875,0.03125
bb_M2_ae_M2_fp32,libero_spatial,2,94,0.875,0.125
bb_M2_ae_M2_fp32,libero_spatial,2,95,0.78125,0.21875
bb_M2_ae_M2_fp32,libero_spatial,2,96,1.0,0.0
bb_M2_ae_M2_fp32,libero_spatial,2,97,0.65625,0.34375
bb_M2_ae_M2_fp32,libero_spatial,2,98,0.9375,0.0625
bb_M2_ae_M2_fp32,libero_spatial,2,99,0.96875,0.03125
bb_M2_ae_M2_fp32,libero_spatial,2,100,1.0,0.0
bb_M2_ae_M2_fp32,libero_spatial,2,101,0.71875,0.28125
bb_M2_ae_M2_fp32,libero_spatial,2,102,0.9375,0.0625
bb_M2_ae_M2_fp32,libero_spatial,2,103,1.0,0.0
bb_M2_ae_M2_fp32,libero_spatial,2,104,0.90625,0.09375
bb_M2_ae_M2_fp32,libero_spatial,2,105,0.96875,0.03125
bb_M2_ae_M2_fp32,libero_spatial,2,106,0.625,0.375
bb_M2_ae_M2_fp32,libero_spatial,2,107,0.9375,0.0625
bb_M2_ae_M2_fp32,libero_spatial,2,108,0.0,1.0
bb_M2_ae_M2_fp32,libero_spatial,2,109,0.96875,0.03125
bb_M2_ae_M2_fp32,libero_spatial,2,110,0.0,1.0
bb_M2_ae_M2_fp32,libero_spatial,2,111,0.90625,0.09375
bb_M2_ae_M2_fp32,libero_spatial,2,112,0.0,1.0
bb_M2_ae_M2_fp32,libero_spatial,2,113,0.84375,0.15625
bb_M2_ae_M2_fp32,libero_spatial,2,114,0.0,1.0
bb_M2_ae_M2_fp32,libero_spatial,2,115,0.0,1.0
bb_M2_ae_M2_fp32,libero_spatial,2,116,0.6875,0.3125
bb_M2_ae_M2_fp32,libero_spatial,2,117,0.0,1.0
bb_M2_ae_M2_fp32,libero_spatial,2,118,0.96875,0.03125
bb_M2_ae_M2_fp32,libero_spatial,2,119,0.96875,0.03125
bb_M2_ae_M2_fp32,libero_spatial,3,120,0.0,1.0
bb_M2_ae_M2_fp32,libero_spatial,3,121,0.0,1.0
bb_M2_ae_M2_fp32,libero_spatial,3,122,0.0,1.0
bb_M2_ae_M2_fp32,libero_spatial,3,123,0.0,1.0
bb_M2_ae_M2_fp32,libero_spatial,3,124,0.875,0.125
bb_M2_ae_M2_fp32,libero_spatial,3,125,0.0,1.0
bb_M2_ae_M2_fp32,libero_spatial,3,126,0.0,1.0
bb_M2_ae_M2_fp32,libero_spatial,3,127,0.0,1.0
bb_M2_ae_M2_fp32,libero_spatial,3,128,0.9375,0.0625
bb_M2_ae_M2_fp32,libero_spatial,3,129,0.78125,0.21875
bb_M2_ae_M2_fp32,libero_spatial,3,130,0.0,1.0
bb_M2_ae_M2_fp32,libero_spatial,3,131,0.8125,0.1875
bb_M2_ae_M2_fp32,libero_spatial,3,132,0.0,1.0
bb_M2_ae_M2_fp32,libero_spatial,3,133,0.0,1.0
bb_M2_ae_M2_fp32,libero_spatial,3,134,0.0,1.0
bb_M2_ae_M2_fp32,libero_spatial,3,135,0.0,1.0
bb_M2_ae_M2_fp32,libero_spatial,3,136,0.0,1.0
bb_M2_ae_M2_fp32,libero_spatial,3,137,0.0,1.0
bb_M2_ae_M2_fp32,libero_spatial,3,138,0.0,1.0
bb_M2_ae_M2_fp32,libero_spatial,3,139,0.96875,0.03125
bb_M2_ae_M2_fp32,libero_spatial,3,140,0.0,1.0
bb_M2_ae_M2_fp32,libero_spatial,3,141,0.71875,0.28125
bb_M2_ae_M2_fp32,libero_spatial,3,142,0.90625,0.09375
bb_M2_ae_M2_fp32,libero_spatial,3,143,0.0,1.0
bb_M2_ae_M2_fp32,libero_spatial,3,144,0.0,1.0
bb_M2_ae_M2_fp32,libero_spatial,3,145,0.0,1.0
bb_M2_ae_M2_fp32,libero_spatial,3,146,0.96875,0.03125
bb_M2_ae_M2_fp32,libero_spatial,3,147,0.0,1.0
bb_M2_ae_M2_fp32,libero_spatial,3,148,0.0,1.0
bb_M2_ae_M2_fp32,libero_spatial,3,149,0.78125,0.21875
bb_M2_ae_M2_fp32,libero_spatial,3,150,0.0,1.0
bb_M2_ae_M2_fp32,libero_spatial,3,151,1.0,0.0
bb_M2_ae_M2_fp32,libero_spatial,3,152,0.0,1.0
bb_M2_ae_M2_fp32,libero_spatial,3,153,0.0,1.0
bb_M2_ae_M2_fp32,libero_spatial,3,154,0.0,1.0
bb_M2_ae_M2_fp32,libero_spatial,3,155,0.78125,0.21875
bb_M2_ae_M2_fp32,libero_spatial,3,156,0.96875,0.03125
bb_M2_ae_M2_fp32,libero_spatial,3,157,0.875,0.125
bb_M2_ae_M2_fp32,libero_spatial,3,158,0.0,1.0
bb_M2_ae_M2_fp32,libero_spatial,3,159,0.8125,0.1875
bb_M2_ae_M2_fp32,libero_spatial,4,160,1.0,0.0
bb_M2_ae_M2_fp32,libero_spatial,4,161,0.0,1.0
bb_M2_ae_M2_fp32,libero_spatial,4,162,0.0,1.0
bb_M2_ae_M2_fp32,libero_spatial,4,163,0.0,1.0
bb_M2_ae_M2_fp32,libero_spatial,4,164,0.0,1.0
bb_M2_ae_M2_fp32,libero_spatial,4,165,1.0,0.0
bb_M2_ae_M2_fp32,libero_spatial,4,166,1.0,0.0
bb_M2_ae_M2_fp32,libero_spatial,4,167,0.75,0.25
bb_M2_ae_M2_fp32,libero_spatial,4,168,1.0,0.0
bb_M2_ae_M2_fp32,libero_spatial,4,169,0.0,1.0
bb_M2_ae_M2_fp32,libero_spatial,4,170,1.0,0.0
bb_M2_ae_M2_fp32,libero_spatial,4,171,1.0,0.0
bb_M2_ae_M2_fp32,libero_spatial,4,172,0.96875,0.03125
bb_M2_ae_M2_fp32,libero_spatial,4,173,0.0,1.0
bb_M2_ae_M2_fp32,libero_spatial,4,174,0.0,1.0
bb_M2_ae_M2_fp32,libero_spatial,4,175,0.0,1.0
bb_M2_ae_M2_fp32,libero_spatial,4,176,0.90625,0.09375
bb_M2_ae_M2_fp32,libero_spatial,4,177,0.90625,0.09375
bb_M2_ae_M2_fp32,libero_spatial,4,178,0.9375,0.0625
bb_M2_ae_M2_fp32,libero_spatial,4,179,0.96875,0.03125
bb_M2_ae_M2_fp32,libero_spatial,4,180,0.9375,0.0625
bb_M2_ae_M2_fp32,libero_spatial,4,181,0.8125,0.1875
bb_M2_ae_M2_fp32,libero_spatial,4,182,0.9375,0.0625
bb_M2_ae_M2_fp32,libero_spatial,4,183,1.0,0.0
bb_M2_ae_M2_fp32,libero_spatial,4,184,0.0,1.0
bb_M2_ae_M2_fp32,libero_spatial,4,185,0.0,1.0
bb_M2_ae_M2_fp32,libero_spatial,4,186,0.96875,0.03125
bb_M2_ae_M2_fp32,libero_spatial,4,187,0.0,1.0
bb_M2_ae_M2_fp32,libero_spatial,4,188,0.0,1.0
bb_M2_ae_M2_fp32,libero_spatial,4,189,1.0,0.0
bb_M2_ae_M2_fp32,libero_spatial,4,190,0.9375,0.0625
bb_M2_ae_M2_fp32,libero_spatial,4,191,0.0,1.0
bb_M2_ae_M2_fp32,libero_spatial,4,192,0.0,1.0
bb_M2_ae_M2_fp32,libero_spatial,4,193,0.75,0.25
bb_M2_ae_M2_fp32,libero_spatial,4,194,0.9375,0.0625
bb_M2_ae_M2_fp32,libero_spatial,4,195,1.0,0.0
bb_M2_ae_M2_fp32,libero_spatial,4,196,0.0,1.0
bb_M2_ae_M2_fp32,libero_spatial,4,197,1.0,0.0
bb_M2_ae_M2_fp32,libero_spatial,4,198,0.0,1.0
bb_M2_ae_M2_fp32,libero_spatial,4,199,0.90625,0.09375
bb_M2_ae_M2_fp32,libero_spatial,5,200,0.0,1.0
bb_M2_ae_M2_fp32,libero_spatial,5,201,0.0,1.0
bb_M2_ae_M2_fp32,libero_spatial,5,202,0.0,1.0
bb_M2_ae_M2_fp32,libero_spatial,5,203,0.0,1.0
bb_M2_ae_M2_fp32,libero_spatial,5,204,0.96875,0.03125
bb_M2_ae_M2_fp32,libero_spatial,5,205,0.0,1.0
bb_M2_ae_M2_fp32,libero_spatial,5,206,0.0,1.0
bb_M2_ae_M2_fp32,libero_spatial,5,207,0.0,1.0
bb_M2_ae_M2_fp32,libero_spatial,5,208,0.0,1.0
bb_M2_ae_M2_fp32,libero_spatial,5,209,1.0,0.0
bb_M2_ae_M2_fp32,libero_spatial,5,210,0.0,1.0
bb_M2_ae_M2_fp32,libero_spatial,5,211,0.90625,0.09375
bb_M2_ae_M2_fp32,libero_spatial,5,212,0.0,1.0
bb_M2_ae_M2_fp32,libero_spatial,5,213,0.0,1.0
bb_M2_ae_M2_fp32,libero_spatial,5,214,0.0,1.0
bb_M2_ae_M2_fp32,libero_spatial,5,215,0.0,1.0
bb_M2_ae_M2_fp32,libero_spatial,5,216,0.0,1.0
bb_M2_ae_M2_fp32,libero_spatial,5,217,0.0,1.0
bb_M2_ae_M2_fp32,libero_spatial,5,218,0.0,1.0
bb_M2_ae_M2_fp32,libero_spatial,5,219,0.0,1.0
bb_M2_ae_M2_fp32,libero_spatial,5,220,0.78125,0.21875
bb_M2_ae_M2_fp32,libero_spatial,5,221,0.875,0.125
bb_M2_ae_M2_fp32,libero_spatial,5,222,0.0,1.0
bb_M2_ae_M2_fp32,libero_spatial,5,223,0.0,1.0
bb_M2_ae_M2_fp32,libero_spatial,5,224,0.875,0.125
bb_M2_ae_M2_fp32,libero_spatial,5,225,0.0,1.0
bb_M2_ae_M2_fp32,libero_spatial,5,226,1.0,0.0
bb_M2_ae_M2_fp32,libero_spatial,5,227,0.96875,0.03125
bb_M2_ae_M2_fp32,libero_spatial,5,228,0.0,1.0
bb_M2_ae_M2_fp32,libero_spatial,5,229,0.0,1.0
bb_M2_ae_M2_fp32,libero_spatial,5,230,0.0,1.0
bb_M2_ae_M2_fp32,libero_spatial,5,231,0.96875,0.03125
bb_M2_ae_M2_fp32,libero_spatial,5,232,0.0,1.0
bb_M2_ae_M2_fp32,libero_spatial,5,233,0.0,1.0
bb_M2_ae_M2_fp32,libero_spatial,5,234,0.0,1.0
bb_M2_ae_M2_fp32,libero_spatial,5,235,1.0,0.0
bb_M2_ae_M2_fp32,libero_spatial,5,236,0.0,1.0
bb_M2_ae_M2_fp32,libero_spatial,5,237,0.0,1.0
bb_M2_ae_M2_fp32,libero_spatial,5,238,0.0,1.0
bb_M2_ae_M2_fp32,libero_spatial,5,239,1.0,0.0
bb_M2_ae_M2_fp32,libero_spatial,6,240,0.96875,0.03125
bb_M2_ae_M2_fp32,libero_spatial,6,241,0.0,1.0
bb_M2_ae_M2_fp32,libero_spatial,6,242,0.0,1.0
bb_M2_ae_M2_fp32,libero_spatial,6,243,0.8125,0.1875
bb_M2_ae_M2_fp32,libero_spatial,6,244,0.90625,0.09375
bb_M2_ae_M2_fp32,libero_spatial,6,245,0.0,1.0
bb_M2_ae_M2_fp32,libero_spatial,6,246,0.0,1.0
bb_M2_ae_M2_fp32,libero_spatial,6,247,0.84375,0.15625
bb_M2_ae_M2_fp32,libero_spatial,6,248,0.875,0.125
bb_M2_ae_M2_fp32,libero_spatial,6,249,0.0,1.0
bb_M2_ae_M2_fp32,libero_spatial,6,250,0.8125,0.1875
bb_M2_ae_M2_fp32,libero_spatial,6,251,0.84375,0.15625
bb_M2_ae_M2_fp32,libero_spatial,6,252,1.0,0.0
bb_M2_ae_M2_fp32,libero_spatial,6,253,0.0,1.0
bb_M2_ae_M2_fp32,libero_spatial,6,254,0.84375,0.15625
bb_M2_ae_M2_fp32,libero_spatial,6,255,0.90625,0.09375
bb_M2_ae_M2_fp32,libero_spatial,6,256,0.0,1.0
bb_M2_ae_M2_fp32,libero_spatial,6,257,0.96875,0.03125
bb_M2_ae_M2_fp32,libero_spatial,6,258,0.0,1.0
bb_M2_ae_M2_fp32,libero_spatial,6,259,0.0,1.0
bb_M2_ae_M2_fp32,libero_spatial,6,260,0.8125,0.1875
bb_M2_ae_M2_fp32,libero_spatial,6,261,0.78125,0.21875
bb_M2_ae_M2_fp32,libero_spatial,6,262,0.0,1.0
bb_M2_ae_M2_fp32,libero_spatial,6,263,0.90625,0.09375
bb_M2_ae_M2_fp32,libero_spatial,6,264,0.90625,0.09375
bb_M2_ae_M2_fp32,libero_spatial,6,265,0.0,1.0
bb_M2_ae_M2_fp32,libero_spatial,6,266,0.0,1.0
bb_M2_ae_M2_fp32,libero_spatial,6,267,1.0,0.0
bb_M2_ae_M2_fp32,libero_spatial,6,268,1.0,0.0
bb_M2_ae_M2_fp32,libero_spatial,6,269,1.0,0.0
bb_M2_ae_M2_fp32,libero_spatial,6,270,0.0,1.0
bb_M2_ae_M2_fp32,libero_spatial,6,271,1.0,0.0
bb_M2_ae_M2_fp32,libero_spatial,6,272,0.9375,0.0625
bb_M2_ae_M2_fp32,libero_spatial,6,273,0.96875,0.03125
bb_M2_ae_M2_fp32,libero_spatial,6,274,0.90625,0.09375
bb_M2_ae_M2_fp32,libero_spatial,6,275,0.0,1.0
bb_M2_ae_M2_fp32,libero_spatial,6,276,0.0,1.0
bb_M2_ae_M2_fp32,libero_spatial,6,277,0.8125,0.1875
bb_M2_ae_M2_fp32,libero_spatial,6,278,1.0,0.0
bb_M2_ae_M2_fp32,libero_spatial,6,279,0.90625,0.09375
bb_M2_ae_M2_fp32,libero_spatial,7,280,0.0,1.0
bb_M2_ae_M2_fp32,libero_spatial,7,281,0.0,1.0
bb_M2_ae_M2_fp32,libero_spatial,7,282,0.0,1.0
bb_M2_ae_M2_fp32,libero_spatial,7,283,0.96875,0.03125
bb_M2_ae_M2_fp32,libero_spatial,7,284,0.78125,0.21875
bb_M2_ae_M2_fp32,libero_spatial,7,285,0.0,1.0
bb_M2_ae_M2_fp32,libero_spatial,7,286,0.0,1.0
bb_M2_ae_M2_fp32,libero_spatial,7,287,0.0,1.0
bb_M2_ae_M2_fp32,libero_spatial,7,288,0.0,1.0
bb_M2_ae_M2_fp32,libero_spatial,7,289,0.9375,0.0625
bb_M2_ae_M2_fp32,libero_spatial,7,290,0.0,1.0
bb_M2_ae_M2_fp32,libero_spatial,7,291,0.0,1.0
bb_M2_ae_M2_fp32,libero_spatial,7,292,0.0,1.0
bb_M2_ae_M2_fp32,libero_spatial,7,293,0.0,1.0
bb_M2_ae_M2_fp32,libero_spatial,7,294,0.0,1.0
bb_M2_ae_M2_fp32,libero_spatial,7,295,0.875,0.125
bb_M2_ae_M2_fp32,libero_spatial,7,296,0.0,1.0
bb_M2_ae_M2_fp32,libero_spatial,7,297,0.875,0.125
bb_M2_ae_M2_fp32,libero_spatial,7,298,0.90625,0.09375
bb_M2_ae_M2_fp32,libero_spatial,7,299,0.0,1.0
bb_M2_ae_M2_fp32,libero_spatial,7,300,0.875,0.125
bb_M2_ae_M2_fp32,libero_spatial,7,301,0.875,0.125
bb_M2_ae_M2_fp32,libero_spatial,7,302,0.96875,0.03125
bb_M2_ae_M2_fp32,libero_spatial,7,303,0.59375,0.40625
bb_M2_ae_M2_fp32,libero_spatial,7,304,0.9375,0.0625
bb_M2_ae_M2_fp32,libero_spatial,7,305,0.0,1.0
bb_M2_ae_M2_fp32,libero_spatial,7,306,0.90625,0.09375
bb_M2_ae_M2_fp32,libero_spatial,7,307,0.0,1.0
bb_M2_ae_M2_fp32,libero_spatial,7,308,0.0,1.0
bb_M2_ae_M2_fp32,libero_spatial,7,309,0.0,1.0
bb_M2_ae_M2_fp32,libero_spatial,7,310,0.0,1.0
bb_M2_ae_M2_fp32,libero_spatial,7,311,0.0,1.0
bb_M2_ae_M2_fp32,libero_spatial,7,312,0.0,1.0
bb_M2_ae_M2_fp32,libero_spatial,7,313,0.0,1.0
bb_M2_ae_M2_fp32,libero_spatial,7,314,0.0,1.0
bb_M2_ae_M2_fp32,libero_spatial,7,315,0.0,1.0
bb_M2_ae_M2_fp32,libero_spatial,7,316,0.0,1.0
bb_M2_ae_M2_fp32,libero_spatial,7,317,0.0,1.0
bb_M2_ae_M2_fp32,libero_spatial,7,318,0.0,1.0
bb_M2_ae_M2_fp32,libero_spatial,7,319,0.84375,0.15625
bb_M2_ae_M2_fp32,libero_spatial,8,320,1.0,0.0
bb_M2_ae_M2_fp32,libero_spatial,8,321,0.0,1.0
bb_M2_ae_M2_fp32,libero_spatial,8,322,0.0,1.0
bb_M2_ae_M2_fp32,libero_spatial,8,323,0.875,0.125
bb_M2_ae_M2_fp32,libero_spatial,8,324,0.0,1.0
bb_M2_ae_M2_fp32,libero_spatial,8,325,0.96875,0.03125
bb_M2_ae_M2_fp32,libero_spatial,8,326,0.96875,0.03125
bb_M2_ae_M2_fp32,libero_spatial,8,327,0.875,0.125
bb_M2_ae_M2_fp32,libero_spatial,8,328,0.9375,0.0625
bb_M2_ae_M2_fp32,libero_spatial,8,329,0.84375,0.15625
bb_M2_ae_M2_fp32,libero_spatial,8,330,0.96875,0.03125
bb_M2_ae_M2_fp32,libero_spatial,8,331,0.0,1.0
bb_M2_ae_M2_fp32,libero_spatial,8,332,0.6875,0.3125
bb_M2_ae_M2_fp32,libero_spatial,8,333,0.0,1.0
bb_M2_ae_M2_fp32,libero_spatial,8,334,0.0,1.0
bb_M2_ae_M2_fp32,libero_spatial,8,335,0.0,1.0
bb_M2_ae_M2_fp32,libero_spatial,8,336,0.9375,0.0625
bb_M2_ae_M2_fp32,libero_spatial,8,337,0.6875,0.3125
bb_M2_ae_M2_fp32,libero_spatial,8,338,0.0,1.0
bb_M2_ae_M2_fp32,libero_spatial,8,339,0.96875,0.03125
bb_M2_ae_M2_fp32,libero_spatial,8,340,0.96875,0.03125
bb_M2_ae_M2_fp32,libero_spatial,8,341,0.0,1.0
bb_M2_ae_M2_fp32,libero_spatial,8,342,0.90625,0.09375
bb_M2_ae_M2_fp32,libero_spatial,8,343,0.84375,0.15625
bb_M2_ae_M2_fp32,libero_spatial,8,344,0.0,1.0
bb_M2_ae_M2_fp32,libero_spatial,8,345,0.96875,0.03125
bb_M2_ae_M2_fp32,libero_spatial,8,346,0.0,1.0
bb_M2_ae_M2_fp32,libero_spatial,8,347,0.0,1.0
bb_M2_ae_M2_fp32,libero_spatial,8,348,0.78125,0.21875
bb_M2_ae_M2_fp32,libero_spatial,8,349,0.84375,0.15625
bb_M2_ae_M2_fp32,libero_spatial,8,350,0.0,1.0
bb_M2_ae_M2_fp32,libero_spatial,8,351,0.0,1.0
bb_M2_ae_M2_fp32,libero_spatial,8,352,0.96875,0.03125
bb_M2_ae_M2_fp32,libero_spatial,8,353,0.96875,0.03125
bb_M2_ae_M2_fp32,libero_spatial,8,354,0.0,1.0
bb_M2_ae_M2_fp32,libero_spatial,8,355,0.9375,0.0625
bb_M2_ae_M2_fp32,libero_spatial,8,356,0.9375,0.0625
bb_M2_ae_M2_fp32,libero_spatial,8,357,0.8125,0.1875
bb_M2_ae_M2_fp32,libero_spatial,8,358,0.0,1.0
bb_M2_ae_M2_fp32,libero_spatial,8,359,0.0,1.0
bb_M2_ae_M2_fp32,libero_spatial,9,360,0.96875,0.03125
bb_M2_ae_M2_fp32,libero_spatial,9,361,0.9375,0.0625
bb_M2_ae_M2_fp32,libero_spatial,9,362,0.0,1.0
bb_M2_ae_M2_fp32,libero_spatial,9,363,0.0,1.0
bb_M2_ae_M2_fp32,libero_spatial,9,364,0.0,1.0
bb_M2_ae_M2_fp32,libero_spatial,9,365,0.9375,0.0625
bb_M2_ae_M2_fp32,libero_spatial,9,366,0.0,1.0
bb_M2_ae_M2_fp32,libero_spatial,9,367,0.0,1.0
bb_M2_ae_M2_fp32,libero_spatial,9,368,0.875,0.125
bb_M2_ae_M2_fp32,libero_spatial,9,369,0.0,1.0
bb_M2_ae_M2_fp32,libero_spatial,9,370,0.0,1.0
bb_M2_ae_M2_fp32,libero_spatial,9,371,0.0,1.0
bb_M2_ae_M2_fp32,libero_spatial,9,372,0.0,1.0
bb_M2_ae_M2_fp32,libero_spatial,9,373,0.0,1.0
bb_M2_ae_M2_fp32,libero_spatial,9,374,0.0,1.0
bb_M2_ae_M2_fp32,libero_spatial,9,375,0.9375,0.0625
bb_M2_ae_M2_fp32,libero_spatial,9,376,0.0,1.0
bb_M2_ae_M2_fp32,libero_spatial,9,377,0.96875,0.03125
bb_M2_ae_M2_fp32,libero_spatial,9,378,0.0,1.0
bb_M2_ae_M2_fp32,libero_spatial,9,379,0.0,1.0
bb_M2_ae_M2_fp32,libero_spatial,9,380,0.0,1.0
bb_M2_ae_M2_fp32,libero_spatial,9,381,1.0,0.0
bb_M2_ae_M2_fp32,libero_spatial,9,382,0.0,1.0
bb_M2_ae_M2_fp32,libero_spatial,9,383,0.0,1.0
bb_M2_ae_M2_fp32,libero_spatial,9,384,0.0,1.0
bb_M2_ae_M2_fp32,libero_spatial,9,385,0.0,1.0
bb_M2_ae_M2_fp32,libero_spatial,9,386,0.0,1.0
bb_M2_ae_M2_fp32,libero_spatial,9,387,0.0,1.0
bb_M2_ae_M2_fp32,libero_spatial,9,388,0.0,1.0
bb_M2_ae_M2_fp32,libero_spatial,9,389,0.0,1.0
bb_M2_ae_M2_fp32,libero_spatial,9,390,1.0,0.0
bb_M2_ae_M2_fp32,libero_spatial,9,391,0.0,1.0
bb_M2_ae_M2_fp32,libero_spatial,9,392,0.9375,0.0625
bb_M2_ae_M2_fp32,libero_spatial,9,393,0.0,1.0
bb_M2_ae_M2_fp32,libero_spatial,9,394,0.0,1.0
bb_M2_ae_M2_fp32,libero_spatial,9,395,0.0,1.0
bb_M2_ae_M2_fp32,libero_spatial,9,396,0.0,1.0
bb_M2_ae_M2_fp32,libero_spatial,9,397,0.0,1.0
bb_M2_ae_M2_fp32,libero_spatial,9,398,0.0,1.0
bb_M2_ae_M2_fp32,libero_spatial,9,399,0.0,1.0
story_plain_bb_M2_ae_M2_fp32,libero_10,0,1200,0.0,1.0
story_plain_bb_M2_ae_M2_fp32,libero_10,0,1201,0.875,0.125
story_plain_bb_M2_ae_M2_fp32,libero_10,0,1202,0.0,1.0
story_plain_bb_M2_ae_M2_fp32,libero_10,0,1203,0.0,1.0
story_plain_bb_M2_ae_M2_fp32,libero_10,0,1204,0.0,1.0
story_plain_bb_M2_ae_M2_fp32,libero_10,0,1205,0.0,1.0
story_plain_bb_M2_ae_M2_fp32,libero_10,0,1206,0.0,1.0
story_plain_bb_M2_ae_M2_fp32,libero_10,0,1207,0.0,1.0
story_plain_bb_M2_ae_M2_fp32,libero_10,0,1208,0.0,1.0
story_plain_bb_M2_ae_M2_fp32,libero_10,0,1209,0.0,1.0
story_plain_bb_M2_ae_M2_fp32,libero_10,0,1210,0.6875,0.3125
story_plain_bb_M2_ae_M2_fp32,libero_10,0,1211,0.9375,0.0625
story_plain_bb_M2_ae_M2_fp32,libero_10,0,1212,0.0,1.0
story_plain_bb_M2_ae_M2_fp32,libero_10,0,1213,0.0,1.0
story_plain_bb_M2_ae_M2_fp32,libero_10,0,1214,0.96875,0.03125
story_plain_bb_M2_ae_M2_fp32,libero_10,0,1215,1.0,0.0
story_plain_bb_M2_ae_M2_fp32,libero_10,0,1216,0.0,1.0
story_plain_bb_M2_ae_M2_fp32,libero_10,0,1217,0.0,1.0
story_plain_bb_M2_ae_M2_fp32,libero_10,0,1218,0.0,1.0
story_plain_bb_M2_ae_M2_fp32,libero_10,0,1219,0.0,1.0
story_plain_bb_M2_ae_M2_fp32,libero_10,0,1220,0.0,1.0
story_plain_bb_M2_ae_M2_fp32,libero_10,0,1221,0.84375,0.15625
story_plain_bb_M2_ae_M2_fp32,libero_10,0,1222,1.0,0.0
story_plain_bb_M2_ae_M2_fp32,libero_10,0,1223,0.0,1.0
story_plain_bb_M2_ae_M2_fp32,libero_10,0,1224,0.0,1.0
story_plain_bb_M2_ae_M2_fp32,libero_10,0,1225,0.78125,0.21875
story_plain_bb_M2_ae_M2_fp32,libero_10,0,1226,0.0,1.0
story_plain_bb_M2_ae_M2_fp32,libero_10,0,1227,1.0,0.0
story_plain_bb_M2_ae_M2_fp32,libero_10,0,1228,0.0,1.0
story_plain_bb_M2_ae_M2_fp32,libero_10,0,1229,0.0,1.0
story_plain_bb_M2_ae_M2_fp32,libero_10,0,1230,1.0,0.0
story_plain_bb_M2_ae_M2_fp32,libero_10,0,1231,0.8125,0.1875
story_plain_bb_M2_ae_M2_fp32,libero_10,0,1232,0.0,1.0
story_plain_bb_M2_ae_M2_fp32,libero_10,0,1233,0.0,1.0
story_plain_bb_M2_ae_M2_fp32,libero_10,0,1234,1.0,0.0
story_plain_bb_M2_ae_M2_fp32,libero_10,0,1235,0.0,1.0
story_plain_bb_M2_ae_M2_fp32,libero_10,0,1236,0.0,1.0
story_plain_bb_M2_ae_M2_fp32,libero_10,0,1237,0.0,1.0
story_plain_bb_M2_ae_M2_fp32,libero_10,0,1238,0.0,1.0
story_plain_bb_M2_ae_M2_fp32,libero_10,0,1239,0.65625,0.34375
story_plain_bb_M2_ae_M2_fp32,libero_10,1,1240,0.875,0.125
story_plain_bb_M2_ae_M2_fp32,libero_10,1,1241,0.75,0.25
story_plain_bb_M2_ae_M2_fp32,libero_10,1,1242,0.9375,0.0625
story_plain_bb_M2_ae_M2_fp32,libero_10,1,1243,0.0,1.0
story_plain_bb_M2_ae_M2_fp32,libero_10,1,1244,1.0,0.0
story_plain_bb_M2_ae_M2_fp32,libero_10,1,1245,0.9375,0.0625
story_plain_bb_M2_ae_M2_fp32,libero_10,1,1246,0.0,1.0
story_plain_bb_M2_ae_M2_fp32,libero_10,1,1247,0.84375,0.15625
story_plain_bb_M2_ae_M2_fp32,libero_10,1,1248,0.0,1.0
story_plain_bb_M2_ae_M2_fp32,libero_10,1,1249,0.0,1.0
story_plain_bb_M2_ae_M2_fp32,libero_10,1,1250,0.75,0.25
story_plain_bb_M2_ae_M2_fp32,libero_10,1,1251,0.96875,0.03125
story_plain_bb_M2_ae_M2_fp32,libero_10,1,1252,0.84375,0.15625
story_plain_bb_M2_ae_M2_fp32,libero_10,1,1253,0.9375,0.0625
story_plain_bb_M2_ae_M2_fp32,libero_10,1,1254,0.0,1.0
story_plain_bb_M2_ae_M2_fp32,libero_10,1,1255,0.96875,0.03125
story_plain_bb_M2_ae_M2_fp32,libero_10,1,1256,1.0,0.0
story_plain_bb_M2_ae_M2_fp32,libero_10,1,1257,1.0,0.0
story_plain_bb_M2_ae_M2_fp32,libero_10,1,1258,1.0,0.0
story_plain_bb_M2_ae_M2_fp32,libero_10,1,1259,0.90625,0.09375
story_plain_bb_M2_ae_M2_fp32,libero_10,1,1260,0.90625,0.09375
story_plain_bb_M2_ae_M2_fp32,libero_10,1,1261,0.0,1.0
story_plain_bb_M2_ae_M2_fp32,libero_10,1,1262,1.0,0.0
story_plain_bb_M2_ae_M2_fp32,libero_10,1,1263,0.0,1.0
story_plain_bb_M2_ae_M2_fp32,libero_10,1,1264,0.0,1.0
story_plain_bb_M2_ae_M2_fp32,libero_10,1,1265,0.875,0.125
story_plain_bb_M2_ae_M2_fp32,libero_10,1,1266,0.9375,0.0625
story_plain_bb_M2_ae_M2_fp32,libero_10,1,1267,0.875,0.125
story_plain_bb_M2_ae_M2_fp32,libero_10,1,1268,0.0,1.0
story_plain_bb_M2_ae_M2_fp32,libero_10,1,1269,0.0,1.0
story_plain_bb_M2_ae_M2_fp32,libero_10,1,1270,0.0,1.0
story_plain_bb_M2_ae_M2_fp32,libero_10,1,1271,0.59375,0.40625
story_plain_bb_M2_ae_M2_fp32,libero_10,1,1272,0.0,1.0
story_plain_bb_M2_ae_M2_fp32,libero_10,1,1273,0.0,1.0
story_plain_bb_M2_ae_M2_fp32,libero_10,1,1274,0.0,1.0
story_plain_bb_M2_ae_M2_fp32,libero_10,1,1275,0.9375,0.0625
story_plain_bb_M2_ae_M2_fp32,libero_10,1,1276,1.0,0.0
story_plain_bb_M2_ae_M2_fp32,libero_10,1,1277,0.0,1.0
story_plain_bb_M2_ae_M2_fp32,libero_10,1,1278,0.875,0.125
story_plain_bb_M2_ae_M2_fp32,libero_10,1,1279,0.96875,0.03125
story_plain_bb_M2_ae_M2_fp32,libero_10,2,1280,0.0,1.0
story_plain_bb_M2_ae_M2_fp32,libero_10,2,1281,0.84375,0.15625
story_plain_bb_M2_ae_M2_fp32,libero_10,2,1282,0.78125,0.21875
story_plain_bb_M2_ae_M2_fp32,libero_10,2,1283,0.4375,0.5625
story_plain_bb_M2_ae_M2_fp32,libero_10,2,1284,0.96875,0.03125
story_plain_bb_M2_ae_M2_fp32,libero_10,2,1285,1.0,0.0
story_plain_bb_M2_ae_M2_fp32,libero_10,2,1286,0.0,1.0
story_plain_bb_M2_ae_M2_fp32,libero_10,2,1287,0.96875,0.03125
story_plain_bb_M2_ae_M2_fp32,libero_10,2,1288,0.75,0.25
story_plain_bb_M2_ae_M2_fp32,libero_10,2,1289,0.90625,0.09375
story_plain_bb_M2_ae_M2_fp32,libero_10,2,1290,0.96875,0.03125
story_plain_bb_M2_ae_M2_fp32,libero_10,2,1291,0.9375,0.0625
story_plain_bb_M2_ae_M2_fp32,libero_10,2,1292,0.9375,0.0625
story_plain_bb_M2_ae_M2_fp32,libero_10,2,1293,1.0,0.0
story_plain_bb_M2_ae_M2_fp32,libero_10,2,1294,0.90625,0.09375
story_plain_bb_M2_ae_M2_fp32,libero_10,2,1295,0.84375,0.125
story_plain_bb_M2_ae_M2_fp32,libero_10,2,1296,0.90625,0.09375
story_plain_bb_M2_ae_M2_fp32,libero_10,2,1297,1.0,0.0
story_plain_bb_M2_ae_M2_fp32,libero_10,2,1298,0.21875,0.78125
story_plain_bb_M2_ae_M2_fp32,libero_10,2,1299,1.0,0.0
story_plain_bb_M2_ae_M2_fp32,libero_10,2,1300,1.0,0.0
story_plain_bb_M2_ae_M2_fp32,libero_10,2,1301,0.84375,0.15625
story_plain_bb_M2_ae_M2_fp32,libero_10,2,1302,0.0,1.0
story_plain_bb_M2_ae_M2_fp32,libero_10,2,1303,0.65625,0.34375
story_plain_bb_M2_ae_M2_fp32,libero_10,2,1304,1.0,0.0
story_plain_bb_M2_ae_M2_fp32,libero_10,2,1305,0.71875,0.28125
story_plain_bb_M2_ae_M2_fp32,libero_10,2,1306,0.5,0.5
story_plain_bb_M2_ae_M2_fp32,libero_10,2,1307,0.84375,0.15625
story_plain_bb_M2_ae_M2_fp32,libero_10,2,1308,1.0,0.0
story_plain_bb_M2_ae_M2_fp32,libero_10,2,1309,0.8125,0.1875
story_plain_bb_M2_ae_M2_fp32,libero_10,2,1310,0.96875,0.03125
story_plain_bb_M2_ae_M2_fp32,libero_10,2,1311,0.625,0.375
story_plain_bb_M2_ae_M2_fp32,libero_10,2,1312,1.0,0.0
story_plain_bb_M2_ae_M2_fp32,libero_10,2,1313,1.0,0.0
story_plain_bb_M2_ae_M2_fp32,libero_10,2,1314,1.0,0.0
story_plain_bb_M2_ae_M2_fp32,libero_10,2,1315,0.0,1.0
story_plain_bb_M2_ae_M2_fp32,libero_10,2,1316,0.90625,0.09375
story_plain_bb_M2_ae_M2_fp32,libero_10,2,1317,0.0,1.0
story_plain_bb_M2_ae_M2_fp32,libero_10,2,1318,0.90625,0.09375
story_plain_bb_M2_ae_M2_fp32,libero_10,2,1319,1.0,0.0
story_plain_bb_M2_ae_M2_fp32,libero_10,3,1320,1.0,0.0
story_plain_bb_M2_ae_M2_fp32,libero_10,3,1321,0.0,1.0
story_plain_bb_M2_ae_M2_fp32,libero_10,3,1322,0.0,1.0
story_plain_bb_M2_ae_M2_fp32,libero_10,3,1323,0.0,1.0
story_plain_bb_M2_ae_M2_fp32,libero_10,3,1324,0.96875,0.03125
story_plain_bb_M2_ae_M2_fp32,libero_10,3,1325,1.0,0.0
story_plain_bb_M2_ae_M2_fp32,libero_10,3,1326,0.9375,0.0625
story_plain_bb_M2_ae_M2_fp32,libero_10,3,1327,1.0,0.0
story_plain_bb_M2_ae_M2_fp32,libero_10,3,1328,1.0,0.0
story_plain_bb_M2_ae_M2_fp32,libero_10,3,1329,0.0,1.0
story_plain_bb_M2_ae_M2_fp32,libero_10,3,1330,1.0,0.0
story_plain_bb_M2_ae_M2_fp32,libero_10,3,1331,1.0,0.0
story_plain_bb_M2_ae_M2_fp32,libero_10,3,1332,0.96875,0.03125
story_plain_bb_M2_ae_M2_fp32,libero_10,3,1333,1.0,0.0
story_plain_bb_M2_ae_M2_fp32,libero_10,3,1334,0.0,1.0
story_plain_bb_M2_ae_M2_fp32,libero_10,3,1335,1.0,0.0
story_plain_bb_M2_ae_M2_fp32,libero_10,3,1336,0.90625,0.09375
story_plain_bb_M2_ae_M2_fp32,libero_10,3,1337,1.0,0.0
story_plain_bb_M2_ae_M2_fp32,libero_10,3,1338,1.0,0.0
story_plain_bb_M2_ae_M2_fp32,libero_10,3,1339,0.96875,0.03125
story_plain_bb_M2_ae_M2_fp32,libero_10,3,1340,1.0,0.0
story_plain_bb_M2_ae_M2_fp32,libero_10,3,1341,0.0,1.0
story_plain_bb_M2_ae_M2_fp32,libero_10,3,1342,0.0,1.0
story_plain_bb_M2_ae_M2_fp32,libero_10,3,1343,0.0,1.0
story_plain_bb_M2_ae_M2_fp32,libero_10,3,1344,1.0,0.0
story_plain_bb_M2_ae_M2_fp32,libero_10,3,1345,0.9375,0.0625
story_plain_bb_M2_ae_M2_fp32,libero_10,3,1346,0.875,0.125
story_plain_bb_M2_ae_M2_fp32,libero_10,3,1347,0.9375,0.0625
story_plain_bb_M2_ae_M2_fp32,libero_10,3,1348,0.0,1.0
story_plain_bb_M2_ae_M2_fp32,libero_10,3,1349,0.0,1.0
story_plain_bb_M2_ae_M2_fp32,libero_10,3,1350,0.96875,0.03125
story_plain_bb_M2_ae_M2_fp32,libero_10,3,1351,0.96875,0.03125
story_plain_bb_M2_ae_M2_fp32,libero_10,3,1352,0.0,1.0
story_plain_bb_M2_ae_M2_fp32,libero_10,3,1353,0.9375,0.0625
story_plain_bb_M2_ae_M2_fp32,libero_10,3,1354,0.84375,0.15625
story_plain_bb_M2_ae_M2_fp32,libero_10,3,1355,0.96875,0.03125
story_plain_bb_M2_ae_M2_fp32,libero_10,3,1356,0.0,1.0
story_plain_bb_M2_ae_M2_fp32,libero_10,3,1357,0.0,1.0
story_plain_bb_M2_ae_M2_fp32,libero_10,3,1358,0.0,1.0
story_plain_bb_M2_ae_M2_fp32,libero_10,3,1359,0.96875,0.03125
story_plain_bb_M2_ae_M2_fp32,libero_10,4,1360,0.0,1.0
story_plain_bb_M2_ae_M2_fp32,libero_10,4,1361,0.0,1.0
story_plain_bb_M2_ae_M2_fp32,libero_10,4,1362,0.96875,0.03125
story_plain_bb_M2_ae_M2_fp32,libero_10,4,1363,0.03125,0.96875
story_plain_bb_M2_ae_M2_fp32,libero_10,4,1364,0.96875,0.03125
story_plain_bb_M2_ae_M2_fp32,libero_10,4,1365,0.875,0.125
story_plain_bb_M2_ae_M2_fp32,libero_10,4,1366,0.8125,0.1875
story_plain_bb_M2_ae_M2_fp32,libero_10,4,1367,1.0,0.0
story_plain_bb_M2_ae_M2_fp32,libero_10,4,1368,0.78125,0.21875
story_plain_bb_M2_ae_M2_fp32,libero_10,4,1369,0.0,1.0
story_plain_bb_M2_ae_M2_fp32,libero_10,4,1370,0.0,1.0
story_plain_bb_M2_ae_M2_fp32,libero_10,4,1371,0.84375,0.15625
story_plain_bb_M2_ae_M2_fp32,libero_10,4,1372,0.0,1.0
story_plain_bb_M2_ae_M2_fp32,libero_10,4,1373,0.0,1.0
story_plain_bb_M2_ae_M2_fp32,libero_10,4,1374,1.0,0.0
story_plain_bb_M2_ae_M2_fp32,libero_10,4,1375,0.0,1.0
story_plain_bb_M2_ae_M2_fp32,libero_10,4,1376,0.59375,0.40625
story_plain_bb_M2_ae_M2_fp32,libero_10,4,1377,0.90625,0.09375
story_plain_bb_M2_ae_M2_fp32,libero_10,4,1378,0.3125,0.6875
story_plain_bb_M2_ae_M2_fp32,libero_10,4,1379,0.0,1.0
story_plain_bb_M2_ae_M2_fp32,libero_10,4,1380,0.0,1.0
story_plain_bb_M2_ae_M2_fp32,libero_10,4,1381,0.96875,0.03125
story_plain_bb_M2_ae_M2_fp32,libero_10,4,1382,0.96875,0.03125
story_plain_bb_M2_ae_M2_fp32,libero_10,4,1383,0.0,1.0
story_plain_bb_M2_ae_M2_fp32,libero_10,4,1384,0.0,1.0
story_plain_bb_M2_ae_M2_fp32,libero_10,4,1385,0.0,1.0
story_plain_bb_M2_ae_M2_fp32,libero_10,4,1386,0.0,1.0
story_plain_bb_M2_ae_M2_fp32,libero_10,4,1387,0.0,1.0
story_plain_bb_M2_ae_M2_fp32,libero_10,4,1388,0.0,1.0
story_plain_bb_M2_ae_M2_fp32,libero_10,4,1389,0.0,1.0
story_plain_bb_M2_ae_M2_fp32,libero_10,4,1390,0.75,0.25
story_plain_bb_M2_ae_M2_fp32,libero_10,4,1391,0.0,1.0
story_plain_bb_M2_ae_M2_fp32,libero_10,4,1392,0.0,1.0
story_plain_bb_M2_ae_M2_fp32,libero_10,4,1393,0.0,1.0
story_plain_bb_M2_ae_M2_fp32,libero_10,4,1394,0.84375,0.15625
story_plain_bb_M2_ae_M2_fp32,libero_10,4,1395,0.0,1.0
story_plain_bb_M2_ae_M2_fp32,libero_10,4,1396,0.0,1.0
story_plain_bb_M2_ae_M2_fp32,libero_10,4,1397,0.78125,0.1875
story_plain_bb_M2_ae_M2_fp32,libero_10,4,1398,1.0,0.0
story_plain_bb_M2_ae_M2_fp32,libero_10,4,1399,0.78125,0.21875
story_plain_bb_M2_ae_M2_fp32,libero_10,5,1400,0.875,0.125
story_plain_bb_M2_ae_M2_fp32,libero_10,5,1401,0.0,1.0
story_plain_bb_M2_ae_M2_fp32,libero_10,5,1402,0.90625,0.09375
story_plain_bb_M2_ae_M2_fp32,libero_10,5,1403,0.0,1.0
story_plain_bb_M2_ae_M2_fp32,libero_10,5,1404,0.9375,0.0625
story_plain_bb_M2_ae_M2_fp32,libero_10,5,1405,1.0,0.0
story_plain_bb_M2_ae_M2_fp32,libero_10,5,1406,0.96875,0.03125
story_plain_bb_M2_ae_M2_fp32,libero_10,5,1407,0.90625,0.09375
story_plain_bb_M2_ae_M2_fp32,libero_10,5,1408,0.0,1.0
story_plain_bb_M2_ae_M2_fp32,libero_10,5,1409,0.8125,0.1875
story_plain_bb_M2_ae_M2_fp32,libero_10,5,1410,0.0,1.0
story_plain_bb_M2_ae_M2_fp32,libero_10,5,1411,1.0,0.0
story_plain_bb_M2_ae_M2_fp32,libero_10,5,1412,0.0,1.0
story_plain_bb_M2_ae_M2_fp32,libero_10,5,1413,0.5,0.5
story_plain_bb_M2_ae_M2_fp32,libero_10,5,1414,0.90625,0.09375
story_plain_bb_M2_ae_M2_fp32,libero_10,5,1415,0.0,1.0
story_plain_bb_M2_ae_M2_fp32,libero_10,5,1416,0.96875,0.03125
story_plain_bb_M2_ae_M2_fp32,libero_10,5,1417,0.78125,0.21875
story_plain_bb_M2_ae_M2_fp32,libero_10,5,1418,0.96875,0.03125
story_plain_bb_M2_ae_M2_fp32,libero_10,5,1419,0.96875,0.03125
story_plain_bb_M2_ae_M2_fp32,libero_10,5,1420,1.0,0.0
story_plain_bb_M2_ae_M2_fp32,libero_10,5,1421,0.875,0.125
story_plain_bb_M2_ae_M2_fp32,libero_10,5,1422,0.84375,0.15625
story_plain_bb_M2_ae_M2_fp32,libero_10,5,1423,0.0,1.0
story_plain_bb_M2_ae_M2_fp32,libero_10,5,1424,0.9375,0.0625
story_plain_bb_M2_ae_M2_fp32,libero_10,5,1425,0.96875,0.03125
story_plain_bb_M2_ae_M2_fp32,libero_10,5,1426,0.0,1.0
story_plain_bb_M2_ae_M2_fp32,libero_10,5,1427,0.0,1.0
story_plain_bb_M2_ae_M2_fp32,libero_10,5,1428,1.0,0.0
story_plain_bb_M2_ae_M2_fp32,libero_10,5,1429,0.9375,0.0625
story_plain_bb_M2_ae_M2_fp32,libero_10,5,1430,0.96875,0.03125
story_plain_bb_M2_ae_M2_fp32,libero_10,5,1431,0.84375,0.15625
story_plain_bb_M2_ae_M2_fp32,libero_10,5,1432,0.8125,0.1875
story_plain_bb_M2_ae_M2_fp32,libero_10,5,1433,0.0,1.0
story_plain_bb_M2_ae_M2_fp32,libero_10,5,1434,0.75,0.25
story_plain_bb_M2_ae_M2_fp32,libero_10,5,1435,1.0,0.0
story_plain_bb_M2_ae_M2_fp32,libero_10,5,1436,0.78125,0.21875
story_plain_bb_M2_ae_M2_fp32,libero_10,5,1437,0.0,1.0
story_plain_bb_M2_ae_M2_fp32,libero_10,5,1438,1.0,0.0
story_plain_bb_M2_ae_M2_fp32,libero_10,5,1439,0.65625,0.34375
story_plain_bb_M2_ae_M2_fp32,libero_10,6,1440,1.0,0.0
story_plain_bb_M2_ae_M2_fp32,libero_10,6,1441,0.0,1.0
story_plain_bb_M2_ae_M2_fp32,libero_10,6,1442,0.0,1.0
story_plain_bb_M2_ae_M2_fp32,libero_10,6,1443,0.0,1.0
story_plain_bb_M2_ae_M2_fp32,libero_10,6,1444,0.0,1.0
story_plain_bb_M2_ae_M2_fp32,libero_10,6,1445,0.0,1.0
story_plain_bb_M2_ae_M2_fp32,libero_10,6,1446,1.0,0.0
story_plain_bb_M2_ae_M2_fp32,libero_10,6,1447,0.0,1.0
story_plain_bb_M2_ae_M2_fp32,libero_10,6,1448,0.0,1.0
story_plain_bb_M2_ae_M2_fp32,libero_10,6,1449,0.0,1.0
story_plain_bb_M2_ae_M2_fp32,libero_10,6,1450,0.0,1.0
story_plain_bb_M2_ae_M2_fp32,libero_10,6,1451,0.0,1.0
story_plain_bb_M2_ae_M2_fp32,libero_10,6,1452,0.0,1.0
story_plain_bb_M2_ae_M2_fp32,libero_10,6,1453,0.96875,0.03125
story_plain_bb_M2_ae_M2_fp32,libero_10,6,1454,0.0,1.0
story_plain_bb_M2_ae_M2_fp32,libero_10,6,1455,0.0,1.0
story_plain_bb_M2_ae_M2_fp32,libero_10,6,1456,0.0,1.0
story_plain_bb_M2_ae_M2_fp32,libero_10,6,1457,0.0,1.0
story_plain_bb_M2_ae_M2_fp32,libero_10,6,1458,0.0,1.0
story_plain_bb_M2_ae_M2_fp32,libero_10,6,1459,0.9375,0.0625
story_plain_bb_M2_ae_M2_fp32,libero_10,6,1460,0.0,1.0
story_plain_bb_M2_ae_M2_fp32,libero_10,6,1461,0.0,1.0
story_plain_bb_M2_ae_M2_fp32,libero_10,6,1462,0.0,1.0
story_plain_bb_M2_ae_M2_fp32,libero_10,6,1463,0.0,1.0
story_plain_bb_M2_ae_M2_fp32,libero_10,6,1464,0.90625,0.09375
story_plain_bb_M2_ae_M2_fp32,libero_10,6,1465,0.0,1.0
story_plain_bb_M2_ae_M2_fp32,libero_10,6,1466,0.0,1.0
story_plain_bb_M2_ae_M2_fp32,libero_10,6,1467,0.0,1.0
story_plain_bb_M2_ae_M2_fp32,libero_10,6,1468,0.0,1.0
story_plain_bb_M2_ae_M2_fp32,libero_10,6,1469,0.0,1.0
story_plain_bb_M2_ae_M2_fp32,libero_10,6,1470,0.0,1.0
story_plain_bb_M2_ae_M2_fp32,libero_10,6,1471,0.96875,0.03125
story_plain_bb_M2_ae_M2_fp32,libero_10,6,1472,0.0,1.0
story_plain_bb_M2_ae_M2_fp32,libero_10,6,1473,0.0,1.0
story_plain_bb_M2_ae_M2_fp32,libero_10,6,1474,0.0,1.0
story_plain_bb_M2_ae_M2_fp32,libero_10,6,1475,0.0,1.0
story_plain_bb_M2_ae_M2_fp32,libero_10,6,1476,0.0,1.0
story_plain_bb_M2_ae_M2_fp32,libero_10,6,1477,0.0,1.0
story_plain_bb_M2_ae_M2_fp32,libero_10,6,1478,1.0,0.0
story_plain_bb_M2_ae_M2_fp32,libero_10,6,1479,1.0,0.0
story_plain_bb_M2_ae_M2_fp32,libero_10,7,1480,0.0,1.0
story_plain_bb_M2_ae_M2_fp32,libero_10,7,1481,0.0,1.0
story_plain_bb_M2_ae_M2_fp32,libero_10,7,1482,0.0,1.0
story_plain_bb_M2_ae_M2_fp32,libero_10,7,1483,0.78125,0.21875
story_plain_bb_M2_ae_M2_fp32,libero_10,7,1484,0.46875,0.53125
story_plain_bb_M2_ae_M2_fp32,libero_10,7,1485,0.0,1.0
story_plain_bb_M2_ae_M2_fp32,libero_10,7,1486,0.0,1.0
story_plain_bb_M2_ae_M2_fp32,libero_10,7,1487,0.96875,0.03125
story_plain_bb_M2_ae_M2_fp32,libero_10,7,1488,0.0,1.0
story_plain_bb_M2_ae_M2_fp32,libero_10,7,1489,0.0,1.0
story_plain_bb_M2_ae_M2_fp32,libero_10,7,1490,0.96875,0.03125
story_plain_bb_M2_ae_M2_fp32,libero_10,7,1491,0.0,1.0
story_plain_bb_M2_ae_M2_fp32,libero_10,7,1492,0.0,1.0
story_plain_bb_M2_ae_M2_fp32,libero_10,7,1493,0.0,1.0
story_plain_bb_M2_ae_M2_fp32,libero_10,7,1494,0.0,1.0
story_plain_bb_M2_ae_M2_fp32,libero_10,7,1495,0.0,1.0
story_plain_bb_M2_ae_M2_fp32,libero_10,7,1496,0.0,1.0
story_plain_bb_M2_ae_M2_fp32,libero_10,7,1497,0.84375,0.15625
story_plain_bb_M2_ae_M2_fp32,libero_10,7,1498,0.0,1.0
story_plain_bb_M2_ae_M2_fp32,libero_10,7,1499,0.40625,0.59375
story_plain_bb_M2_ae_M2_fp32,libero_10,7,1500,0.0,1.0
story_plain_bb_M2_ae_M2_fp32,libero_10,7,1501,0.0,1.0
story_plain_bb_M2_ae_M2_fp32,libero_10,7,1502,0.0,1.0
story_plain_bb_M2_ae_M2_fp32,libero_10,7,1503,0.0,1.0
story_plain_bb_M2_ae_M2_fp32,libero_10,7,1504,0.96875,0.03125
story_plain_bb_M2_ae_M2_fp32,libero_10,7,1505,0.0,1.0
story_plain_bb_M2_ae_M2_fp32,libero_10,7,1506,0.0,1.0
story_plain_bb_M2_ae_M2_fp32,libero_10,7,1507,0.0,1.0
story_plain_bb_M2_ae_M2_fp32,libero_10,7,1508,0.9375,0.0625
story_plain_bb_M2_ae_M2_fp32,libero_10,7,1509,0.0,1.0
story_plain_bb_M2_ae_M2_fp32,libero_10,7,1510,0.0,1.0
story_plain_bb_M2_ae_M2_fp32,libero_10,7,1511,0.0,1.0
story_plain_bb_M2_ae_M2_fp32,libero_10,7,1512,0.9375,0.0625
story_plain_bb_M2_ae_M2_fp32,libero_10,7,1513,0.0,1.0
story_plain_bb_M2_ae_M2_fp32,libero_10,7,1514,0.0,1.0
story_plain_bb_M2_ae_M2_fp32,libero_10,7,1515,0.0,1.0
story_plain_bb_M2_ae_M2_fp32,libero_10,7,1516,0.84375,0.15625
story_plain_bb_M2_ae_M2_fp32,libero_10,7,1517,0.0,1.0
story_plain_bb_M2_ae_M2_fp32,libero_10,7,1518,0.0,1.0
story_plain_bb_M2_ae_M2_fp32,libero_10,7,1519,0.9375,0.0625
story_plain_bb_M2_ae_M2_fp32,libero_10,8,1520,1.0,0.0
story_plain_bb_M2_ae_M2_fp32,libero_10,8,1521,0.0,1.0
story_plain_bb_M2_ae_M2_fp32,libero_10,8,1522,1.0,0.0
story_plain_bb_M2_ae_M2_fp32,libero_10,8,1523,0.8125,0.1875
story_plain_bb_M2_ae_M2_fp32,libero_10,8,1524,0.0,1.0
story_plain_bb_M2_ae_M2_fp32,libero_10,8,1525,0.0,1.0
story_plain_bb_M2_ae_M2_fp32,libero_10,8,1526,0.0,1.0
story_plain_bb_M2_ae_M2_fp32,libero_10,8,1527,0.0,1.0
story_plain_bb_M2_ae_M2_fp32,libero_10,8,1528,0.0,1.0
story_plain_bb_M2_ae_M2_fp32,libero_10,8,1529,1.0,0.0
story_plain_bb_M2_ae_M2_fp32,libero_10,8,1530,0.90625,0.09375
story_plain_bb_M2_ae_M2_fp32,libero_10,8,1531,0.96875,0.03125
story_plain_bb_M2_ae_M2_fp32,libero_10,8,1532,0.0,1.0
story_plain_bb_M2_ae_M2_fp32,libero_10,8,1533,1.0,0.0
story_plain_bb_M2_ae_M2_fp32,libero_10,8,1534,1.0,0.0
story_plain_bb_M2_ae_M2_fp32,libero_10,8,1535,1.0,0.0
story_plain_bb_M2_ae_M2_fp32,libero_10,8,1536,0.0,1.0
story_plain_bb_M2_ae_M2_fp32,libero_10,8,1537,0.9375,0.0625
story_plain_bb_M2_ae_M2_fp32,libero_10,8,1538,0.84375,0.15625
story_plain_bb_M2_ae_M2_fp32,libero_10,8,1539,0.0,1.0
story_plain_bb_M2_ae_M2_fp32,libero_10,8,1540,0.96875,0.03125
story_plain_bb_M2_ae_M2_fp32,libero_10,8,1541,1.0,0.0
story_plain_bb_M2_ae_M2_fp32,libero_10,8,1542,0.65625,0.34375
story_plain_bb_M2_ae_M2_fp32,libero_10,8,1543,0.71875,0.28125
story_plain_bb_M2_ae_M2_fp32,libero_10,8,1544,0.75,0.25
story_plain_bb_M2_ae_M2_fp32,libero_10,8,1545,0.84375,0.15625
story_plain_bb_M2_ae_M2_fp32,libero_10,8,1546,0.875,0.125
story_plain_bb_M2_ae_M2_fp32,libero_10,8,1547,0.0,1.0
story_plain_bb_M2_ae_M2_fp32,libero_10,8,1548,0.625,0.375
story_plain_bb_M2_ae_M2_fp32,libero_10,8,1549,0.40625,0.59375
story_plain_bb_M2_ae_M2_fp32,libero_10,8,1550,0.75,0.25
story_plain_bb_M2_ae_M2_fp32,libero_10,8,1551,0.0625,0.9375
story_plain_bb_M2_ae_M2_fp32,libero_10,8,1552,0.0,1.0
story_plain_bb_M2_ae_M2_fp32,libero_10,8,1553,0.0,1.0
story_plain_bb_M2_ae_M2_fp32,libero_10,8,1554,0.0,1.0
story_plain_bb_M2_ae_M2_fp32,libero_10,8,1555,0.0,1.0
story_plain_bb_M2_ae_M2_fp32,libero_10,8,1556,0.0,1.0
story_plain_bb_M2_ae_M2_fp32,libero_10,8,1557,0.875,0.125
story_plain_bb_M2_ae_M2_fp32,libero_10,8,1558,0.90625,0.09375
story_plain_bb_M2_ae_M2_fp32,libero_10,8,1559,0.0,1.0
story_plain_bb_M2_ae_M2_fp32,libero_10,9,1560,1.0,0.0
story_plain_bb_M2_ae_M2_fp32,libero_10,9,1561,0.875,0.125
story_plain_bb_M2_ae_M2_fp32,libero_10,9,1562,0.0,1.0
story_plain_bb_M2_ae_M2_fp32,libero_10,9,1563,0.90625,0.09375
story_plain_bb_M2_ae_M2_fp32,libero_10,9,1564,1.0,0.0
story_plain_bb_M2_ae_M2_fp32,libero_10,9,1565,0.84375,0.15625
story_plain_bb_M2_ae_M2_fp32,libero_10,9,1566,1.0,0.0
story_plain_bb_M2_ae_M2_fp32,libero_10,9,1567,0.0,1.0
story_plain_bb_M2_ae_M2_fp32,libero_10,9,1568,0.90625,0.09375
story_plain_bb_M2_ae_M2_fp32,libero_10,9,1569,0.96875,0.03125
story_plain_bb_M2_ae_M2_fp32,libero_10,9,1570,0.8125,0.1875
story_plain_bb_M2_ae_M2_fp32,libero_10,9,1571,0.8125,0.1875
story_plain_bb_M2_ae_M2_fp32,libero_10,9,1572,0.0,1.0
story_plain_bb_M2_ae_M2_fp32,libero_10,9,1573,1.0,0.0
story_plain_bb_M2_ae_M2_fp32,libero_10,9,1574,1.0,0.0
story_plain_bb_M2_ae_M2_fp32,libero_10,9,1575,0.0,1.0
story_plain_bb_M2_ae_M2_fp32,libero_10,9,1576,0.0,1.0
story_plain_bb_M2_ae_M2_fp32,libero_10,9,1577,0.90625,0.09375
story_plain_bb_M2_ae_M2_fp32,libero_10,9,1578,0.9375,0.0625
story_plain_bb_M2_ae_M2_fp32,libero_10,9,1579,0.03125,0.96875
story_plain_bb_M2_ae_M2_fp32,libero_10,9,1580,0.75,0.25
story_plain_bb_M2_ae_M2_fp32,libero_10,9,1581,0.59375,0.40625
story_plain_bb_M2_ae_M2_fp32,libero_10,9,1582,0.0,1.0
story_plain_bb_M2_ae_M2_fp32,libero_10,9,1583,0.96875,0.03125
story_plain_bb_M2_ae_M2_fp32,libero_10,9,1584,0.0,1.0
story_plain_bb_M2_ae_M2_fp32,libero_10,9,1585,0.6875,0.3125
story_plain_bb_M2_ae_M2_fp32,libero_10,9,1586,0.9375,0.0625
story_plain_bb_M2_ae_M2_fp32,libero_10,9,1587,0.90625,0.09375
story_plain_bb_M2_ae_M2_fp32,libero_10,9,1588,0.0,1.0
story_plain_bb_M2_ae_M2_fp32,libero_10,9,1589,0.0,1.0
story_plain_bb_M2_ae_M2_fp32,libero_10,9,1590,0.9375,0.0625
story_plain_bb_M2_ae_M2_fp32,libero_10,9,1591,0.0,1.0
story_plain_bb_M2_ae_M2_fp32,libero_10,9,1592,1.0,0.0
story_plain_bb_M2_ae_M2_fp32,libero_10,9,1593,0.0,1.0
story_plain_bb_M2_ae_M2_fp32,libero_10,9,1594,0.0,1.0
story_plain_bb_M2_ae_M2_fp32,libero_10,9,1595,0.90625,0.09375
story_plain_bb_M2_ae_M2_fp32,libero_10,9,1596,0.96875,0.03125
story_plain_bb_M2_ae_M2_fp32,libero_10,9,1597,0.875,0.125
story_plain_bb_M2_ae_M2_fp32,libero_10,9,1598,0.0,1.0
story_plain_bb_M2_ae_M2_fp32,libero_10,9,1599,1.0,0.0
story_plain_bb_M2_ae_M2_fp32,libero_goal,0,800,0.0,1.0
story_plain_bb_M2_ae_M2_fp32,libero_goal,0,801,0.0,1.0
story_plain_bb_M2_ae_M2_fp32,libero_goal,0,802,0.0,1.0
story_plain_bb_M2_ae_M2_fp32,libero_goal,0,803,0.0,1.0
story_plain_bb_M2_ae_M2_fp32,libero_goal,0,804,0.0,1.0
story_plain_bb_M2_ae_M2_fp32,libero_goal,0,805,0.0,1.0
story_plain_bb_M2_ae_M2_fp32,libero_goal,0,806,0.0,1.0
story_plain_bb_M2_ae_M2_fp32,libero_goal,0,807,0.0,1.0
story_plain_bb_M2_ae_M2_fp32,libero_goal,0,808,0.96875,0.03125
story_plain_bb_M2_ae_M2_fp32,libero_goal,0,809,0.875,0.125
story_plain_bb_M2_ae_M2_fp32,libero_goal,0,810,0.0,1.0
story_plain_bb_M2_ae_M2_fp32,libero_goal,0,811,0.0,1.0
story_plain_bb_M2_ae_M2_fp32,libero_goal,0,812,0.0,1.0
story_plain_bb_M2_ae_M2_fp32,libero_goal,0,813,0.8125,0.1875
story_plain_bb_M2_ae_M2_fp32,libero_goal,0,814,0.0,1.0
story_plain_bb_M2_ae_M2_fp32,libero_goal,0,815,0.9375,0.0625
story_plain_bb_M2_ae_M2_fp32,libero_goal,0,816,0.0,1.0
story_plain_bb_M2_ae_M2_fp32,libero_goal,0,817,0.0,1.0
story_plain_bb_M2_ae_M2_fp32,libero_goal,0,818,0.0,1.0
story_plain_bb_M2_ae_M2_fp32,libero_goal,0,819,1.0,0.0
story_plain_bb_M2_ae_M2_fp32,libero_goal,0,820,0.0,1.0
story_plain_bb_M2_ae_M2_fp32,libero_goal,0,821,0.96875,0.03125
story_plain_bb_M2_ae_M2_fp32,libero_goal,0,822,0.59375,0.40625
story_plain_bb_M2_ae_M2_fp32,libero_goal,0,823,0.0,1.0
story_plain_bb_M2_ae_M2_fp32,libero_goal,0,824,0.96875,0.03125
story_plain_bb_M2_ae_M2_fp32,libero_goal,0,825,0.0,1.0
story_plain_bb_M2_ae_M2_fp32,libero_goal,0,826,0.0,1.0
story_plain_bb_M2_ae_M2_fp32,libero_goal,0,827,0.0,1.0
story_plain_bb_M2_ae_M2_fp32,libero_goal,0,828,0.8125,0.1875
story_plain_bb_M2_ae_M2_fp32,libero_goal,0,829,0.0,1.0
story_plain_bb_M2_ae_M2_fp32,libero_goal,0,830,0.0,1.0
story_plain_bb_M2_ae_M2_fp32,libero_goal,0,831,1.0,0.0
story_plain_bb_M2_ae_M2_fp32,libero_goal,0,832,0.0,1.0
story_plain_bb_M2_ae_M2_fp32,libero_goal,0,833,0.0,1.0
story_plain_bb_M2_ae_M2_fp32,libero_goal,0,834,0.0,1.0
story_plain_bb_M2_ae_M2_fp32,libero_goal,0,835,0.0,1.0
story_plain_bb_M2_ae_M2_fp32,libero_goal,0,836,0.0,1.0
story_plain_bb_M2_ae_M2_fp32,libero_goal,0,837,0.96875,0.03125
story_plain_bb_M2_ae_M2_fp32,libero_goal,0,838,0.0,1.0
story_plain_bb_M2_ae_M2_fp32,libero_goal,0,839,0.0,1.0
story_plain_bb_M2_ae_M2_fp32,libero_goal,1,840,0.90625,0.09375
story_plain_bb_M2_ae_M2_fp32,libero_goal,1,841,0.96875,0.03125
story_plain_bb_M2_ae_M2_fp32,libero_goal,1,842,0.0,1.0
story_plain_bb_M2_ae_M2_fp32,libero_goal,1,843,0.0,1.0
story_plain_bb_M2_ae_M2_fp32,libero_goal,1,844,0.0,1.0
story_plain_bb_M2_ae_M2_fp32,libero_goal,1,845,0.0,1.0
story_plain_bb_M2_ae_M2_fp32,libero_goal,1,846,0.0,1.0
story_plain_bb_M2_ae_M2_fp32,libero_goal,1,847,0.96875,0.03125
story_plain_bb_M2_ae_M2_fp32,libero_goal,1,848,0.84375,0.15625
story_plain_bb_M2_ae_M2_fp32,libero_goal,1,849,0.0,1.0
story_plain_bb_M2_ae_M2_fp32,libero_goal,1,850,1.0,0.0
story_plain_bb_M2_ae_M2_fp32,libero_goal,1,851,0.0,1.0
story_plain_bb_M2_ae_M2_fp32,libero_goal,1,852,0.96875,0.03125
story_plain_bb_M2_ae_M2_fp32,libero_goal,1,853,0.0,1.0
story_plain_bb_M2_ae_M2_fp32,libero_goal,1,854,1.0,0.0
story_plain_bb_M2_ae_M2_fp32,libero_goal,1,855,0.90625,0.09375
story_plain_bb_M2_ae_M2_fp32,libero_goal,1,856,0.0,1.0
story_plain_bb_M2_ae_M2_fp32,libero_goal,1,857,0.75,0.25
story_plain_bb_M2_ae_M2_fp32,libero_goal,1,858,0.84375,0.15625
story_plain_bb_M2_ae_M2_fp32,libero_goal,1,859,0.84375,0.15625
story_plain_bb_M2_ae_M2_fp32,libero_goal,1,860,0.0,1.0
story_plain_bb_M2_ae_M2_fp32,libero_goal,1,861,0.90625,0.09375
story_plain_bb_M2_ae_M2_fp32,libero_goal,1,862,0.0,1.0
story_plain_bb_M2_ae_M2_fp32,libero_goal,1,863,0.0,1.0
story_plain_bb_M2_ae_M2_fp32,libero_goal,1,864,1.0,0.0
story_plain_bb_M2_ae_M2_fp32,libero_goal,1,865,0.96875,0.03125
story_plain_bb_M2_ae_M2_fp32,libero_goal,1,866,1.0,0.0
story_plain_bb_M2_ae_M2_fp32,libero_goal,1,867,0.84375,0.15625
story_plain_bb_M2_ae_M2_fp32,libero_goal,1,868,1.0,0.0
story_plain_bb_M2_ae_M2_fp32,libero_goal,1,869,1.0,0.0
story_plain_bb_M2_ae_M2_fp32,libero_goal,1,870,0.65625,0.34375
story_plain_bb_M2_ae_M2_fp32,libero_goal,1,871,0.0,1.0
story_plain_bb_M2_ae_M2_fp32,libero_goal,1,872,0.90625,0.09375
story_plain_bb_M2_ae_M2_fp32,libero_goal,1,873,0.96875,0.03125
story_plain_bb_M2_ae_M2_fp32,libero_goal,1,874,0.59375,0.40625
story_plain_bb_M2_ae_M2_fp32,libero_goal,1,875,1.0,0.0
story_plain_bb_M2_ae_M2_fp32,libero_goal,1,876,0.9375,0.0625
story_plain_bb_M2_ae_M2_fp32,libero_goal,1,877,0.0,1.0
story_plain_bb_M2_ae_M2_fp32,libero_goal,1,878,0.0,1.0
story_plain_bb_M2_ae_M2_fp32,libero_goal,1,879,0.0,1.0
story_plain_bb_M2_ae_M2_fp32,libero_goal,2,880,0.0,1.0
story_plain_bb_M2_ae_M2_fp32,libero_goal,2,881,0.0,1.0
story_plain_bb_M2_ae_M2_fp32,libero_goal,2,882,0.46875,0.53125
story_plain_bb_M2_ae_M2_fp32,libero_goal,2,883,0.0,1.0
story_plain_bb_M2_ae_M2_fp32,libero_goal,2,884,0.0,1.0
story_plain_bb_M2_ae_M2_fp32,libero_goal,2,885,0.84375,0.15625
story_plain_bb_M2_ae_M2_fp32,libero_goal,2,886,0.53125,0.46875
story_plain_bb_M2_ae_M2_fp32,libero_goal,2,887,0.40625,0.59375
story_plain_bb_M2_ae_M2_fp32,libero_goal,2,888,0.0,1.0
story_plain_bb_M2_ae_M2_fp32,libero_goal,2,889,0.8125,0.1875
story_plain_bb_M2_ae_M2_fp32,libero_goal,2,890,0.875,0.125
story_plain_bb_M2_ae_M2_fp32,libero_goal,2,891,0.78125,0.21875
story_plain_bb_M2_ae_M2_fp32,libero_goal,2,892,0.0,1.0
story_plain_bb_M2_ae_M2_fp32,libero_goal,2,893,0.375,0.625
story_plain_bb_M2_ae_M2_fp32,libero_goal,2,894,0.53125,0.46875
story_plain_bb_M2_ae_M2_fp32,libero_goal,2,895,1.0,0.0
story_plain_bb_M2_ae_M2_fp32,libero_goal,2,896,0.34375,0.65625
story_plain_bb_M2_ae_M2_fp32,libero_goal,2,897,0.6875,0.3125
story_plain_bb_M2_ae_M2_fp32,libero_goal,2,898,0.0,1.0
story_plain_bb_M2_ae_M2_fp32,libero_goal,2,899,0.6875,0.3125
story_plain_bb_M2_ae_M2_fp32,libero_goal,2,900,0.84375,0.15625
story_plain_bb_M2_ae_M2_fp32,libero_goal,2,901,0.0,1.0
story_plain_bb_M2_ae_M2_fp32,libero_goal,2,902,0.875,0.125
story_plain_bb_M2_ae_M2_fp32,libero_goal,2,903,0.90625,0.09375
story_plain_bb_M2_ae_M2_fp32,libero_goal,2,904,0.8125,0.1875
story_plain_bb_M2_ae_M2_fp32,libero_goal,2,905,0.9375,0.0625
story_plain_bb_M2_ae_M2_fp32,libero_goal,2,906,0.0,1.0
story_plain_bb_M2_ae_M2_fp32,libero_goal,2,907,0.4375,0.5625
story_plain_bb_M2_ae_M2_fp32,libero_goal,2,908,0.0,1.0
story_plain_bb_M2_ae_M2_fp32,libero_goal,2,909,0.65625,0.34375
story_plain_bb_M2_ae_M2_fp32,libero_goal,2,910,0.0,1.0
story_plain_bb_M2_ae_M2_fp32,libero_goal,2,911,0.90625,0.09375
story_plain_bb_M2_ae_M2_fp32,libero_goal,2,912,0.5625,0.03125
story_plain_bb_M2_ae_M2_fp32,libero_goal,2,913,0.625,0.375
story_plain_bb_M2_ae_M2_fp32,libero_goal,2,914,0.71875,0.28125
story_plain_bb_M2_ae_M2_fp32,libero_goal,2,915,0.78125,0.21875
story_plain_bb_M2_ae_M2_fp32,libero_goal,2,916,0.96875,0.03125
story_plain_bb_M2_ae_M2_fp32,libero_goal,2,917,0.0,1.0
story_plain_bb_M2_ae_M2_fp32,libero_goal,2,918,0.0,1.0
story_plain_bb_M2_ae_M2_fp32,libero_goal,2,919,0.75,0.25
story_plain_bb_M2_ae_M2_fp32,libero_goal,3,920,0.0,1.0
story_plain_bb_M2_ae_M2_fp32,libero_goal,3,921,0.96875,0.03125
story_plain_bb_M2_ae_M2_fp32,libero_goal,3,922,0.0,1.0
story_plain_bb_M2_ae_M2_fp32,libero_goal,3,923,0.0,1.0
story_plain_bb_M2_ae_M2_fp32,libero_goal,3,924,0.0,1.0
story_plain_bb_M2_ae_M2_fp32,libero_goal,3,925,0.0,1.0
story_plain_bb_M2_ae_M2_fp32,libero_goal,3,926,0.0,1.0
story_plain_bb_M2_ae_M2_fp32,libero_goal,3,927,0.0,1.0
story_plain_bb_M2_ae_M2_fp32,libero_goal,3,928,0.0,1.0
story_plain_bb_M2_ae_M2_fp32,libero_goal,3,929,0.0,1.0
story_plain_bb_M2_ae_M2_fp32,libero_goal,3,930,0.0,1.0
story_plain_bb_M2_ae_M2_fp32,libero_goal,3,931,0.0,1.0
story_plain_bb_M2_ae_M2_fp32,libero_goal,3,932,0.0,1.0
story_plain_bb_M2_ae_M2_fp32,libero_goal,3,933,0.0,1.0
story_plain_bb_M2_ae_M2_fp32,libero_goal,3,934,0.0,1.0
story_plain_bb_M2_ae_M2_fp32,libero_goal,3,935,0.0,1.0
story_plain_bb_M2_ae_M2_fp32,libero_goal,3,936,0.90625,0.09375
story_plain_bb_M2_ae_M2_fp32,libero_goal,3,937,0.0,1.0
story_plain_bb_M2_ae_M2_fp32,libero_goal,3,938,0.0,1.0
story_plain_bb_M2_ae_M2_fp32,libero_goal,3,939,1.0,0.0
story_plain_bb_M2_ae_M2_fp32,libero_goal,3,940,0.0,1.0
story_plain_bb_M2_ae_M2_fp32,libero_goal,3,941,0.0,1.0
story_plain_bb_M2_ae_M2_fp32,libero_goal,3,942,0.0,1.0
story_plain_bb_M2_ae_M2_fp32,libero_goal,3,943,0.4375,0.5625
story_plain_bb_M2_ae_M2_fp32,libero_goal,3,944,0.0,1.0
story_plain_bb_M2_ae_M2_fp32,libero_goal,3,945,0.0,1.0
story_plain_bb_M2_ae_M2_fp32,libero_goal,3,946,0.0,1.0
story_plain_bb_M2_ae_M2_fp32,libero_goal,3,947,0.0,1.0
story_plain_bb_M2_ae_M2_fp32,libero_goal,3,948,0.5625,0.4375
story_plain_bb_M2_ae_M2_fp32,libero_goal,3,949,0.0,1.0
story_plain_bb_M2_ae_M2_fp32,libero_goal,3,950,0.0,1.0
story_plain_bb_M2_ae_M2_fp32,libero_goal,3,951,0.0,1.0
story_plain_bb_M2_ae_M2_fp32,libero_goal,3,952,0.0,1.0
story_plain_bb_M2_ae_M2_fp32,libero_goal,3,953,0.0,1.0
story_plain_bb_M2_ae_M2_fp32,libero_goal,3,954,0.0,1.0
story_plain_bb_M2_ae_M2_fp32,libero_goal,3,955,0.0,1.0
story_plain_bb_M2_ae_M2_fp32,libero_goal,3,956,0.0,1.0
story_plain_bb_M2_ae_M2_fp32,libero_goal,3,957,0.0,1.0
story_plain_bb_M2_ae_M2_fp32,libero_goal,3,958,0.0,1.0
story_plain_bb_M2_ae_M2_fp32,libero_goal,3,959,0.0,1.0
story_plain_bb_M2_ae_M2_fp32,libero_goal,4,960,0.0,1.0
story_plain_bb_M2_ae_M2_fp32,libero_goal,4,961,1.0,0.0
story_plain_bb_M2_ae_M2_fp32,libero_goal,4,962,0.875,0.125
story_plain_bb_M2_ae_M2_fp32,libero_goal,4,963,1.0,0.0
story_plain_bb_M2_ae_M2_fp32,libero_goal,4,964,1.0,0.0
story_plain_bb_M2_ae_M2_fp32,libero_goal,4,965,0.0,1.0
story_plain_bb_M2_ae_M2_fp32,libero_goal,4,966,0.0,1.0
story_plain_bb_M2_ae_M2_fp32,libero_goal,4,967,0.0,1.0
story_plain_bb_M2_ae_M2_fp32,libero_goal,4,968,0.875,0.125
story_plain_bb_M2_ae_M2_fp32,libero_goal,4,969,0.90625,0.09375
story_plain_bb_M2_ae_M2_fp32,libero_goal,4,970,0.0,1.0
story_plain_bb_M2_ae_M2_fp32,libero_goal,4,971,0.96875,0.03125
story_plain_bb_M2_ae_M2_fp32,libero_goal,4,972,0.90625,0.09375
story_plain_bb_M2_ae_M2_fp32,libero_goal,4,973,0.78125,0.21875
story_plain_bb_M2_ae_M2_fp32,libero_goal,4,974,0.0,1.0
story_plain_bb_M2_ae_M2_fp32,libero_goal,4,975,0.0,1.0
story_plain_bb_M2_ae_M2_fp32,libero_goal,4,976,0.96875,0.03125
story_plain_bb_M2_ae_M2_fp32,libero_goal,4,977,0.875,0.125
story_plain_bb_M2_ae_M2_fp32,libero_goal,4,978,0.9375,0.0625
story_plain_bb_M2_ae_M2_fp32,libero_goal,4,979,0.0,1.0
story_plain_bb_M2_ae_M2_fp32,libero_goal,4,980,0.0,1.0
story_plain_bb_M2_ae_M2_fp32,libero_goal,4,981,0.90625,0.09375
story_plain_bb_M2_ae_M2_fp32,libero_goal,4,982,0.0,1.0
story_plain_bb_M2_ae_M2_fp32,libero_goal,4,983,0.96875,0.03125
story_plain_bb_M2_ae_M2_fp32,libero_goal,4,984,0.0,1.0
story_plain_bb_M2_ae_M2_fp32,libero_goal,4,985,0.875,0.125
story_plain_bb_M2_ae_M2_fp32,libero_goal,4,986,0.9375,0.0625
story_plain_bb_M2_ae_M2_fp32,libero_goal,4,987,0.8125,0.1875
story_plain_bb_M2_ae_M2_fp32,libero_goal,4,988,0.84375,0.15625
story_plain_bb_M2_ae_M2_fp32,libero_goal,4,989,0.75,0.25
story_plain_bb_M2_ae_M2_fp32,libero_goal,4,990,0.84375,0.15625
story_plain_bb_M2_ae_M2_fp32,libero_goal,4,991,0.90625,0.09375
story_plain_bb_M2_ae_M2_fp32,libero_goal,4,992,0.0,1.0
story_plain_bb_M2_ae_M2_fp32,libero_goal,4,993,0.0,1.0
story_plain_bb_M2_ae_M2_fp32,libero_goal,4,994,0.0,1.0
story_plain_bb_M2_ae_M2_fp32,libero_goal,4,995,0.875,0.125
story_plain_bb_M2_ae_M2_fp32,libero_goal,4,996,0.875,0.125
story_plain_bb_M2_ae_M2_fp32,libero_goal,4,997,0.875,0.125
story_plain_bb_M2_ae_M2_fp32,libero_goal,4,998,0.0,1.0
story_plain_bb_M2_ae_M2_fp32,libero_goal,4,999,0.0,1.0
story_plain_bb_M2_ae_M2_fp32,libero_goal,5,1000,0.0,1.0
story_plain_bb_M2_ae_M2_fp32,libero_goal,5,1001,0.0,1.0
story_plain_bb_M2_ae_M2_fp32,libero_goal,5,1002,0.90625,0.09375
story_plain_bb_M2_ae_M2_fp32,libero_goal,5,1003,0.84375,0.15625
story_plain_bb_M2_ae_M2_fp32,libero_goal,5,1004,0.0,1.0
story_plain_bb_M2_ae_M2_fp32,libero_goal,5,1005,0.0,1.0
story_plain_bb_M2_ae_M2_fp32,libero_goal,5,1006,0.0,1.0
story_plain_bb_M2_ae_M2_fp32,libero_goal,5,1007,0.5625,0.4375
story_plain_bb_M2_ae_M2_fp32,libero_goal,5,1008,0.8125,0.1875
story_plain_bb_M2_ae_M2_fp32,libero_goal,5,1009,0.0,1.0
story_plain_bb_M2_ae_M2_fp32,libero_goal,5,1010,0.0,1.0
story_plain_bb_M2_ae_M2_fp32,libero_goal,5,1011,0.0,1.0
story_plain_bb_M2_ae_M2_fp32,libero_goal,5,1012,0.0,1.0
story_plain_bb_M2_ae_M2_fp32,libero_goal,5,1013,0.78125,0.21875
story_plain_bb_M2_ae_M2_fp32,libero_goal,5,1014,0.96875,0.03125
story_plain_bb_M2_ae_M2_fp32,libero_goal,5,1015,0.0,1.0
story_plain_bb_M2_ae_M2_fp32,libero_goal,5,1016,0.0,1.0
story_plain_bb_M2_ae_M2_fp32,libero_goal,5,1017,0.0,1.0
story_plain_bb_M2_ae_M2_fp32,libero_goal,5,1018,0.0,1.0
story_plain_bb_M2_ae_M2_fp32,libero_goal,5,1019,0.0,1.0
story_plain_bb_M2_ae_M2_fp32,libero_goal,5,1020,0.0,1.0
story_plain_bb_M2_ae_M2_fp32,libero_goal,5,1021,0.0,1.0
story_plain_bb_M2_ae_M2_fp32,libero_goal,5,1022,0.875,0.125
story_plain_bb_M2_ae_M2_fp32,libero_goal,5,1023,0.0,1.0
story_plain_bb_M2_ae_M2_fp32,libero_goal,5,1024,0.0,1.0
story_plain_bb_M2_ae_M2_fp32,libero_goal,5,1025,0.0,1.0
story_plain_bb_M2_ae_M2_fp32,libero_goal,5,1026,0.0,1.0
story_plain_bb_M2_ae_M2_fp32,libero_goal,5,1027,0.0,1.0
story_plain_bb_M2_ae_M2_fp32,libero_goal,5,1028,0.0,1.0
story_plain_bb_M2_ae_M2_fp32,libero_goal,5,1029,0.0,1.0
story_plain_bb_M2_ae_M2_fp32,libero_goal,5,1030,0.0,1.0
story_plain_bb_M2_ae_M2_fp32,libero_goal,5,1031,0.84375,0.15625
story_plain_bb_M2_ae_M2_fp32,libero_goal,5,1032,0.0,1.0
story_plain_bb_M2_ae_M2_fp32,libero_goal,5,1033,0.96875,0.03125
story_plain_bb_M2_ae_M2_fp32,libero_goal,5,1034,0.0,1.0
story_plain_bb_M2_ae_M2_fp32,libero_goal,5,1035,0.0,1.0
story_plain_bb_M2_ae_M2_fp32,libero_goal,5,1036,0.0,1.0
story_plain_bb_M2_ae_M2_fp32,libero_goal,5,1037,1.0,0.0
story_plain_bb_M2_ae_M2_fp32,libero_goal,5,1038,0.78125,0.21875
story_plain_bb_M2_ae_M2_fp32,libero_goal,5,1039,0.0,1.0
story_plain_bb_M2_ae_M2_fp32,libero_goal,6,1040,0.0,1.0
story_plain_bb_M2_ae_M2_fp32,libero_goal,6,1041,0.875,0.125
story_plain_bb_M2_ae_M2_fp32,libero_goal,6,1042,0.875,0.125
story_plain_bb_M2_ae_M2_fp32,libero_goal,6,1043,0.0,1.0
story_plain_bb_M2_ae_M2_fp32,libero_goal,6,1044,0.0,1.0
story_plain_bb_M2_ae_M2_fp32,libero_goal,6,1045,0.0,1.0
story_plain_bb_M2_ae_M2_fp32,libero_goal,6,1046,0.0,1.0
story_plain_bb_M2_ae_M2_fp32,libero_goal,6,1047,0.0,1.0
story_plain_bb_M2_ae_M2_fp32,libero_goal,6,1048,0.8125,0.1875
story_plain_bb_M2_ae_M2_fp32,libero_goal,6,1049,0.0,1.0
story_plain_bb_M2_ae_M2_fp32,libero_goal,6,1050,0.0,1.0
story_plain_bb_M2_ae_M2_fp32,libero_goal,6,1051,0.96875,0.03125
story_plain_bb_M2_ae_M2_fp32,libero_goal,6,1052,0.0,1.0
story_plain_bb_M2_ae_M2_fp32,libero_goal,6,1053,0.0,1.0
story_plain_bb_M2_ae_M2_fp32,libero_goal,6,1054,0.0,1.0
story_plain_bb_M2_ae_M2_fp32,libero_goal,6,1055,0.0,1.0
story_plain_bb_M2_ae_M2_fp32,libero_goal,6,1056,0.0,1.0
story_plain_bb_M2_ae_M2_fp32,libero_goal,6,1057,0.9375,0.0625
story_plain_bb_M2_ae_M2_fp32,libero_goal,6,1058,0.0,1.0
story_plain_bb_M2_ae_M2_fp32,libero_goal,6,1059,0.0,1.0
story_plain_bb_M2_ae_M2_fp32,libero_goal,6,1060,0.0,1.0
story_plain_bb_M2_ae_M2_fp32,libero_goal,6,1061,0.8125,0.1875
story_plain_bb_M2_ae_M2_fp32,libero_goal,6,1062,0.8125,0.1875
story_plain_bb_M2_ae_M2_fp32,libero_goal,6,1063,0.90625,0.09375
story_plain_bb_M2_ae_M2_fp32,libero_goal,6,1064,0.0,1.0
story_plain_bb_M2_ae_M2_fp32,libero_goal,6,1065,0.59375,0.40625
story_plain_bb_M2_ae_M2_fp32,libero_goal,6,1066,0.90625,0.09375
story_plain_bb_M2_ae_M2_fp32,libero_goal,6,1067,0.0,1.0
story_plain_bb_M2_ae_M2_fp32,libero_goal,6,1068,0.0,1.0
story_plain_bb_M2_ae_M2_fp32,libero_goal,6,1069,0.0,1.0
story_plain_bb_M2_ae_M2_fp32,libero_goal,6,1070,0.9375,0.0625
story_plain_bb_M2_ae_M2_fp32,libero_goal,6,1071,0.0,1.0
story_plain_bb_M2_ae_M2_fp32,libero_goal,6,1072,0.0,1.0
story_plain_bb_M2_ae_M2_fp32,libero_goal,6,1073,0.96875,0.03125
story_plain_bb_M2_ae_M2_fp32,libero_goal,6,1074,0.0,1.0
story_plain_bb_M2_ae_M2_fp32,libero_goal,6,1075,0.5625,0.4375
story_plain_bb_M2_ae_M2_fp32,libero_goal,6,1076,0.78125,0.21875
story_plain_bb_M2_ae_M2_fp32,libero_goal,6,1077,1.0,0.0
story_plain_bb_M2_ae_M2_fp32,libero_goal,6,1078,0.0,1.0
story_plain_bb_M2_ae_M2_fp32,libero_goal,6,1079,0.0,1.0
story_plain_bb_M2_ae_M2_fp32,libero_goal,7,1080,1.0,0.0
story_plain_bb_M2_ae_M2_fp32,libero_goal,7,1081,0.65625,0.34375
story_plain_bb_M2_ae_M2_fp32,libero_goal,7,1082,0.0,1.0
story_plain_bb_M2_ae_M2_fp32,libero_goal,7,1083,1.0,0.0
story_plain_bb_M2_ae_M2_fp32,libero_goal,7,1084,0.0,1.0
story_plain_bb_M2_ae_M2_fp32,libero_goal,7,1085,0.90625,0.09375
story_plain_bb_M2_ae_M2_fp32,libero_goal,7,1086,0.0,1.0
story_plain_bb_M2_ae_M2_fp32,libero_goal,7,1087,0.0,1.0
story_plain_bb_M2_ae_M2_fp32,libero_goal,7,1088,0.0,1.0
story_plain_bb_M2_ae_M2_fp32,libero_goal,7,1089,0.8125,0.1875
story_plain_bb_M2_ae_M2_fp32,libero_goal,7,1090,0.0,1.0
story_plain_bb_M2_ae_M2_fp32,libero_goal,7,1091,0.0,1.0
story_plain_bb_M2_ae_M2_fp32,libero_goal,7,1092,0.0,1.0
story_plain_bb_M2_ae_M2_fp32,libero_goal,7,1093,0.0,1.0
story_plain_bb_M2_ae_M2_fp32,libero_goal,7,1094,0.84375,0.15625
story_plain_bb_M2_ae_M2_fp32,libero_goal,7,1095,0.0,1.0
story_plain_bb_M2_ae_M2_fp32,libero_goal,7,1096,0.0,1.0
story_plain_bb_M2_ae_M2_fp32,libero_goal,7,1097,0.75,0.25
story_plain_bb_M2_ae_M2_fp32,libero_goal,7,1098,0.0,1.0
story_plain_bb_M2_ae_M2_fp32,libero_goal,7,1099,0.0,1.0
story_plain_bb_M2_ae_M2_fp32,libero_goal,7,1100,0.90625,0.09375
story_plain_bb_M2_ae_M2_fp32,libero_goal,7,1101,0.0,1.0
story_plain_bb_M2_ae_M2_fp32,libero_goal,7,1102,0.96875,0.03125
story_plain_bb_M2_ae_M2_fp32,libero_goal,7,1103,0.625,0.3125
story_plain_bb_M2_ae_M2_fp32,libero_goal,7,1104,0.0,1.0
story_plain_bb_M2_ae_M2_fp32,libero_goal,7,1105,0.0,1.0
story_plain_bb_M2_ae_M2_fp32,libero_goal,7,1106,0.9375,0.0625
story_plain_bb_M2_ae_M2_fp32,libero_goal,7,1107,0.0,1.0
story_plain_bb_M2_ae_M2_fp32,libero_goal,7,1108,0.0,1.0
story_plain_bb_M2_ae_M2_fp32,libero_goal,7,1109,0.0,1.0
story_plain_bb_M2_ae_M2_fp32,libero_goal,7,1110,0.0,1.0
story_plain_bb_M2_ae_M2_fp32,libero_goal,7,1111,0.78125,0.21875
story_plain_bb_M2_ae_M2_fp32,libero_goal,7,1112,0.0,1.0
story_plain_bb_M2_ae_M2_fp32,libero_goal,7,1113,0.0,1.0
story_plain_bb_M2_ae_M2_fp32,libero_goal,7,1114,0.96875,0.03125
story_plain_bb_M2_ae_M2_fp32,libero_goal,7,1115,0.96875,0.03125
story_plain_bb_M2_ae_M2_fp32,libero_goal,7,1116,0.0,1.0
story_plain_bb_M2_ae_M2_fp32,libero_goal,7,1117,0.0,1.0
story_plain_bb_M2_ae_M2_fp32,libero_goal,7,1118,0.0,1.0
story_plain_bb_M2_ae_M2_fp32,libero_goal,7,1119,0.875,0.125
story_plain_bb_M2_ae_M2_fp32,libero_goal,8,1120,0.84375,0.15625
story_plain_bb_M2_ae_M2_fp32,libero_goal,8,1121,0.75,0.25
story_plain_bb_M2_ae_M2_fp32,libero_goal,8,1122,0.8125,0.1875
story_plain_bb_M2_ae_M2_fp32,libero_goal,8,1123,0.0,1.0
story_plain_bb_M2_ae_M2_fp32,libero_goal,8,1124,0.84375,0.15625
story_plain_bb_M2_ae_M2_fp32,libero_goal,8,1125,0.78125,0.21875
story_plain_bb_M2_ae_M2_fp32,libero_goal,8,1126,0.9375,0.0625
story_plain_bb_M2_ae_M2_fp32,libero_goal,8,1127,0.75,0.25
story_plain_bb_M2_ae_M2_fp32,libero_goal,8,1128,0.9375,0.0625
story_plain_bb_M2_ae_M2_fp32,libero_goal,8,1129,0.8125,0.1875
story_plain_bb_M2_ae_M2_fp32,libero_goal,8,1130,1.0,0.0
story_plain_bb_M2_ae_M2_fp32,libero_goal,8,1131,0.875,0.125
story_plain_bb_M2_ae_M2_fp32,libero_goal,8,1132,0.96875,0.03125
story_plain_bb_M2_ae_M2_fp32,libero_goal,8,1133,0.96875,0.03125
story_plain_bb_M2_ae_M2_fp32,libero_goal,8,1134,0.9375,0.0625
story_plain_bb_M2_ae_M2_fp32,libero_goal,8,1135,1.0,0.0
story_plain_bb_M2_ae_M2_fp32,libero_goal,8,1136,0.0,1.0
story_plain_bb_M2_ae_M2_fp32,libero_goal,8,1137,0.9375,0.0625
story_plain_bb_M2_ae_M2_fp32,libero_goal,8,1138,0.0,1.0
story_plain_bb_M2_ae_M2_fp32,libero_goal,8,1139,0.875,0.125
story_plain_bb_M2_ae_M2_fp32,libero_goal,8,1140,0.0,1.0
story_plain_bb_M2_ae_M2_fp32,libero_goal,8,1141,0.875,0.125
story_plain_bb_M2_ae_M2_fp32,libero_goal,8,1142,0.8125,0.1875
story_plain_bb_M2_ae_M2_fp32,libero_goal,8,1143,0.8125,0.1875
story_plain_bb_M2_ae_M2_fp32,libero_goal,8,1144,0.0,1.0
story_plain_bb_M2_ae_M2_fp32,libero_goal,8,1145,0.75,0.25
story_plain_bb_M2_ae_M2_fp32,libero_goal,8,1146,1.0,0.0
story_plain_bb_M2_ae_M2_fp32,libero_goal,8,1147,0.96875,0.03125
story_plain_bb_M2_ae_M2_fp32,libero_goal,8,1148,0.0,1.0
story_plain_bb_M2_ae_M2_fp32,libero_goal,8,1149,0.0,1.0
story_plain_bb_M2_ae_M2_fp32,libero_goal,8,1150,0.90625,0.09375
story_plain_bb_M2_ae_M2_fp32,libero_goal,8,1151,0.0,1.0
story_plain_bb_M2_ae_M2_fp32,libero_goal,8,1152,0.84375,0.15625
story_plain_bb_M2_ae_M2_fp32,libero_goal,8,1153,0.96875,0.03125
story_plain_bb_M2_ae_M2_fp32,libero_goal,8,1154,0.96875,0.03125
story_plain_bb_M2_ae_M2_fp32,libero_goal,8,1155,0.6875,0.3125
story_plain_bb_M2_ae_M2_fp32,libero_goal,8,1156,0.9375,0.0625
story_plain_bb_M2_ae_M2_fp32,libero_goal,8,1157,0.90625,0.09375
story_plain_bb_M2_ae_M2_fp32,libero_goal,8,1158,0.0,1.0
story_plain_bb_M2_ae_M2_fp32,libero_goal,8,1159,0.78125,0.21875
story_plain_bb_M2_ae_M2_fp32,libero_goal,9,1160,0.0,1.0
story_plain_bb_M2_ae_M2_fp32,libero_goal,9,1161,0.0,1.0
story_plain_bb_M2_ae_M2_fp32,libero_goal,9,1162,0.0,1.0
story_plain_bb_M2_ae_M2_fp32,libero_goal,9,1163,0.0,1.0
story_plain_bb_M2_ae_M2_fp32,libero_goal,9,1164,0.0,1.0
story_plain_bb_M2_ae_M2_fp32,libero_goal,9,1165,0.4375,0.5625
story_plain_bb_M2_ae_M2_fp32,libero_goal,9,1166,0.0,1.0
story_plain_bb_M2_ae_M2_fp32,libero_goal,9,1167,0.0,1.0
story_plain_bb_M2_ae_M2_fp32,libero_goal,9,1168,0.875,0.125
story_plain_bb_M2_ae_M2_fp32,libero_goal,9,1169,0.0,1.0
story_plain_bb_M2_ae_M2_fp32,libero_goal,9,1170,0.0,1.0
story_plain_bb_M2_ae_M2_fp32,libero_goal,9,1171,0.0,1.0
story_plain_bb_M2_ae_M2_fp32,libero_goal,9,1172,0.75,0.25
story_plain_bb_M2_ae_M2_fp32,libero_goal,9,1173,0.0,1.0
story_plain_bb_M2_ae_M2_fp32,libero_goal,9,1174,0.78125,0.21875
story_plain_bb_M2_ae_M2_fp32,libero_goal,9,1175,0.0,1.0
story_plain_bb_M2_ae_M2_fp32,libero_goal,9,1176,0.0,1.0
story_plain_bb_M2_ae_M2_fp32,libero_goal,9,1177,0.0,1.0
story_plain_bb_M2_ae_M2_fp32,libero_goal,9,1178,0.0,1.0
story_plain_bb_M2_ae_M2_fp32,libero_goal,9,1179,0.9375,0.0625
story_plain_bb_M2_ae_M2_fp32,libero_goal,9,1180,0.0,1.0
story_plain_bb_M2_ae_M2_fp32,libero_goal,9,1181,0.9375,0.0625
story_plain_bb_M2_ae_M2_fp32,libero_goal,9,1182,0.65625,0.34375
story_plain_bb_M2_ae_M2_fp32,libero_goal,9,1183,0.0,1.0
story_plain_bb_M2_ae_M2_fp32,libero_goal,9,1184,0.0,1.0
story_plain_bb_M2_ae_M2_fp32,libero_goal,9,1185,0.0,1.0
story_plain_bb_M2_ae_M2_fp32,libero_goal,9,1186,0.0,1.0
story_plain_bb_M2_ae_M2_fp32,libero_goal,9,1187,0.40625,0.59375
story_plain_bb_M2_ae_M2_fp32,libero_goal,9,1188,0.0,1.0
story_plain_bb_M2_ae_M2_fp32,libero_goal,9,1189,0.59375,0.40625
story_plain_bb_M2_ae_M2_fp32,libero_goal,9,1190,0.0,1.0
story_plain_bb_M2_ae_M2_fp32,libero_goal,9,1191,0.0,1.0
story_plain_bb_M2_ae_M2_fp32,libero_goal,9,1192,0.0,1.0
story_plain_bb_M2_ae_M2_fp32,libero_goal,9,1193,0.0,1.0
story_plain_bb_M2_ae_M2_fp32,libero_goal,9,1194,0.0,1.0
story_plain_bb_M2_ae_M2_fp32,libero_goal,9,1195,0.0,1.0
story_plain_bb_M2_ae_M2_fp32,libero_goal,9,1196,0.0,1.0
story_plain_bb_M2_ae_M2_fp32,libero_goal,9,1197,0.625,0.375
story_plain_bb_M2_ae_M2_fp32,libero_goal,9,1198,0.0,1.0
story_plain_bb_M2_ae_M2_fp32,libero_goal,9,1199,0.0,1.0
story_plain_bb_M2_ae_M2_fp32,libero_object,0,400,0.0,1.0
story_plain_bb_M2_ae_M2_fp32,libero_object,0,401,0.0,1.0
story_plain_bb_M2_ae_M2_fp32,libero_object,0,402,0.0,1.0
story_plain_bb_M2_ae_M2_fp32,libero_object,0,403,0.75,0.25
story_plain_bb_M2_ae_M2_fp32,libero_object,0,404,0.0,1.0
story_plain_bb_M2_ae_M2_fp32,libero_object,0,405,0.78125,0.21875
story_plain_bb_M2_ae_M2_fp32,libero_object,0,406,0.0,1.0
story_plain_bb_M2_ae_M2_fp32,libero_object,0,407,0.0,1.0
story_plain_bb_M2_ae_M2_fp32,libero_object,0,408,1.0,0.0
story_plain_bb_M2_ae_M2_fp32,libero_object,0,409,0.96875,0.03125
story_plain_bb_M2_ae_M2_fp32,libero_object,0,410,0.65625,0.34375
story_plain_bb_M2_ae_M2_fp32,libero_object,0,411,0.0,1.0
story_plain_bb_M2_ae_M2_fp32,libero_object,0,412,0.0,1.0
story_plain_bb_M2_ae_M2_fp32,libero_object,0,413,0.0,1.0
story_plain_bb_M2_ae_M2_fp32,libero_object,0,414,0.0,1.0
story_plain_bb_M2_ae_M2_fp32,libero_object,0,415,0.0,1.0
story_plain_bb_M2_ae_M2_fp32,libero_object,0,416,0.8125,0.1875
story_plain_bb_M2_ae_M2_fp32,libero_object,0,417,0.9375,0.0625
story_plain_bb_M2_ae_M2_fp32,libero_object,0,418,0.0,1.0
story_plain_bb_M2_ae_M2_fp32,libero_object,0,419,0.0,1.0
story_plain_bb_M2_ae_M2_fp32,libero_object,0,420,0.0,1.0
story_plain_bb_M2_ae_M2_fp32,libero_object,0,421,0.5,0.5
story_plain_bb_M2_ae_M2_fp32,libero_object,0,422,0.0,1.0
story_plain_bb_M2_ae_M2_fp32,libero_object,0,423,0.0,1.0
story_plain_bb_M2_ae_M2_fp32,libero_object,0,424,0.0,1.0
story_plain_bb_M2_ae_M2_fp32,libero_object,0,425,0.625,0.375
story_plain_bb_M2_ae_M2_fp32,libero_object,0,426,0.0,1.0
story_plain_bb_M2_ae_M2_fp32,libero_object,0,427,0.0,1.0
story_plain_bb_M2_ae_M2_fp32,libero_object,0,428,0.8125,0.1875
story_plain_bb_M2_ae_M2_fp32,libero_object,0,429,0.875,0.09375
story_plain_bb_M2_ae_M2_fp32,libero_object,0,430,0.0,1.0
story_plain_bb_M2_ae_M2_fp32,libero_object,0,431,0.0,1.0
story_plain_bb_M2_ae_M2_fp32,libero_object,0,432,0.8125,0.1875
story_plain_bb_M2_ae_M2_fp32,libero_object,0,433,0.90625,0.09375
story_plain_bb_M2_ae_M2_fp32,libero_object,0,434,0.0,1.0
story_plain_bb_M2_ae_M2_fp32,libero_object,0,435,0.0,1.0
story_plain_bb_M2_ae_M2_fp32,libero_object,0,436,0.96875,0.03125
story_plain_bb_M2_ae_M2_fp32,libero_object,0,437,0.0,1.0
story_plain_bb_M2_ae_M2_fp32,libero_object,0,438,0.0,1.0
story_plain_bb_M2_ae_M2_fp32,libero_object,0,439,0.0,1.0
story_plain_bb_M2_ae_M2_fp32,libero_object,1,440,0.0,1.0
story_plain_bb_M2_ae_M2_fp32,libero_object,1,441,0.0,1.0
story_plain_bb_M2_ae_M2_fp32,libero_object,1,442,0.0,1.0
story_plain_bb_M2_ae_M2_fp32,libero_object,1,443,0.0,1.0
story_plain_bb_M2_ae_M2_fp32,libero_object,1,444,0.0,1.0
story_plain_bb_M2_ae_M2_fp32,libero_object,1,445,1.0,0.0
story_plain_bb_M2_ae_M2_fp32,libero_object,1,446,0.0,1.0
story_plain_bb_M2_ae_M2_fp32,libero_object,1,447,0.0,1.0
story_plain_bb_M2_ae_M2_fp32,libero_object,1,448,0.0,1.0
story_plain_bb_M2_ae_M2_fp32,libero_object,1,449,0.0,1.0
story_plain_bb_M2_ae_M2_fp32,libero_object,1,450,0.96875,0.03125
story_plain_bb_M2_ae_M2_fp32,libero_object,1,451,0.0,1.0
story_plain_bb_M2_ae_M2_fp32,libero_object,1,452,0.0,1.0
story_plain_bb_M2_ae_M2_fp32,libero_object,1,453,0.0,1.0
story_plain_bb_M2_ae_M2_fp32,libero_object,1,454,0.0,1.0
story_plain_bb_M2_ae_M2_fp32,libero_object,1,455,0.96875,0.03125
story_plain_bb_M2_ae_M2_fp32,libero_object,1,456,0.0,1.0
story_plain_bb_M2_ae_M2_fp32,libero_object,1,457,0.90625,0.09375
story_plain_bb_M2_ae_M2_fp32,libero_object,1,458,0.0,1.0
story_plain_bb_M2_ae_M2_fp32,libero_object,1,459,0.0,1.0
story_plain_bb_M2_ae_M2_fp32,libero_object,1,460,1.0,0.0
story_plain_bb_M2_ae_M2_fp32,libero_object,1,461,0.0,1.0
story_plain_bb_M2_ae_M2_fp32,libero_object,1,462,0.0,1.0
story_plain_bb_M2_ae_M2_fp32,libero_object,1,463,0.0,1.0
story_plain_bb_M2_ae_M2_fp32,libero_object,1,464,0.0,1.0
story_plain_bb_M2_ae_M2_fp32,libero_object,1,465,0.0,1.0
story_plain_bb_M2_ae_M2_fp32,libero_object,1,466,0.0,1.0
story_plain_bb_M2_ae_M2_fp32,libero_object,1,467,0.0,1.0
story_plain_bb_M2_ae_M2_fp32,libero_object,1,468,0.0,1.0
story_plain_bb_M2_ae_M2_fp32,libero_object,1,469,1.0,0.0
story_plain_bb_M2_ae_M2_fp32,libero_object,1,470,0.0,1.0
story_plain_bb_M2_ae_M2_fp32,libero_object,1,471,0.0,1.0
story_plain_bb_M2_ae_M2_fp32,libero_object,1,472,0.5,0.5
story_plain_bb_M2_ae_M2_fp32,libero_object,1,473,0.96875,0.03125
story_plain_bb_M2_ae_M2_fp32,libero_object,1,474,0.0,1.0
story_plain_bb_M2_ae_M2_fp32,libero_object,1,475,0.0,1.0
story_plain_bb_M2_ae_M2_fp32,libero_object,1,476,0.0,1.0
story_plain_bb_M2_ae_M2_fp32,libero_object,1,477,0.0,1.0
story_plain_bb_M2_ae_M2_fp32,libero_object,1,478,0.0,1.0
story_plain_bb_M2_ae_M2_fp32,libero_object,1,479,0.0,1.0
story_plain_bb_M2_ae_M2_fp32,libero_object,2,480,0.0,1.0
story_plain_bb_M2_ae_M2_fp32,libero_object,2,481,0.84375,0.15625
story_plain_bb_M2_ae_M2_fp32,libero_object,2,482,0.0,1.0
story_plain_bb_M2_ae_M2_fp32,libero_object,2,483,0.96875,0.03125
story_plain_bb_M2_ae_M2_fp32,libero_object,2,484,0.0,1.0
story_plain_bb_M2_ae_M2_fp32,libero_object,2,485,0.0,1.0
story_plain_bb_M2_ae_M2_fp32,libero_object,2,486,0.0,1.0
story_plain_bb_M2_ae_M2_fp32,libero_object,2,487,1.0,0.0
story_plain_bb_M2_ae_M2_fp32,libero_object,2,488,0.90625,0.09375
story_plain_bb_M2_ae_M2_fp32,libero_object,2,489,0.0,1.0
story_plain_bb_M2_ae_M2_fp32,libero_object,2,490,0.9375,0.0625
story_plain_bb_M2_ae_M2_fp32,libero_object,2,491,1.0,0.0
story_plain_bb_M2_ae_M2_fp32,libero_object,2,492,0.8125,0.1875
story_plain_bb_M2_ae_M2_fp32,libero_object,2,493,0.0,1.0
story_plain_bb_M2_ae_M2_fp32,libero_object,2,494,0.875,0.125
story_plain_bb_M2_ae_M2_fp32,libero_object,2,495,0.0,1.0
story_plain_bb_M2_ae_M2_fp32,libero_object,2,496,1.0,0.0
story_plain_bb_M2_ae_M2_fp32,libero_object,2,497,0.84375,0.15625
story_plain_bb_M2_ae_M2_fp32,libero_object,2,498,0.0,1.0
story_plain_bb_M2_ae_M2_fp32,libero_object,2,499,0.0,1.0
story_plain_bb_M2_ae_M2_fp32,libero_object,2,500,0.9375,0.0625
story_plain_bb_M2_ae_M2_fp32,libero_object,2,501,1.0,0.0
story_plain_bb_M2_ae_M2_fp32,libero_object,2,502,0.75,0.25
story_plain_bb_M2_ae_M2_fp32,libero_object,2,503,0.9375,0.0625
story_plain_bb_M2_ae_M2_fp32,libero_object,2,504,0.0,1.0
story_plain_bb_M2_ae_M2_fp32,libero_object,2,505,0.0,1.0
story_plain_bb_M2_ae_M2_fp32,libero_object,2,506,0.0,1.0
story_plain_bb_M2_ae_M2_fp32,libero_object,2,507,1.0,0.0
story_plain_bb_M2_ae_M2_fp32,libero_object,2,508,0.0,1.0
story_plain_bb_M2_ae_M2_fp32,libero_object,2,509,0.0,1.0
story_plain_bb_M2_ae_M2_fp32,libero_object,2,510,0.0,1.0
story_plain_bb_M2_ae_M2_fp32,libero_object,2,511,0.0,1.0
story_plain_bb_M2_ae_M2_fp32,libero_object,2,512,0.0,1.0
story_plain_bb_M2_ae_M2_fp32,libero_object,2,513,0.0,1.0
story_plain_bb_M2_ae_M2_fp32,libero_object,2,514,0.90625,0.09375
story_plain_bb_M2_ae_M2_fp32,libero_object,2,515,0.0,1.0
story_plain_bb_M2_ae_M2_fp32,libero_object,2,516,0.0,1.0
story_plain_bb_M2_ae_M2_fp32,libero_object,2,517,1.0,0.0
story_plain_bb_M2_ae_M2_fp32,libero_object,2,518,0.90625,0.09375
story_plain_bb_M2_ae_M2_fp32,libero_object,2,519,0.0,1.0
story_plain_bb_M2_ae_M2_fp32,libero_object,3,520,0.0,1.0
story_plain_bb_M2_ae_M2_fp32,libero_object,3,521,0.15625,0.84375
story_plain_bb_M2_ae_M2_fp32,libero_object,3,522,0.0,1.0
story_plain_bb_M2_ae_M2_fp32,libero_object,3,523,0.90625,0.09375
story_plain_bb_M2_ae_M2_fp32,libero_object,3,524,0.90625,0.09375
story_plain_bb_M2_ae_M2_fp32,libero_object,3,525,0.0,1.0
story_plain_bb_M2_ae_M2_fp32,libero_object,3,526,0.0,1.0
story_plain_bb_M2_ae_M2_fp32,libero_object,3,527,0.875,0.125
story_plain_bb_M2_ae_M2_fp32,libero_object,3,528,0.9375,0.0625
story_plain_bb_M2_ae_M2_fp32,libero_object,3,529,0.0,1.0
story_plain_bb_M2_ae_M2_fp32,libero_object,3,530,0.0,1.0
story_plain_bb_M2_ae_M2_fp32,libero_object,3,531,0.0,1.0
story_plain_bb_M2_ae_M2_fp32,libero_object,3,532,0.0,1.0
story_plain_bb_M2_ae_M2_fp32,libero_object,3,533,0.0,1.0
story_plain_bb_M2_ae_M2_fp32,libero_object,3,534,1.0,0.0
story_plain_bb_M2_ae_M2_fp32,libero_object,3,535,0.0,1.0
story_plain_bb_M2_ae_M2_fp32,libero_object,3,536,0.0,1.0
story_plain_bb_M2_ae_M2_fp32,libero_object,3,537,0.0,1.0
story_plain_bb_M2_ae_M2_fp32,libero_object,3,538,0.96875,0.03125
story_plain_bb_M2_ae_M2_fp32,libero_object,3,539,0.0,1.0
story_plain_bb_M2_ae_M2_fp32,libero_object,3,540,0.0,1.0
story_plain_bb_M2_ae_M2_fp32,libero_object,3,541,0.0,1.0
story_plain_bb_M2_ae_M2_fp32,libero_object,3,542,0.78125,0.21875
story_plain_bb_M2_ae_M2_fp32,libero_object,3,543,0.0,1.0
story_plain_bb_M2_ae_M2_fp32,libero_object,3,544,0.0,1.0
story_plain_bb_M2_ae_M2_fp32,libero_object,3,545,1.0,0.0
story_plain_bb_M2_ae_M2_fp32,libero_object,3,546,0.0,1.0
story_plain_bb_M2_ae_M2_fp32,libero_object,3,547,0.0,1.0
story_plain_bb_M2_ae_M2_fp32,libero_object,3,548,0.0,1.0
story_plain_bb_M2_ae_M2_fp32,libero_object,3,549,0.90625,0.09375
story_plain_bb_M2_ae_M2_fp32,libero_object,3,550,0.0,1.0
story_plain_bb_M2_ae_M2_fp32,libero_object,3,551,0.0,1.0
story_plain_bb_M2_ae_M2_fp32,libero_object,3,552,0.0,1.0
story_plain_bb_M2_ae_M2_fp32,libero_object,3,553,0.875,0.125
story_plain_bb_M2_ae_M2_fp32,libero_object,3,554,0.0,1.0
story_plain_bb_M2_ae_M2_fp32,libero_object,3,555,0.0,1.0
story_plain_bb_M2_ae_M2_fp32,libero_object,3,556,1.0,0.0
story_plain_bb_M2_ae_M2_fp32,libero_object,3,557,0.0,1.0
story_plain_bb_M2_ae_M2_fp32,libero_object,3,558,0.96875,0.03125
story_plain_bb_M2_ae_M2_fp32,libero_object,3,559,0.0,1.0
story_plain_bb_M2_ae_M2_fp32,libero_object,4,560,0.0,1.0
story_plain_bb_M2_ae_M2_fp32,libero_object,4,561,0.0,1.0
story_plain_bb_M2_ae_M2_fp32,libero_object,4,562,0.0,1.0
story_plain_bb_M2_ae_M2_fp32,libero_object,4,563,0.75,0.25
story_plain_bb_M2_ae_M2_fp32,libero_object,4,564,0.0,1.0
story_plain_bb_M2_ae_M2_fp32,libero_object,4,565,0.0,1.0
story_plain_bb_M2_ae_M2_fp32,libero_object,4,566,0.0,1.0
story_plain_bb_M2_ae_M2_fp32,libero_object,4,567,0.0,1.0
story_plain_bb_M2_ae_M2_fp32,libero_object,4,568,0.0,1.0
story_plain_bb_M2_ae_M2_fp32,libero_object,4,569,0.0,1.0
story_plain_bb_M2_ae_M2_fp32,libero_object,4,570,0.0,1.0
story_plain_bb_M2_ae_M2_fp32,libero_object,4,571,0.5625,0.4375
story_plain_bb_M2_ae_M2_fp32,libero_object,4,572,0.65625,0.34375
story_plain_bb_M2_ae_M2_fp32,libero_object,4,573,0.0,1.0
story_plain_bb_M2_ae_M2_fp32,libero_object,4,574,0.0,1.0
story_plain_bb_M2_ae_M2_fp32,libero_object,4,575,0.96875,0.03125
story_plain_bb_M2_ae_M2_fp32,libero_object,4,576,0.90625,0.09375
story_plain_bb_M2_ae_M2_fp32,libero_object,4,577,0.0,1.0
story_plain_bb_M2_ae_M2_fp32,libero_object,4,578,0.0,1.0
story_plain_bb_M2_ae_M2_fp32,libero_object,4,579,0.0,1.0
story_plain_bb_M2_ae_M2_fp32,libero_object,4,580,0.6875,0.3125
story_plain_bb_M2_ae_M2_fp32,libero_object,4,581,0.0,1.0
story_plain_bb_M2_ae_M2_fp32,libero_object,4,582,0.0,1.0
story_plain_bb_M2_ae_M2_fp32,libero_object,4,583,0.0,1.0
story_plain_bb_M2_ae_M2_fp32,libero_object,4,584,0.0,1.0
story_plain_bb_M2_ae_M2_fp32,libero_object,4,585,0.0,1.0
story_plain_bb_M2_ae_M2_fp32,libero_object,4,586,0.0,1.0
story_plain_bb_M2_ae_M2_fp32,libero_object,4,587,0.0,1.0
story_plain_bb_M2_ae_M2_fp32,libero_object,4,588,0.0,1.0
story_plain_bb_M2_ae_M2_fp32,libero_object,4,589,0.0,1.0
story_plain_bb_M2_ae_M2_fp32,libero_object,4,590,0.0,1.0
story_plain_bb_M2_ae_M2_fp32,libero_object,4,591,0.875,0.125
story_plain_bb_M2_ae_M2_fp32,libero_object,4,592,0.0,1.0
story_plain_bb_M2_ae_M2_fp32,libero_object,4,593,0.96875,0.03125
story_plain_bb_M2_ae_M2_fp32,libero_object,4,594,0.0,1.0
story_plain_bb_M2_ae_M2_fp32,libero_object,4,595,0.0,1.0
story_plain_bb_M2_ae_M2_fp32,libero_object,4,596,0.0,1.0
story_plain_bb_M2_ae_M2_fp32,libero_object,4,597,0.90625,0.09375
story_plain_bb_M2_ae_M2_fp32,libero_object,4,598,0.0,1.0
story_plain_bb_M2_ae_M2_fp32,libero_object,4,599,0.0,1.0
story_plain_bb_M2_ae_M2_fp32,libero_object,5,600,0.0,1.0
story_plain_bb_M2_ae_M2_fp32,libero_object,5,601,0.0,1.0
story_plain_bb_M2_ae_M2_fp32,libero_object,5,602,0.96875,0.03125
story_plain_bb_M2_ae_M2_fp32,libero_object,5,603,0.0,1.0
story_plain_bb_M2_ae_M2_fp32,libero_object,5,604,0.0,1.0
story_plain_bb_M2_ae_M2_fp32,libero_object,5,605,0.0,1.0
story_plain_bb_M2_ae_M2_fp32,libero_object,5,606,0.0,1.0
story_plain_bb_M2_ae_M2_fp32,libero_object,5,607,0.71875,0.28125
story_plain_bb_M2_ae_M2_fp32,libero_object,5,608,0.0,1.0
story_plain_bb_M2_ae_M2_fp32,libero_object,5,609,0.0,1.0
story_plain_bb_M2_ae_M2_fp32,libero_object,5,610,0.0,1.0
story_plain_bb_M2_ae_M2_fp32,libero_object,5,611,0.0,1.0
story_plain_bb_M2_ae_M2_fp32,libero_object,5,612,0.0,1.0
story_plain_bb_M2_ae_M2_fp32,libero_object,5,613,0.0,1.0
story_plain_bb_M2_ae_M2_fp32,libero_object,5,614,0.96875,0.03125
story_plain_bb_M2_ae_M2_fp32,libero_object,5,615,0.0,1.0
story_plain_bb_M2_ae_M2_fp32,libero_object,5,616,1.0,0.0
story_plain_bb_M2_ae_M2_fp32,libero_object,5,617,0.0,1.0
story_plain_bb_M2_ae_M2_fp32,libero_object,5,618,0.84375,0.15625
story_plain_bb_M2_ae_M2_fp32,libero_object,5,619,0.0,1.0
story_plain_bb_M2_ae_M2_fp32,libero_object,5,620,0.0,1.0
story_plain_bb_M2_ae_M2_fp32,libero_object,5,621,0.0,1.0
story_plain_bb_M2_ae_M2_fp32,libero_object,5,622,0.0,1.0
story_plain_bb_M2_ae_M2_fp32,libero_object,5,623,0.90625,0.09375
story_plain_bb_M2_ae_M2_fp32,libero_object,5,624,0.0,1.0
story_plain_bb_M2_ae_M2_fp32,libero_object,5,625,0.0,1.0
story_plain_bb_M2_ae_M2_fp32,libero_object,5,626,0.0,1.0
story_plain_bb_M2_ae_M2_fp32,libero_object,5,627,0.0,1.0
story_plain_bb_M2_ae_M2_fp32,libero_object,5,628,0.0,1.0
story_plain_bb_M2_ae_M2_fp32,libero_object,5,629,0.0,1.0
story_plain_bb_M2_ae_M2_fp32,libero_object,5,630,0.0,1.0
story_plain_bb_M2_ae_M2_fp32,libero_object,5,631,0.0,1.0
story_plain_bb_M2_ae_M2_fp32,libero_object,5,632,0.71875,0.28125
story_plain_bb_M2_ae_M2_fp32,libero_object,5,633,0.875,0.125
story_plain_bb_M2_ae_M2_fp32,libero_object,5,634,0.96875,0.03125
story_plain_bb_M2_ae_M2_fp32,libero_object,5,635,0.0,1.0
story_plain_bb_M2_ae_M2_fp32,libero_object,5,636,0.0,1.0
story_plain_bb_M2_ae_M2_fp32,libero_object,5,637,0.0,1.0
story_plain_bb_M2_ae_M2_fp32,libero_object,5,638,0.0,1.0
story_plain_bb_M2_ae_M2_fp32,libero_object,5,639,0.0,1.0
story_plain_bb_M2_ae_M2_fp32,libero_object,6,640,1.0,0.0
story_plain_bb_M2_ae_M2_fp32,libero_object,6,641,1.0,0.0
story_plain_bb_M2_ae_M2_fp32,libero_object,6,642,0.0,1.0
story_plain_bb_M2_ae_M2_fp32,libero_object,6,643,0.0,1.0
story_plain_bb_M2_ae_M2_fp32,libero_object,6,644,1.0,0.0
story_plain_bb_M2_ae_M2_fp32,libero_object,6,645,0.0,1.0
story_plain_bb_M2_ae_M2_fp32,libero_object,6,646,0.0,1.0
story_plain_bb_M2_ae_M2_fp32,libero_object,6,647,0.0,1.0
story_plain_bb_M2_ae_M2_fp32,libero_object,6,648,1.0,0.0
story_plain_bb_M2_ae_M2_fp32,libero_object,6,649,0.9375,0.0625
story_plain_bb_M2_ae_M2_fp32,libero_object,6,650,0.0,1.0
story_plain_bb_M2_ae_M2_fp32,libero_object,6,651,0.0,1.0
story_plain_bb_M2_ae_M2_fp32,libero_object,6,652,0.0,1.0
story_plain_bb_M2_ae_M2_fp32,libero_object,6,653,0.0,1.0
story_plain_bb_M2_ae_M2_fp32,libero_object,6,654,0.0,1.0
story_plain_bb_M2_ae_M2_fp32,libero_object,6,655,0.0,1.0
story_plain_bb_M2_ae_M2_fp32,libero_object,6,656,0.0,1.0
story_plain_bb_M2_ae_M2_fp32,libero_object,6,657,0.0,1.0
story_plain_bb_M2_ae_M2_fp32,libero_object,6,658,0.0,1.0
story_plain_bb_M2_ae_M2_fp32,libero_object,6,659,1.0,0.0
story_plain_bb_M2_ae_M2_fp32,libero_object,6,660,0.0,1.0
story_plain_bb_M2_ae_M2_fp32,libero_object,6,661,0.0,1.0
story_plain_bb_M2_ae_M2_fp32,libero_object,6,662,0.0,1.0
story_plain_bb_M2_ae_M2_fp32,libero_object,6,663,0.0,1.0
story_plain_bb_M2_ae_M2_fp32,libero_object,6,664,0.0,1.0
story_plain_bb_M2_ae_M2_fp32,libero_object,6,665,0.0,1.0
story_plain_bb_M2_ae_M2_fp32,libero_object,6,666,0.0,1.0
story_plain_bb_M2_ae_M2_fp32,libero_object,6,667,0.96875,0.03125
story_plain_bb_M2_ae_M2_fp32,libero_object,6,668,0.0,1.0
story_plain_bb_M2_ae_M2_fp32,libero_object,6,669,0.0,1.0
story_plain_bb_M2_ae_M2_fp32,libero_object,6,670,0.0,1.0
story_plain_bb_M2_ae_M2_fp32,libero_object,6,671,0.0,1.0
story_plain_bb_M2_ae_M2_fp32,libero_object,6,672,0.0,1.0
story_plain_bb_M2_ae_M2_fp32,libero_object,6,673,0.0,1.0
story_plain_bb_M2_ae_M2_fp32,libero_object,6,674,0.96875,0.03125
story_plain_bb_M2_ae_M2_fp32,libero_object,6,675,0.0,1.0
story_plain_bb_M2_ae_M2_fp32,libero_object,6,676,1.0,0.0
story_plain_bb_M2_ae_M2_fp32,libero_object,6,677,1.0,0.0
story_plain_bb_M2_ae_M2_fp32,libero_object,6,678,0.0,1.0
story_plain_bb_M2_ae_M2_fp32,libero_object,6,679,1.0,0.0
story_plain_bb_M2_ae_M2_fp32,libero_object,7,680,0.0,1.0
story_plain_bb_M2_ae_M2_fp32,libero_object,7,681,0.9375,0.0625
story_plain_bb_M2_ae_M2_fp32,libero_object,7,682,0.5625,0.4375
story_plain_bb_M2_ae_M2_fp32,libero_object,7,683,0.75,0.25
story_plain_bb_M2_ae_M2_fp32,libero_object,7,684,0.0,1.0
story_plain_bb_M2_ae_M2_fp32,libero_object,7,685,0.0,1.0
story_plain_bb_M2_ae_M2_fp32,libero_object,7,686,0.0,1.0
story_plain_bb_M2_ae_M2_fp32,libero_object,7,687,0.0,1.0
story_plain_bb_M2_ae_M2_fp32,libero_object,7,688,0.0,1.0
story_plain_bb_M2_ae_M2_fp32,libero_object,7,689,0.0,1.0
story_plain_bb_M2_ae_M2_fp32,libero_object,7,690,0.0,1.0
story_plain_bb_M2_ae_M2_fp32,libero_object,7,691,0.0,1.0
story_plain_bb_M2_ae_M2_fp32,libero_object,7,692,0.9375,0.0625
story_plain_bb_M2_ae_M2_fp32,libero_object,7,693,0.0,1.0
story_plain_bb_M2_ae_M2_fp32,libero_object,7,694,0.0,1.0
story_plain_bb_M2_ae_M2_fp32,libero_object,7,695,0.0,1.0
story_plain_bb_M2_ae_M2_fp32,libero_object,7,696,0.53125,0.46875
story_plain_bb_M2_ae_M2_fp32,libero_object,7,697,0.0,1.0
story_plain_bb_M2_ae_M2_fp32,libero_object,7,698,0.0,1.0
story_plain_bb_M2_ae_M2_fp32,libero_object,7,699,0.0,1.0
story_plain_bb_M2_ae_M2_fp32,libero_object,7,700,0.0,1.0
story_plain_bb_M2_ae_M2_fp32,libero_object,7,701,0.90625,0.09375
story_plain_bb_M2_ae_M2_fp32,libero_object,7,702,0.0,1.0
story_plain_bb_M2_ae_M2_fp32,libero_object,7,703,0.90625,0.09375
story_plain_bb_M2_ae_M2_fp32,libero_object,7,704,0.0,1.0
story_plain_bb_M2_ae_M2_fp32,libero_object,7,705,0.0,1.0
story_plain_bb_M2_ae_M2_fp32,libero_object,7,706,0.78125,0.21875
story_plain_bb_M2_ae_M2_fp32,libero_object,7,707,0.0,1.0
story_plain_bb_M2_ae_M2_fp32,libero_object,7,708,0.0,1.0
story_plain_bb_M2_ae_M2_fp32,libero_object,7,709,0.0,1.0
story_plain_bb_M2_ae_M2_fp32,libero_object,7,710,0.0,1.0
story_plain_bb_M2_ae_M2_fp32,libero_object,7,711,0.0,1.0
story_plain_bb_M2_ae_M2_fp32,libero_object,7,712,0.0,1.0
story_plain_bb_M2_ae_M2_fp32,libero_object,7,713,0.0,1.0
story_plain_bb_M2_ae_M2_fp32,libero_object,7,714,0.9375,0.0625
story_plain_bb_M2_ae_M2_fp32,libero_object,7,715,0.6875,0.3125
story_plain_bb_M2_ae_M2_fp32,libero_object,7,716,0.0,1.0
story_plain_bb_M2_ae_M2_fp32,libero_object,7,717,0.0,1.0
story_plain_bb_M2_ae_M2_fp32,libero_object,7,718,0.0,1.0
story_plain_bb_M2_ae_M2_fp32,libero_object,7,719,0.0,1.0
story_plain_bb_M2_ae_M2_fp32,libero_object,8,720,0.0,1.0
story_plain_bb_M2_ae_M2_fp32,libero_object,8,721,0.0,1.0
story_plain_bb_M2_ae_M2_fp32,libero_object,8,722,0.0,1.0
story_plain_bb_M2_ae_M2_fp32,libero_object,8,723,0.84375,0.15625
story_plain_bb_M2_ae_M2_fp32,libero_object,8,724,0.0,1.0
story_plain_bb_M2_ae_M2_fp32,libero_object,8,725,0.0,1.0
story_plain_bb_M2_ae_M2_fp32,libero_object,8,726,0.0,1.0
story_plain_bb_M2_ae_M2_fp32,libero_object,8,727,0.0,1.0
story_plain_bb_M2_ae_M2_fp32,libero_object,8,728,0.0,1.0
story_plain_bb_M2_ae_M2_fp32,libero_object,8,729,0.0,1.0
story_plain_bb_M2_ae_M2_fp32,libero_object,8,730,0.0,1.0
story_plain_bb_M2_ae_M2_fp32,libero_object,8,731,0.0,1.0
story_plain_bb_M2_ae_M2_fp32,libero_object,8,732,0.0,1.0
story_plain_bb_M2_ae_M2_fp32,libero_object,8,733,1.0,0.0
story_plain_bb_M2_ae_M2_fp32,libero_object,8,734,0.0,1.0
story_plain_bb_M2_ae_M2_fp32,libero_object,8,735,0.0,1.0
story_plain_bb_M2_ae_M2_fp32,libero_object,8,736,1.0,0.0
story_plain_bb_M2_ae_M2_fp32,libero_object,8,737,0.125,0.875
story_plain_bb_M2_ae_M2_fp32,libero_object,8,738,0.0,1.0
story_plain_bb_M2_ae_M2_fp32,libero_object,8,739,0.875,0.09375
story_plain_bb_M2_ae_M2_fp32,libero_object,8,740,0.78125,0.21875
story_plain_bb_M2_ae_M2_fp32,libero_object,8,741,0.0,1.0
story_plain_bb_M2_ae_M2_fp32,libero_object,8,742,0.0,1.0
story_plain_bb_M2_ae_M2_fp32,libero_object,8,743,0.0,1.0
story_plain_bb_M2_ae_M2_fp32,libero_object,8,744,0.0,1.0
story_plain_bb_M2_ae_M2_fp32,libero_object,8,745,0.0,1.0
story_plain_bb_M2_ae_M2_fp32,libero_object,8,746,0.96875,0.03125
story_plain_bb_M2_ae_M2_fp32,libero_object,8,747,0.0,1.0
story_plain_bb_M2_ae_M2_fp32,libero_object,8,748,0.96875,0.03125
story_plain_bb_M2_ae_M2_fp32,libero_object,8,749,0.0,1.0
story_plain_bb_M2_ae_M2_fp32,libero_object,8,750,0.8125,0.1875
story_plain_bb_M2_ae_M2_fp32,libero_object,8,751,0.0,1.0
story_plain_bb_M2_ae_M2_fp32,libero_object,8,752,0.0,1.0
story_plain_bb_M2_ae_M2_fp32,libero_object,8,753,0.0,1.0
story_plain_bb_M2_ae_M2_fp32,libero_object,8,754,0.96875,0.03125
story_plain_bb_M2_ae_M2_fp32,libero_object,8,755,0.96875,0.03125
story_plain_bb_M2_ae_M2_fp32,libero_object,8,756,0.0,1.0
story_plain_bb_M2_ae_M2_fp32,libero_object,8,757,0.0,1.0
story_plain_bb_M2_ae_M2_fp32,libero_object,8,758,0.0,1.0
story_plain_bb_M2_ae_M2_fp32,libero_object,8,759,0.0,1.0
story_plain_bb_M2_ae_M2_fp32,libero_object,9,760,0.0,1.0
story_plain_bb_M2_ae_M2_fp32,libero_object,9,761,0.0,1.0
story_plain_bb_M2_ae_M2_fp32,libero_object,9,762,0.0,1.0
story_plain_bb_M2_ae_M2_fp32,libero_object,9,763,0.0,1.0
story_plain_bb_M2_ae_M2_fp32,libero_object,9,764,0.90625,0.09375
story_plain_bb_M2_ae_M2_fp32,libero_object,9,765,0.90625,0.09375
story_plain_bb_M2_ae_M2_fp32,libero_object,9,766,0.0,1.0
story_plain_bb_M2_ae_M2_fp32,libero_object,9,767,0.9375,0.0625
story_plain_bb_M2_ae_M2_fp32,libero_object,9,768,0.0,1.0
story_plain_bb_M2_ae_M2_fp32,libero_object,9,769,0.0,1.0
story_plain_bb_M2_ae_M2_fp32,libero_object,9,770,0.8125,0.1875
story_plain_bb_M2_ae_M2_fp32,libero_object,9,771,0.59375,0.40625
story_plain_bb_M2_ae_M2_fp32,libero_object,9,772,0.875,0.125
story_plain_bb_M2_ae_M2_fp32,libero_object,9,773,0.96875,0.03125
story_plain_bb_M2_ae_M2_fp32,libero_object,9,774,0.0,1.0
story_plain_bb_M2_ae_M2_fp32,libero_object,9,775,0.96875,0.03125
story_plain_bb_M2_ae_M2_fp32,libero_object,9,776,0.0,1.0
story_plain_bb_M2_ae_M2_fp32,libero_object,9,777,0.0,1.0
story_plain_bb_M2_ae_M2_fp32,libero_object,9,778,0.875,0.125
story_plain_bb_M2_ae_M2_fp32,libero_object,9,779,0.9375,0.0625
story_plain_bb_M2_ae_M2_fp32,libero_object,9,780,0.0,1.0
story_plain_bb_M2_ae_M2_fp32,libero_object,9,781,0.0,1.0
story_plain_bb_M2_ae_M2_fp32,libero_object,9,782,0.0,1.0
story_plain_bb_M2_ae_M2_fp32,libero_object,9,783,0.9375,0.0625
story_plain_bb_M2_ae_M2_fp32,libero_object,9,784,0.0,1.0
story_plain_bb_M2_ae_M2_fp32,libero_object,9,785,0.0,1.0
story_plain_bb_M2_ae_M2_fp32,libero_object,9,786,0.0,1.0
story_plain_bb_M2_ae_M2_fp32,libero_object,9,787,0.96875,0.03125
story_plain_bb_M2_ae_M2_fp32,libero_object,9,788,0.875,0.125
story_plain_bb_M2_ae_M2_fp32,libero_object,9,789,0.0,1.0
story_plain_bb_M2_ae_M2_fp32,libero_object,9,790,0.71875,0.28125
story_plain_bb_M2_ae_M2_fp32,libero_object,9,791,1.0,0.0
story_plain_bb_M2_ae_M2_fp32,libero_object,9,792,0.0,1.0
story_plain_bb_M2_ae_M2_fp32,libero_object,9,793,0.0,1.0
story_plain_bb_M2_ae_M2_fp32,libero_object,9,794,0.0,1.0
story_plain_bb_M2_ae_M2_fp32,libero_object,9,795,0.0,1.0
story_plain_bb_M2_ae_M2_fp32,libero_object,9,796,0.0,1.0
story_plain_bb_M2_ae_M2_fp32,libero_object,9,797,0.0,1.0
story_plain_bb_M2_ae_M2_fp32,libero_object,9,798,0.90625,0.09375
story_plain_bb_M2_ae_M2_fp32,libero_object,9,799,0.0,1.0
story_plain_bb_M2_ae_M2_fp32,libero_spatial,0,0,0.0,1.0
story_plain_bb_M2_ae_M2_fp32,libero_spatial,0,1,0.9375,0.0625
story_plain_bb_M2_ae_M2_fp32,libero_spatial,0,2,1.0,0.0
story_plain_bb_M2_ae_M2_fp32,libero_spatial,0,3,0.96875,0.03125
story_plain_bb_M2_ae_M2_fp32,libero_spatial,0,4,0.0,1.0
story_plain_bb_M2_ae_M2_fp32,libero_spatial,0,5,0.0,1.0
story_plain_bb_M2_ae_M2_fp32,libero_spatial,0,6,0.0,1.0
story_plain_bb_M2_ae_M2_fp32,libero_spatial,0,7,0.0,1.0
story_plain_bb_M2_ae_M2_fp32,libero_spatial,0,8,1.0,0.0
story_plain_bb_M2_ae_M2_fp32,libero_spatial,0,9,0.0,1.0
story_plain_bb_M2_ae_M2_fp32,libero_spatial,0,10,0.96875,0.03125
story_plain_bb_M2_ae_M2_fp32,libero_spatial,0,11,0.78125,0.21875
story_plain_bb_M2_ae_M2_fp32,libero_spatial,0,12,0.0,1.0
story_plain_bb_M2_ae_M2_fp32,libero_spatial,0,13,0.8125,0.1875
story_plain_bb_M2_ae_M2_fp32,libero_spatial,0,14,0.0,1.0
story_plain_bb_M2_ae_M2_fp32,libero_spatial,0,15,0.0,1.0
story_plain_bb_M2_ae_M2_fp32,libero_spatial,0,16,0.96875,0.03125
story_plain_bb_M2_ae_M2_fp32,libero_spatial,0,17,0.0,1.0
story_plain_bb_M2_ae_M2_fp32,libero_spatial,0,18,0.0,1.0
story_plain_bb_M2_ae_M2_fp32,libero_spatial,0,19,0.0,1.0
story_plain_bb_M2_ae_M2_fp32,libero_spatial,0,20,0.9375,0.0625
story_plain_bb_M2_ae_M2_fp32,libero_spatial,0,21,0.90625,0.09375
story_plain_bb_M2_ae_M2_fp32,libero_spatial,0,22,0.875,0.125
story_plain_bb_M2_ae_M2_fp32,libero_spatial,0,23,0.0,1.0
story_plain_bb_M2_ae_M2_fp32,libero_spatial,0,24,0.9375,0.0625
story_plain_bb_M2_ae_M2_fp32,libero_spatial,0,25,0.0,1.0
story_plain_bb_M2_ae_M2_fp32,libero_spatial,0,26,0.0,1.0
story_plain_bb_M2_ae_M2_fp32,libero_spatial,0,27,0.875,0.125
story_plain_bb_M2_ae_M2_fp32,libero_spatial,0,28,0.0,1.0
story_plain_bb_M2_ae_M2_fp32,libero_spatial,0,29,1.0,0.0
story_plain_bb_M2_ae_M2_fp32,libero_spatial,0,30,0.0,1.0
story_plain_bb_M2_ae_M2_fp32,libero_spatial,0,31,0.84375,0.15625
story_plain_bb_M2_ae_M2_fp32,libero_spatial,0,32,0.96875,0.03125
story_plain_bb_M2_ae_M2_fp32,libero_spatial,0,33,0.0,1.0
story_plain_bb_M2_ae_M2_fp32,libero_spatial,0,34,0.90625,0.09375
story_plain_bb_M2_ae_M2_fp32,libero_spatial,0,35,0.0,1.0
story_plain_bb_M2_ae_M2_fp32,libero_spatial,0,36,0.78125,0.21875
story_plain_bb_M2_ae_M2_fp32,libero_spatial,0,37,0.0,1.0
story_plain_bb_M2_ae_M2_fp32,libero_spatial,0,38,0.0,1.0
story_plain_bb_M2_ae_M2_fp32,libero_spatial,0,39,0.0,1.0
story_plain_bb_M2_ae_M2_fp32,libero_spatial,1,40,0.0,1.0
story_plain_bb_M2_ae_M2_fp32,libero_spatial,1,41,0.0,1.0
story_plain_bb_M2_ae_M2_fp32,libero_spatial,1,42,0.625,0.375
story_plain_bb_M2_ae_M2_fp32,libero_spatial,1,43,0.0,1.0
story_plain_bb_M2_ae_M2_fp32,libero_spatial,1,44,0.0,1.0
story_plain_bb_M2_ae_M2_fp32,libero_spatial,1,45,0.0,1.0
story_plain_bb_M2_ae_M2_fp32,libero_spatial,1,46,0.0,1.0
story_plain_bb_M2_ae_M2_fp32,libero_spatial,1,47,0.0,1.0
story_plain_bb_M2_ae_M2_fp32,libero_spatial,1,48,0.0,1.0
story_plain_bb_M2_ae_M2_fp32,libero_spatial,1,49,0.90625,0.09375
story_plain_bb_M2_ae_M2_fp32,libero_spatial,1,50,0.0,1.0
story_plain_bb_M2_ae_M2_fp32,libero_spatial,1,51,0.0,1.0
story_plain_bb_M2_ae_M2_fp32,libero_spatial,1,52,0.0,1.0
story_plain_bb_M2_ae_M2_fp32,libero_spatial,1,53,0.0,1.0
story_plain_bb_M2_ae_M2_fp32,libero_spatial,1,54,0.0,1.0
story_plain_bb_M2_ae_M2_fp32,libero_spatial,1,55,0.0,1.0
story_plain_bb_M2_ae_M2_fp32,libero_spatial,1,56,0.0,1.0
story_plain_bb_M2_ae_M2_fp32,libero_spatial,1,57,0.0,1.0
story_plain_bb_M2_ae_M2_fp32,libero_spatial,1,58,0.0,1.0
story_plain_bb_M2_ae_M2_fp32,libero_spatial,1,59,0.0,1.0
story_plain_bb_M2_ae_M2_fp32,libero_spatial,1,60,0.0,1.0
story_plain_bb_M2_ae_M2_fp32,libero_spatial,1,61,0.0,1.0
story_plain_bb_M2_ae_M2_fp32,libero_spatial,1,62,0.0,1.0
story_plain_bb_M2_ae_M2_fp32,libero_spatial,1,63,0.0,1.0
story_plain_bb_M2_ae_M2_fp32,libero_spatial,1,64,0.0,1.0
story_plain_bb_M2_ae_M2_fp32,libero_spatial,1,65,0.0,1.0
story_plain_bb_M2_ae_M2_fp32,libero_spatial,1,66,0.96875,0.03125
story_plain_bb_M2_ae_M2_fp32,libero_spatial,1,67,0.90625,0.09375
story_plain_bb_M2_ae_M2_fp32,libero_spatial,1,68,0.0,1.0
story_plain_bb_M2_ae_M2_fp32,libero_spatial,1,69,0.0,1.0
story_plain_bb_M2_ae_M2_fp32,libero_spatial,1,70,0.0,1.0
story_plain_bb_M2_ae_M2_fp32,libero_spatial,1,71,0.0,1.0
story_plain_bb_M2_ae_M2_fp32,libero_spatial,1,72,0.0,1.0
story_plain_bb_M2_ae_M2_fp32,libero_spatial,1,73,0.0,1.0
story_plain_bb_M2_ae_M2_fp32,libero_spatial,1,74,0.0,1.0
story_plain_bb_M2_ae_M2_fp32,libero_spatial,1,75,0.0,1.0
story_plain_bb_M2_ae_M2_fp32,libero_spatial,1,76,0.96875,0.03125
story_plain_bb_M2_ae_M2_fp32,libero_spatial,1,77,0.8125,0.1875
story_plain_bb_M2_ae_M2_fp32,libero_spatial,1,78,0.0,1.0
story_plain_bb_M2_ae_M2_fp32,libero_spatial,1,79,0.0,1.0
story_plain_bb_M2_ae_M2_fp32,libero_spatial,2,80,0.9375,0.0625
story_plain_bb_M2_ae_M2_fp32,libero_spatial,2,81,0.75,0.25
story_plain_bb_M2_ae_M2_fp32,libero_spatial,2,82,0.9375,0.0625
story_plain_bb_M2_ae_M2_fp32,libero_spatial,2,83,1.0,0.0
story_plain_bb_M2_ae_M2_fp32,libero_spatial,2,84,0.0,1.0
story_plain_bb_M2_ae_M2_fp32,libero_spatial,2,85,0.90625,0.09375
story_plain_bb_M2_ae_M2_fp32,libero_spatial,2,86,1.0,0.0
story_plain_bb_M2_ae_M2_fp32,libero_spatial,2,87,1.0,0.0
story_plain_bb_M2_ae_M2_fp32,libero_spatial,2,88,0.75,0.25
story_plain_bb_M2_ae_M2_fp32,libero_spatial,2,89,0.75,0.25
story_plain_bb_M2_ae_M2_fp32,libero_spatial,2,90,0.0,1.0
story_plain_bb_M2_ae_M2_fp32,libero_spatial,2,91,0.8125,0.1875
story_plain_bb_M2_ae_M2_fp32,libero_spatial,2,92,0.0,1.0
story_plain_bb_M2_ae_M2_fp32,libero_spatial,2,93,1.0,0.0
story_plain_bb_M2_ae_M2_fp32,libero_spatial,2,94,0.875,0.125
story_plain_bb_M2_ae_M2_fp32,libero_spatial,2,95,0.875,0.125
story_plain_bb_M2_ae_M2_fp32,libero_spatial,2,96,1.0,0.0
story_plain_bb_M2_ae_M2_fp32,libero_spatial,2,97,0.625,0.375
story_plain_bb_M2_ae_M2_fp32,libero_spatial,2,98,0.96875,0.03125
story_plain_bb_M2_ae_M2_fp32,libero_spatial,2,99,0.96875,0.03125
story_plain_bb_M2_ae_M2_fp32,libero_spatial,2,100,0.96875,0.03125
story_plain_bb_M2_ae_M2_fp32,libero_spatial,2,101,0.625,0.375
story_plain_bb_M2_ae_M2_fp32,libero_spatial,2,102,1.0,0.0
story_plain_bb_M2_ae_M2_fp32,libero_spatial,2,103,0.96875,0.03125
story_plain_bb_M2_ae_M2_fp32,libero_spatial,2,104,0.875,0.125
story_plain_bb_M2_ae_M2_fp32,libero_spatial,2,105,1.0,0.0
story_plain_bb_M2_ae_M2_fp32,libero_spatial,2,106,0.625,0.375
story_plain_bb_M2_ae_M2_fp32,libero_spatial,2,107,0.9375,0.0625
story_plain_bb_M2_ae_M2_fp32,libero_spatial,2,108,0.0,1.0
story_plain_bb_M2_ae_M2_fp32,libero_spatial,2,109,0.90625,0.09375
story_plain_bb_M2_ae_M2_fp32,libero_spatial,2,110,0.0,1.0
story_plain_bb_M2_ae_M2_fp32,libero_spatial,2,111,0.875,0.125
story_plain_bb_M2_ae_M2_fp32,libero_spatial,2,112,0.0,1.0
story_plain_bb_M2_ae_M2_fp32,libero_spatial,2,113,0.84375,0.15625
story_plain_bb_M2_ae_M2_fp32,libero_spatial,2,114,0.0,1.0
story_plain_bb_M2_ae_M2_fp32,libero_spatial,2,115,0.0,1.0
story_plain_bb_M2_ae_M2_fp32,libero_spatial,2,116,0.625,0.375
story_plain_bb_M2_ae_M2_fp32,libero_spatial,2,117,0.0,1.0
story_plain_bb_M2_ae_M2_fp32,libero_spatial,2,118,0.96875,0.03125
story_plain_bb_M2_ae_M2_fp32,libero_spatial,2,119,0.96875,0.03125
story_plain_bb_M2_ae_M2_fp32,libero_spatial,3,120,0.0,1.0
story_plain_bb_M2_ae_M2_fp32,libero_spatial,3,121,0.0,1.0
story_plain_bb_M2_ae_M2_fp32,libero_spatial,3,122,0.0,1.0
story_plain_bb_M2_ae_M2_fp32,libero_spatial,3,123,0.0,1.0
story_plain_bb_M2_ae_M2_fp32,libero_spatial,3,124,0.875,0.125
story_plain_bb_M2_ae_M2_fp32,libero_spatial,3,125,0.0,1.0
story_plain_bb_M2_ae_M2_fp32,libero_spatial,3,126,0.0,1.0
story_plain_bb_M2_ae_M2_fp32,libero_spatial,3,127,0.0,1.0
story_plain_bb_M2_ae_M2_fp32,libero_spatial,3,128,0.9375,0.0625
story_plain_bb_M2_ae_M2_fp32,libero_spatial,3,129,0.0,1.0
story_plain_bb_M2_ae_M2_fp32,libero_spatial,3,130,0.0,1.0
story_plain_bb_M2_ae_M2_fp32,libero_spatial,3,131,0.0,1.0
story_plain_bb_M2_ae_M2_fp32,libero_spatial,3,132,0.0,1.0
story_plain_bb_M2_ae_M2_fp32,libero_spatial,3,133,0.0,1.0
story_plain_bb_M2_ae_M2_fp32,libero_spatial,3,134,0.0,1.0
story_plain_bb_M2_ae_M2_fp32,libero_spatial,3,135,0.0,1.0
story_plain_bb_M2_ae_M2_fp32,libero_spatial,3,136,0.0,1.0
story_plain_bb_M2_ae_M2_fp32,libero_spatial,3,137,0.0,1.0
story_plain_bb_M2_ae_M2_fp32,libero_spatial,3,138,0.0,1.0
story_plain_bb_M2_ae_M2_fp32,libero_spatial,3,139,0.96875,0.03125
story_plain_bb_M2_ae_M2_fp32,libero_spatial,3,140,0.0,1.0
story_plain_bb_M2_ae_M2_fp32,libero_spatial,3,141,0.71875,0.28125
story_plain_bb_M2_ae_M2_fp32,libero_spatial,3,142,0.90625,0.09375
story_plain_bb_M2_ae_M2_fp32,libero_spatial,3,143,0.84375,0.15625
story_plain_bb_M2_ae_M2_fp32,libero_spatial,3,144,0.0,1.0
story_plain_bb_M2_ae_M2_fp32,libero_spatial,3,145,0.0,1.0
story_plain_bb_M2_ae_M2_fp32,libero_spatial,3,146,0.90625,0.09375
story_plain_bb_M2_ae_M2_fp32,libero_spatial,3,147,0.0,1.0
story_plain_bb_M2_ae_M2_fp32,libero_spatial,3,148,0.0,1.0
story_plain_bb_M2_ae_M2_fp32,libero_spatial,3,149,0.0,1.0
story_plain_bb_M2_ae_M2_fp32,libero_spatial,3,150,0.0,1.0
story_plain_bb_M2_ae_M2_fp32,libero_spatial,3,151,1.0,0.0
story_plain_bb_M2_ae_M2_fp32,libero_spatial,3,152,0.0,1.0
story_plain_bb_M2_ae_M2_fp32,libero_spatial,3,153,0.0,1.0
story_plain_bb_M2_ae_M2_fp32,libero_spatial,3,154,0.0,1.0
story_plain_bb_M2_ae_M2_fp32,libero_spatial,3,155,0.0,1.0
story_plain_bb_M2_ae_M2_fp32,libero_spatial,3,156,0.96875,0.03125
story_plain_bb_M2_ae_M2_fp32,libero_spatial,3,157,0.84375,0.15625
story_plain_bb_M2_ae_M2_fp32,libero_spatial,3,158,0.0,1.0
story_plain_bb_M2_ae_M2_fp32,libero_spatial,3,159,0.875,0.125
story_plain_bb_M2_ae_M2_fp32,libero_spatial,4,160,0.0,1.0
story_plain_bb_M2_ae_M2_fp32,libero_spatial,4,161,0.0,1.0
story_plain_bb_M2_ae_M2_fp32,libero_spatial,4,162,0.0,1.0
story_plain_bb_M2_ae_M2_fp32,libero_spatial,4,163,0.0,1.0
story_plain_bb_M2_ae_M2_fp32,libero_spatial,4,164,0.0,1.0
story_plain_bb_M2_ae_M2_fp32,libero_spatial,4,165,1.0,0.0
story_plain_bb_M2_ae_M2_fp32,libero_spatial,4,166,1.0,0.0
story_plain_bb_M2_ae_M2_fp32,libero_spatial,4,167,0.65625,0.34375
story_plain_bb_M2_ae_M2_fp32,libero_spatial,4,168,0.90625,0.09375
story_plain_bb_M2_ae_M2_fp32,libero_spatial,4,169,0.0,1.0
story_plain_bb_M2_ae_M2_fp32,libero_spatial,4,170,0.9375,0.0625
story_plain_bb_M2_ae_M2_fp32,libero_spatial,4,171,0.0,1.0
story_plain_bb_M2_ae_M2_fp32,libero_spatial,4,172,0.96875,0.03125
story_plain_bb_M2_ae_M2_fp32,libero_spatial,4,173,0.0,1.0
story_plain_bb_M2_ae_M2_fp32,libero_spatial,4,174,0.0,1.0
story_plain_bb_M2_ae_M2_fp32,libero_spatial,4,175,0.0,1.0
story_plain_bb_M2_ae_M2_fp32,libero_spatial,4,176,0.0,1.0
story_plain_bb_M2_ae_M2_fp32,libero_spatial,4,177,0.9375,0.0625
story_plain_bb_M2_ae_M2_fp32,libero_spatial,4,178,0.875,0.125
story_plain_bb_M2_ae_M2_fp32,libero_spatial,4,179,0.9375,0.0625
story_plain_bb_M2_ae_M2_fp32,libero_spatial,4,180,0.0,1.0
story_plain_bb_M2_ae_M2_fp32,libero_spatial,4,181,0.0,1.0
story_plain_bb_M2_ae_M2_fp32,libero_spatial,4,182,0.0,1.0
story_plain_bb_M2_ae_M2_fp32,libero_spatial,4,183,0.96875,0.03125
story_plain_bb_M2_ae_M2_fp32,libero_spatial,4,184,0.0,1.0
story_plain_bb_M2_ae_M2_fp32,libero_spatial,4,185,0.0,1.0
story_plain_bb_M2_ae_M2_fp32,libero_spatial,4,186,0.96875,0.03125
story_plain_bb_M2_ae_M2_fp32,libero_spatial,4,187,0.0,1.0
story_plain_bb_M2_ae_M2_fp32,libero_spatial,4,188,0.0,1.0
story_plain_bb_M2_ae_M2_fp32,libero_spatial,4,189,1.0,0.0
story_plain_bb_M2_ae_M2_fp32,libero_spatial,4,190,0.0,1.0
story_plain_bb_M2_ae_M2_fp32,libero_spatial,4,191,0.0,1.0
story_plain_bb_M2_ae_M2_fp32,libero_spatial,4,192,0.0,1.0
story_plain_bb_M2_ae_M2_fp32,libero_spatial,4,193,0.0,1.0
story_plain_bb_M2_ae_M2_fp32,libero_spatial,4,194,0.0,1.0
story_plain_bb_M2_ae_M2_fp32,libero_spatial,4,195,1.0,0.0
story_plain_bb_M2_ae_M2_fp32,libero_spatial,4,196,0.0,1.0
story_plain_bb_M2_ae_M2_fp32,libero_spatial,4,197,1.0,0.0
story_plain_bb_M2_ae_M2_fp32,libero_spatial,4,198,0.0,1.0
story_plain_bb_M2_ae_M2_fp32,libero_spatial,4,199,0.9375,0.0625
story_plain_bb_M2_ae_M2_fp32,libero_spatial,5,200,0.0,1.0
story_plain_bb_M2_ae_M2_fp32,libero_spatial,5,201,0.0,1.0
story_plain_bb_M2_ae_M2_fp32,libero_spatial,5,202,0.0,1.0
story_plain_bb_M2_ae_M2_fp32,libero_spatial,5,203,0.0,1.0
story_plain_bb_M2_ae_M2_fp32,libero_spatial,5,204,0.0,1.0
story_plain_bb_M2_ae_M2_fp32,libero_spatial,5,205,0.0,1.0
story_plain_bb_M2_ae_M2_fp32,libero_spatial,5,206,0.0,1.0
story_plain_bb_M2_ae_M2_fp32,libero_spatial,5,207,0.0,1.0
story_plain_bb_M2_ae_M2_fp32,libero_spatial,5,208,0.0,1.0
story_plain_bb_M2_ae_M2_fp32,libero_spatial,5,209,1.0,0.0
story_plain_bb_M2_ae_M2_fp32,libero_spatial,5,210,0.0,1.0
story_plain_bb_M2_ae_M2_fp32,libero_spatial,5,211,0.0,1.0
story_plain_bb_M2_ae_M2_fp32,libero_spatial,5,212,0.0,1.0
story_plain_bb_M2_ae_M2_fp32,libero_spatial,5,213,0.0,1.0
story_plain_bb_M2_ae_M2_fp32,libero_spatial,5,214,0.0,1.0
story_plain_bb_M2_ae_M2_fp32,libero_spatial,5,215,0.0,1.0
story_plain_bb_M2_ae_M2_fp32,libero_spatial,5,216,0.0,1.0
story_plain_bb_M2_ae_M2_fp32,libero_spatial,5,217,0.0,1.0
story_plain_bb_M2_ae_M2_fp32,libero_spatial,5,218,0.0,1.0
story_plain_bb_M2_ae_M2_fp32,libero_spatial,5,219,0.0,1.0
story_plain_bb_M2_ae_M2_fp32,libero_spatial,5,220,0.0,1.0
story_plain_bb_M2_ae_M2_fp32,libero_spatial,5,221,0.0,1.0
story_plain_bb_M2_ae_M2_fp32,libero_spatial,5,222,0.0,1.0
story_plain_bb_M2_ae_M2_fp32,libero_spatial,5,223,0.0,1.0
story_plain_bb_M2_ae_M2_fp32,libero_spatial,5,224,0.0,1.0
story_plain_bb_M2_ae_M2_fp32,libero_spatial,5,225,0.0,1.0
story_plain_bb_M2_ae_M2_fp32,libero_spatial,5,226,1.0,0.0
story_plain_bb_M2_ae_M2_fp32,libero_spatial,5,227,1.0,0.0
story_plain_bb_M2_ae_M2_fp32,libero_spatial,5,228,0.0,1.0
story_plain_bb_M2_ae_M2_fp32,libero_spatial,5,229,0.0,1.0
story_plain_bb_M2_ae_M2_fp32,libero_spatial,5,230,0.0,1.0
story_plain_bb_M2_ae_M2_fp32,libero_spatial,5,231,0.875,0.125
story_plain_bb_M2_ae_M2_fp32,libero_spatial,5,232,0.0,1.0
story_plain_bb_M2_ae_M2_fp32,libero_spatial,5,233,0.0,1.0
story_plain_bb_M2_ae_M2_fp32,libero_spatial,5,234,0.0,1.0
story_plain_bb_M2_ae_M2_fp32,libero_spatial,5,235,0.0,1.0
story_plain_bb_M2_ae_M2_fp32,libero_spatial,5,236,0.0,1.0
story_plain_bb_M2_ae_M2_fp32,libero_spatial,5,237,0.0,1.0
story_plain_bb_M2_ae_M2_fp32,libero_spatial,5,238,0.0,1.0
story_plain_bb_M2_ae_M2_fp32,libero_spatial,5,239,0.0,1.0
story_plain_bb_M2_ae_M2_fp32,libero_spatial,6,240,0.8125,0.1875
story_plain_bb_M2_ae_M2_fp32,libero_spatial,6,241,0.0,1.0
story_plain_bb_M2_ae_M2_fp32,libero_spatial,6,242,0.0,1.0
story_plain_bb_M2_ae_M2_fp32,libero_spatial,6,243,0.8125,0.1875
story_plain_bb_M2_ae_M2_fp32,libero_spatial,6,244,0.0,1.0
story_plain_bb_M2_ae_M2_fp32,libero_spatial,6,245,0.0,1.0
story_plain_bb_M2_ae_M2_fp32,libero_spatial,6,246,0.0,1.0
story_plain_bb_M2_ae_M2_fp32,libero_spatial,6,247,0.0,1.0
story_plain_bb_M2_ae_M2_fp32,libero_spatial,6,248,0.0,1.0
story_plain_bb_M2_ae_M2_fp32,libero_spatial,6,249,0.0,1.0
story_plain_bb_M2_ae_M2_fp32,libero_spatial,6,250,0.0,1.0
story_plain_bb_M2_ae_M2_fp32,libero_spatial,6,251,0.875,0.125
story_plain_bb_M2_ae_M2_fp32,libero_spatial,6,252,1.0,0.0
story_plain_bb_M2_ae_M2_fp32,libero_spatial,6,253,0.0,1.0
story_plain_bb_M2_ae_M2_fp32,libero_spatial,6,254,0.78125,0.21875
story_plain_bb_M2_ae_M2_fp32,libero_spatial,6,255,0.0,1.0
story_plain_bb_M2_ae_M2_fp32,libero_spatial,6,256,0.0,1.0
story_plain_bb_M2_ae_M2_fp32,libero_spatial,6,257,0.90625,0.09375
story_plain_bb_M2_ae_M2_fp32,libero_spatial,6,258,0.0,1.0
story_plain_bb_M2_ae_M2_fp32,libero_spatial,6,259,0.0,1.0
story_plain_bb_M2_ae_M2_fp32,libero_spatial,6,260,0.6875,0.3125
story_plain_bb_M2_ae_M2_fp32,libero_spatial,6,261,0.0,1.0
story_plain_bb_M2_ae_M2_fp32,libero_spatial,6,262,0.0,1.0
story_plain_bb_M2_ae_M2_fp32,libero_spatial,6,263,0.0,1.0
story_plain_bb_M2_ae_M2_fp32,libero_spatial,6,264,0.90625,0.09375
story_plain_bb_M2_ae_M2_fp32,libero_spatial,6,265,0.0,1.0
story_plain_bb_M2_ae_M2_fp32,libero_spatial,6,266,0.0,1.0
story_plain_bb_M2_ae_M2_fp32,libero_spatial,6,267,0.96875,0.03125
story_plain_bb_M2_ae_M2_fp32,libero_spatial,6,268,0.0,1.0
story_plain_bb_M2_ae_M2_fp32,libero_spatial,6,269,0.9375,0.0625
story_plain_bb_M2_ae_M2_fp32,libero_spatial,6,270,0.0,1.0
story_plain_bb_M2_ae_M2_fp32,libero_spatial,6,271,0.9375,0.0625
story_plain_bb_M2_ae_M2_fp32,libero_spatial,6,272,0.78125,0.21875
story_plain_bb_M2_ae_M2_fp32,libero_spatial,6,273,0.84375,0.15625
story_plain_bb_M2_ae_M2_fp32,libero_spatial,6,274,0.90625,0.09375
story_plain_bb_M2_ae_M2_fp32,libero_spatial,6,275,0.0,1.0
story_plain_bb_M2_ae_M2_fp32,libero_spatial,6,276,0.0,1.0
story_plain_bb_M2_ae_M2_fp32,libero_spatial,6,277,0.0,1.0
story_plain_bb_M2_ae_M2_fp32,libero_spatial,6,278,1.0,0.0
story_plain_bb_M2_ae_M2_fp32,libero_spatial,6,279,0.0,1.0
story_plain_bb_M2_ae_M2_fp32,libero_spatial,7,280,0.90625,0.09375
story_plain_bb_M2_ae_M2_fp32,libero_spatial,7,281,0.0,1.0
story_plain_bb_M2_ae_M2_fp32,libero_spatial,7,282,0.0,1.0
story_plain_bb_M2_ae_M2_fp32,libero_spatial,7,283,0.0,1.0
story_plain_bb_M2_ae_M2_fp32,libero_spatial,7,284,0.0,1.0
story_plain_bb_M2_ae_M2_fp32,libero_spatial,7,285,0.0,1.0
story_plain_bb_M2_ae_M2_fp32,libero_spatial,7,286,0.0,1.0
story_plain_bb_M2_ae_M2_fp32,libero_spatial,7,287,0.0,1.0
story_plain_bb_M2_ae_M2_fp32,libero_spatial,7,288,0.0,1.0
story_plain_bb_M2_ae_M2_fp32,libero_spatial,7,289,0.0,1.0
story_plain_bb_M2_ae_M2_fp32,libero_spatial,7,290,0.0,1.0
story_plain_bb_M2_ae_M2_fp32,libero_spatial,7,291,0.0,1.0
story_plain_bb_M2_ae_M2_fp32,libero_spatial,7,292,0.0,1.0
story_plain_bb_M2_ae_M2_fp32,libero_spatial,7,293,0.0,1.0
story_plain_bb_M2_ae_M2_fp32,libero_spatial,7,294,0.0,1.0
story_plain_bb_M2_ae_M2_fp32,libero_spatial,7,295,0.84375,0.15625
story_plain_bb_M2_ae_M2_fp32,libero_spatial,7,296,0.0,1.0
story_plain_bb_M2_ae_M2_fp32,libero_spatial,7,297,0.0,1.0
story_plain_bb_M2_ae_M2_fp32,libero_spatial,7,298,0.84375,0.15625
story_plain_bb_M2_ae_M2_fp32,libero_spatial,7,299,0.0,1.0
story_plain_bb_M2_ae_M2_fp32,libero_spatial,7,300,0.0,1.0
story_plain_bb_M2_ae_M2_fp32,libero_spatial,7,301,0.9375,0.0625
story_plain_bb_M2_ae_M2_fp32,libero_spatial,7,302,0.96875,0.03125
story_plain_bb_M2_ae_M2_fp32,libero_spatial,7,303,0.0,1.0
story_plain_bb_M2_ae_M2_fp32,libero_spatial,7,304,0.0,1.0
story_plain_bb_M2_ae_M2_fp32,libero_spatial,7,305,0.0,1.0
story_plain_bb_M2_ae_M2_fp32,libero_spatial,7,306,0.96875,0.03125
story_plain_bb_M2_ae_M2_fp32,libero_spatial,7,307,0.6875,0.3125
story_plain_bb_M2_ae_M2_fp32,libero_spatial,7,308,0.0,1.0
story_plain_bb_M2_ae_M2_fp32,libero_spatial,7,309,0.0,1.0
story_plain_bb_M2_ae_M2_fp32,libero_spatial,7,310,0.0,1.0
story_plain_bb_M2_ae_M2_fp32,libero_spatial,7,311,0.0,1.0
story_plain_bb_M2_ae_M2_fp32,libero_spatial,7,312,0.0,1.0
story_plain_bb_M2_ae_M2_fp32,libero_spatial,7,313,0.0,1.0
story_plain_bb_M2_ae_M2_fp32,libero_spatial,7,314,0.65625,0.34375
story_plain_bb_M2_ae_M2_fp32,libero_spatial,7,315,0.0,1.0
story_plain_bb_M2_ae_M2_fp32,libero_spatial,7,316,0.0,1.0
story_plain_bb_M2_ae_M2_fp32,libero_spatial,7,317,0.0,1.0
story_plain_bb_M2_ae_M2_fp32,libero_spatial,7,318,0.875,0.125
story_plain_bb_M2_ae_M2_fp32,libero_spatial,7,319,0.78125,0.21875
story_plain_bb_M2_ae_M2_fp32,libero_spatial,8,320,0.96875,0.03125
story_plain_bb_M2_ae_M2_fp32,libero_spatial,8,321,0.75,0.25
story_plain_bb_M2_ae_M2_fp32,libero_spatial,8,322,0.0,1.0
story_plain_bb_M2_ae_M2_fp32,libero_spatial,8,323,0.0,1.0
story_plain_bb_M2_ae_M2_fp32,libero_spatial,8,324,0.0,1.0
story_plain_bb_M2_ae_M2_fp32,libero_spatial,8,325,0.96875,0.03125
story_plain_bb_M2_ae_M2_fp32,libero_spatial,8,326,0.0,1.0
story_plain_bb_M2_ae_M2_fp32,libero_spatial,8,327,0.875,0.125
story_plain_bb_M2_ae_M2_fp32,libero_spatial,8,328,0.9375,0.0625
story_plain_bb_M2_ae_M2_fp32,libero_spatial,8,329,0.8125,0.1875
story_plain_bb_M2_ae_M2_fp32,libero_spatial,8,330,1.0,0.0
story_plain_bb_M2_ae_M2_fp32,libero_spatial,8,331,0.0,1.0
story_plain_bb_M2_ae_M2_fp32,libero_spatial,8,332,0.65625,0.34375
story_plain_bb_M2_ae_M2_fp32,libero_spatial,8,333,0.875,0.125
story_plain_bb_M2_ae_M2_fp32,libero_spatial,8,334,0.0,1.0
story_plain_bb_M2_ae_M2_fp32,libero_spatial,8,335,0.0,1.0
story_plain_bb_M2_ae_M2_fp32,libero_spatial,8,336,0.84375,0.15625
story_plain_bb_M2_ae_M2_fp32,libero_spatial,8,337,0.8125,0.1875
story_plain_bb_M2_ae_M2_fp32,libero_spatial,8,338,0.65625,0.34375
story_plain_bb_M2_ae_M2_fp32,libero_spatial,8,339,0.96875,0.03125
story_plain_bb_M2_ae_M2_fp32,libero_spatial,8,340,0.8125,0.1875
story_plain_bb_M2_ae_M2_fp32,libero_spatial,8,341,0.0,1.0
story_plain_bb_M2_ae_M2_fp32,libero_spatial,8,342,0.90625,0.09375
story_plain_bb_M2_ae_M2_fp32,libero_spatial,8,343,0.875,0.125
story_plain_bb_M2_ae_M2_fp32,libero_spatial,8,344,0.0,1.0
story_plain_bb_M2_ae_M2_fp32,libero_spatial,8,345,1.0,0.0
story_plain_bb_M2_ae_M2_fp32,libero_spatial,8,346,0.0,1.0
story_plain_bb_M2_ae_M2_fp32,libero_spatial,8,347,0.0,1.0
story_plain_bb_M2_ae_M2_fp32,libero_spatial,8,348,0.75,0.25
story_plain_bb_M2_ae_M2_fp32,libero_spatial,8,349,0.84375,0.15625
story_plain_bb_M2_ae_M2_fp32,libero_spatial,8,350,0.0,1.0
story_plain_bb_M2_ae_M2_fp32,libero_spatial,8,351,0.0,1.0
story_plain_bb_M2_ae_M2_fp32,libero_spatial,8,352,0.96875,0.03125
story_plain_bb_M2_ae_M2_fp32,libero_spatial,8,353,0.9375,0.0625
story_plain_bb_M2_ae_M2_fp32,libero_spatial,8,354,0.0,1.0
story_plain_bb_M2_ae_M2_fp32,libero_spatial,8,355,0.9375,0.0625
story_plain_bb_M2_ae_M2_fp32,libero_spatial,8,356,0.9375,0.0625
story_plain_bb_M2_ae_M2_fp32,libero_spatial,8,357,0.71875,0.28125
story_plain_bb_M2_ae_M2_fp32,libero_spatial,8,358,0.0,1.0
story_plain_bb_M2_ae_M2_fp32,libero_spatial,8,359,0.0,1.0
story_plain_bb_M2_ae_M2_fp32,libero_spatial,9,360,0.0,1.0
story_plain_bb_M2_ae_M2_fp32,libero_spatial,9,361,0.0,1.0
story_plain_bb_M2_ae_M2_fp32,libero_spatial,9,362,0.0,1.0
story_plain_bb_M2_ae_M2_fp32,libero_spatial,9,363,0.0,1.0
story_plain_bb_M2_ae_M2_fp32,libero_spatial,9,364,0.0,1.0
story_plain_bb_M2_ae_M2_fp32,libero_spatial,9,365,0.0,1.0
story_plain_bb_M2_ae_M2_fp32,libero_spatial,9,366,0.0,1.0
story_plain_bb_M2_ae_M2_fp32,libero_spatial,9,367,0.0,1.0
story_plain_bb_M2_ae_M2_fp32,libero_spatial,9,368,0.875,0.125
story_plain_bb_M2_ae_M2_fp32,libero_spatial,9,369,0.9375,0.0625
story_plain_bb_M2_ae_M2_fp32,libero_spatial,9,370,0.0,1.0
story_plain_bb_M2_ae_M2_fp32,libero_spatial,9,371,0.0,1.0
story_plain_bb_M2_ae_M2_fp32,libero_spatial,9,372,1.0,0.0
story_plain_bb_M2_ae_M2_fp32,libero_spatial,9,373,0.0,1.0
story_plain_bb_M2_ae_M2_fp32,libero_spatial,9,374,0.0,1.0
story_plain_bb_M2_ae_M2_fp32,libero_spatial,9,375,0.0,1.0
story_plain_bb_M2_ae_M2_fp32,libero_spatial,9,376,0.0,1.0
story_plain_bb_M2_ae_M2_fp32,libero_spatial,9,377,0.96875,0.03125
story_plain_bb_M2_ae_M2_fp32,libero_spatial,9,378,0.0,1.0
story_plain_bb_M2_ae_M2_fp32,libero_spatial,9,379,0.0,1.0
story_plain_bb_M2_ae_M2_fp32,libero_spatial,9,380,0.0,1.0
story_plain_bb_M2_ae_M2_fp32,libero_spatial,9,381,0.0,1.0
story_plain_bb_M2_ae_M2_fp32,libero_spatial,9,382,0.0,1.0
story_plain_bb_M2_ae_M2_fp32,libero_spatial,9,383,0.0,1.0
story_plain_bb_M2_ae_M2_fp32,libero_spatial,9,384,0.0,1.0
story_plain_bb_M2_ae_M2_fp32,libero_spatial,9,385,0.0,1.0
story_plain_bb_M2_ae_M2_fp32,libero_spatial,9,386,0.0,1.0
story_plain_bb_M2_ae_M2_fp32,libero_spatial,9,387,0.0,1.0
story_plain_bb_M2_ae_M2_fp32,libero_spatial,9,388,0.0,1.0
story_plain_bb_M2_ae_M2_fp32,libero_spatial,9,389,0.0,1.0
story_plain_bb_M2_ae_M2_fp32,libero_spatial,9,390,0.90625,0.09375
story_plain_bb_M2_ae_M2_fp32,libero_spatial,9,391,0.0,1.0
story_plain_bb_M2_ae_M2_fp32,libero_spatial,9,392,0.0,1.0
story_plain_bb_M2_ae_M2_fp32,libero_spatial,9,393,0.0,1.0
story_plain_bb_M2_ae_M2_fp32,libero_spatial,9,394,0.0,1.0
story_plain_bb_M2_ae_M2_fp32,libero_spatial,9,395,0.96875,0.03125
story_plain_bb_M2_ae_M2_fp32,libero_spatial,9,396,0.0,1.0
story_plain_bb_M2_ae_M2_fp32,libero_spatial,9,397,0.96875,0.03125
story_plain_bb_M2_ae_M2_fp32,libero_spatial,9,398,0.0,1.0
story_plain_bb_M2_ae_M2_fp32,libero_spatial,9,399,0.0,1.0
bb_M3_ae_M2_fp32,libero_10,0,1200,0.0,1.0
bb_M3_ae_M2_fp32,libero_10,0,1201,0.0,1.0
bb_M3_ae_M2_fp32,libero_10,0,1202,0.0,1.0
bb_M3_ae_M2_fp32,libero_10,0,1203,0.0,1.0
bb_M3_ae_M2_fp32,libero_10,0,1204,0.0,1.0
bb_M3_ae_M2_fp32,libero_10,0,1205,0.0,1.0
bb_M3_ae_M2_fp32,libero_10,0,1206,0.0,1.0
bb_M3_ae_M2_fp32,libero_10,0,1207,0.0,1.0
bb_M3_ae_M2_fp32,libero_10,0,1208,0.0,1.0
bb_M3_ae_M2_fp32,libero_10,0,1209,0.0,1.0
bb_M3_ae_M2_fp32,libero_10,0,1210,0.25,0.75
bb_M3_ae_M2_fp32,libero_10,0,1211,0.0,1.0
bb_M3_ae_M2_fp32,libero_10,0,1212,0.0,1.0
bb_M3_ae_M2_fp32,libero_10,0,1213,0.0,1.0
bb_M3_ae_M2_fp32,libero_10,0,1214,0.0,1.0
bb_M3_ae_M2_fp32,libero_10,0,1215,0.0,1.0
bb_M3_ae_M2_fp32,libero_10,0,1216,0.0,1.0
bb_M3_ae_M2_fp32,libero_10,0,1217,0.75,0.25
bb_M3_ae_M2_fp32,libero_10,0,1218,0.0,1.0
bb_M3_ae_M2_fp32,libero_10,0,1219,0.0,1.0
bb_M3_ae_M2_fp32,libero_10,0,1220,0.0,1.0
bb_M3_ae_M2_fp32,libero_10,0,1221,0.0,1.0
bb_M3_ae_M2_fp32,libero_10,0,1222,0.0,1.0
bb_M3_ae_M2_fp32,libero_10,0,1223,0.0,1.0
bb_M3_ae_M2_fp32,libero_10,0,1224,0.0,1.0
bb_M3_ae_M2_fp32,libero_10,0,1225,0.53125,0.46875
bb_M3_ae_M2_fp32,libero_10,0,1226,0.0,1.0
bb_M3_ae_M2_fp32,libero_10,0,1227,0.0,1.0
bb_M3_ae_M2_fp32,libero_10,0,1228,0.0,1.0
bb_M3_ae_M2_fp32,libero_10,0,1229,0.0,1.0
bb_M3_ae_M2_fp32,libero_10,0,1230,0.84375,0.15625
bb_M3_ae_M2_fp32,libero_10,0,1231,0.0,1.0
bb_M3_ae_M2_fp32,libero_10,0,1232,0.0,1.0
bb_M3_ae_M2_fp32,libero_10,0,1233,0.0,1.0
bb_M3_ae_M2_fp32,libero_10,0,1234,0.0,1.0
bb_M3_ae_M2_fp32,libero_10,0,1235,0.0,1.0
bb_M3_ae_M2_fp32,libero_10,0,1236,0.0,1.0
bb_M3_ae_M2_fp32,libero_10,0,1237,0.0,1.0
bb_M3_ae_M2_fp32,libero_10,0,1238,0.0,1.0
bb_M3_ae_M2_fp32,libero_10,0,1239,0.25,0.75
bb_M3_ae_M2_fp32,libero_10,1,1240,0.0,1.0
bb_M3_ae_M2_fp32,libero_10,1,1241,0.0,1.0
bb_M3_ae_M2_fp32,libero_10,1,1242,0.0,1.0
bb_M3_ae_M2_fp32,libero_10,1,1243,0.0,1.0
bb_M3_ae_M2_fp32,libero_10,1,1244,0.0,1.0
bb_M3_ae_M2_fp32,libero_10,1,1245,0.0625,0.9375
bb_M3_ae_M2_fp32,libero_10,1,1246,0.0,1.0
bb_M3_ae_M2_fp32,libero_10,1,1247,0.0,1.0
bb_M3_ae_M2_fp32,libero_10,1,1248,0.0,1.0
bb_M3_ae_M2_fp32,libero_10,1,1249,0.0,1.0
bb_M3_ae_M2_fp32,libero_10,1,1250,0.0,1.0
bb_M3_ae_M2_fp32,libero_10,1,1251,0.0,1.0
bb_M3_ae_M2_fp32,libero_10,1,1252,0.0,1.0
bb_M3_ae_M2_fp32,libero_10,1,1253,0.0,1.0
bb_M3_ae_M2_fp32,libero_10,1,1254,0.0,1.0
bb_M3_ae_M2_fp32,libero_10,1,1255,0.0,1.0
bb_M3_ae_M2_fp32,libero_10,1,1256,0.0,1.0
bb_M3_ae_M2_fp32,libero_10,1,1257,0.0,1.0
bb_M3_ae_M2_fp32,libero_10,1,1258,0.0,1.0
bb_M3_ae_M2_fp32,libero_10,1,1259,0.0,1.0
bb_M3_ae_M2_fp32,libero_10,1,1260,0.0,1.0
bb_M3_ae_M2_fp32,libero_10,1,1261,0.03125,0.96875
bb_M3_ae_M2_fp32,libero_10,1,1262,0.875,0.125
bb_M3_ae_M2_fp32,libero_10,1,1263,0.0,1.0
bb_M3_ae_M2_fp32,libero_10,1,1264,0.0,1.0
bb_M3_ae_M2_fp32,libero_10,1,1265,0.0,1.0
bb_M3_ae_M2_fp32,libero_10,1,1266,0.0,1.0
bb_M3_ae_M2_fp32,libero_10,1,1267,0.0,1.0
bb_M3_ae_M2_fp32,libero_10,1,1268,0.0,1.0
bb_M3_ae_M2_fp32,libero_10,1,1269,0.0,1.0
bb_M3_ae_M2_fp32,libero_10,1,1270,0.0,1.0
bb_M3_ae_M2_fp32,libero_10,1,1271,0.0,1.0
bb_M3_ae_M2_fp32,libero_10,1,1272,0.0,1.0
bb_M3_ae_M2_fp32,libero_10,1,1273,0.0,1.0
bb_M3_ae_M2_fp32,libero_10,1,1274,0.0,1.0
bb_M3_ae_M2_fp32,libero_10,1,1275,0.1875,0.8125
bb_M3_ae_M2_fp32,libero_10,1,1276,0.875,0.125
bb_M3_ae_M2_fp32,libero_10,1,1277,0.0,1.0
bb_M3_ae_M2_fp32,libero_10,1,1278,0.0,1.0
bb_M3_ae_M2_fp32,libero_10,1,1279,0.0,1.0
bb_M3_ae_M2_fp32,libero_10,2,1280,0.0,1.0
bb_M3_ae_M2_fp32,libero_10,2,1281,0.0,1.0
bb_M3_ae_M2_fp32,libero_10,2,1282,0.0,1.0
bb_M3_ae_M2_fp32,libero_10,2,1283,0.21875,0.78125
bb_M3_ae_M2_fp32,libero_10,2,1284,0.625,0.375
bb_M3_ae_M2_fp32,libero_10,2,1285,0.78125,0.21875
bb_M3_ae_M2_fp32,libero_10,2,1286,0.25,0.75
bb_M3_ae_M2_fp32,libero_10,2,1287,0.78125,0.21875
bb_M3_ae_M2_fp32,libero_10,2,1288,0.75,0.25
bb_M3_ae_M2_fp32,libero_10,2,1289,0.15625,0.84375
bb_M3_ae_M2_fp32,libero_10,2,1290,0.0,1.0
bb_M3_ae_M2_fp32,libero_10,2,1291,0.375,0.625
bb_M3_ae_M2_fp32,libero_10,2,1292,0.46875,0.53125
bb_M3_ae_M2_fp32,libero_10,2,1293,0.71875,0.28125
bb_M3_ae_M2_fp32,libero_10,2,1294,0.0,1.0
bb_M3_ae_M2_fp32,libero_10,2,1295,0.15625,0.84375
bb_M3_ae_M2_fp32,libero_10,2,1296,0.5,0.5
bb_M3_ae_M2_fp32,libero_10,2,1297,0.125,0.875
bb_M3_ae_M2_fp32,libero_10,2,1298,0.125,0.875
bb_M3_ae_M2_fp32,libero_10,2,1299,0.15625,0.84375
bb_M3_ae_M2_fp32,libero_10,2,1300,0.0,1.0
bb_M3_ae_M2_fp32,libero_10,2,1301,0.0,1.0
bb_M3_ae_M2_fp32,libero_10,2,1302,0.0,1.0
bb_M3_ae_M2_fp32,libero_10,2,1303,0.53125,0.46875
bb_M3_ae_M2_fp32,libero_10,2,1304,0.15625,0.84375
bb_M3_ae_M2_fp32,libero_10,2,1305,0.3125,0.6875
bb_M3_ae_M2_fp32,libero_10,2,1306,0.5625,0.4375
bb_M3_ae_M2_fp32,libero_10,2,1307,0.0,1.0
bb_M3_ae_M2_fp32,libero_10,2,1308,0.0,1.0
bb_M3_ae_M2_fp32,libero_10,2,1309,0.0,1.0
bb_M3_ae_M2_fp32,libero_10,2,1310,0.0,1.0
bb_M3_ae_M2_fp32,libero_10,2,1311,0.25,0.75
bb_M3_ae_M2_fp32,libero_10,2,1312,0.28125,0.71875
bb_M3_ae_M2_fp32,libero_10,2,1313,0.375,0.625
bb_M3_ae_M2_fp32,libero_10,2,1314,0.0,1.0
bb_M3_ae_M2_fp32,libero_10,2,1315,0.0,1.0
bb_M3_ae_M2_fp32,libero_10,2,1316,0.0,1.0
bb_M3_ae_M2_fp32,libero_10,2,1317,0.0,1.0
bb_M3_ae_M2_fp32,libero_10,2,1318,0.0,1.0
bb_M3_ae_M2_fp32,libero_10,2,1319,0.53125,0.46875
bb_M3_ae_M2_fp32,libero_10,3,1320,0.0,1.0
bb_M3_ae_M2_fp32,libero_10,3,1321,0.0,1.0
bb_M3_ae_M2_fp32,libero_10,3,1322,0.0,1.0
bb_M3_ae_M2_fp32,libero_10,3,1323,0.0,1.0
bb_M3_ae_M2_fp32,libero_10,3,1324,0.0,1.0
bb_M3_ae_M2_fp32,libero_10,3,1325,0.0,1.0
bb_M3_ae_M2_fp32,libero_10,3,1326,0.0,1.0
bb_M3_ae_M2_fp32,libero_10,3,1327,0.90625,0.09375
bb_M3_ae_M2_fp32,libero_10,3,1328,0.15625,0.84375
bb_M3_ae_M2_fp32,libero_10,3,1329,0.0,1.0
bb_M3_ae_M2_fp32,libero_10,3,1330,0.53125,0.46875
bb_M3_ae_M2_fp32,libero_10,3,1331,0.78125,0.21875
bb_M3_ae_M2_fp32,libero_10,3,1332,0.75,0.25
bb_M3_ae_M2_fp32,libero_10,3,1333,0.0,1.0
bb_M3_ae_M2_fp32,libero_10,3,1334,0.0,1.0
bb_M3_ae_M2_fp32,libero_10,3,1335,0.0,1.0
bb_M3_ae_M2_fp32,libero_10,3,1336,0.0,1.0
bb_M3_ae_M2_fp32,libero_10,3,1337,0.0,1.0
bb_M3_ae_M2_fp32,libero_10,3,1338,0.8125,0.1875
bb_M3_ae_M2_fp32,libero_10,3,1339,0.0,1.0
bb_M3_ae_M2_fp32,libero_10,3,1340,0.0,1.0
bb_M3_ae_M2_fp32,libero_10,3,1341,0.0,1.0
bb_M3_ae_M2_fp32,libero_10,3,1342,0.0,1.0
bb_M3_ae_M2_fp32,libero_10,3,1343,0.46875,0.53125
bb_M3_ae_M2_fp32,libero_10,3,1344,0.65625,0.34375
bb_M3_ae_M2_fp32,libero_10,3,1345,0.0,1.0
bb_M3_ae_M2_fp32,libero_10,3,1346,0.375,0.625
bb_M3_ae_M2_fp32,libero_10,3,1347,0.0,1.0
bb_M3_ae_M2_fp32,libero_10,3,1348,0.0,1.0
bb_M3_ae_M2_fp32,libero_10,3,1349,0.0,1.0
bb_M3_ae_M2_fp32,libero_10,3,1350,0.0,1.0
bb_M3_ae_M2_fp32,libero_10,3,1351,0.0,1.0
bb_M3_ae_M2_fp32,libero_10,3,1352,0.0,1.0
bb_M3_ae_M2_fp32,libero_10,3,1353,0.0,1.0
bb_M3_ae_M2_fp32,libero_10,3,1354,0.0625,0.9375
bb_M3_ae_M2_fp32,libero_10,3,1355,0.0,1.0
bb_M3_ae_M2_fp32,libero_10,3,1356,0.0625,0.9375
bb_M3_ae_M2_fp32,libero_10,3,1357,0.0,1.0
bb_M3_ae_M2_fp32,libero_10,3,1358,0.0,1.0
bb_M3_ae_M2_fp32,libero_10,3,1359,0.0,1.0
bb_M3_ae_M2_fp32,libero_10,4,1360,0.0,1.0
bb_M3_ae_M2_fp32,libero_10,4,1361,0.0,1.0
bb_M3_ae_M2_fp32,libero_10,4,1362,0.0,1.0
bb_M3_ae_M2_fp32,libero_10,4,1363,0.0,1.0
bb_M3_ae_M2_fp32,libero_10,4,1364,0.5,0.5
bb_M3_ae_M2_fp32,libero_10,4,1365,0.28125,0.71875
bb_M3_ae_M2_fp32,libero_10,4,1366,0.0,1.0
bb_M3_ae_M2_fp32,libero_10,4,1367,0.0,1.0
bb_M3_ae_M2_fp32,libero_10,4,1368,0.0,1.0
bb_M3_ae_M2_fp32,libero_10,4,1369,0.0,1.0
bb_M3_ae_M2_fp32,libero_10,4,1370,0.0,1.0
bb_M3_ae_M2_fp32,libero_10,4,1371,0.0,1.0
bb_M3_ae_M2_fp32,libero_10,4,1372,0.0,1.0
bb_M3_ae_M2_fp32,libero_10,4,1373,0.0,1.0
bb_M3_ae_M2_fp32,libero_10,4,1374,0.0,1.0
bb_M3_ae_M2_fp32,libero_10,4,1375,0.0,1.0
bb_M3_ae_M2_fp32,libero_10,4,1376,0.0,1.0
bb_M3_ae_M2_fp32,libero_10,4,1377,0.0,1.0
bb_M3_ae_M2_fp32,libero_10,4,1378,0.0,1.0
bb_M3_ae_M2_fp32,libero_10,4,1379,0.0,1.0
bb_M3_ae_M2_fp32,libero_10,4,1380,0.0,1.0
bb_M3_ae_M2_fp32,libero_10,4,1381,0.0,1.0
bb_M3_ae_M2_fp32,libero_10,4,1382,0.0,1.0
bb_M3_ae_M2_fp32,libero_10,4,1383,0.0,1.0
bb_M3_ae_M2_fp32,libero_10,4,1384,0.0,1.0
bb_M3_ae_M2_fp32,libero_10,4,1385,0.0,1.0
bb_M3_ae_M2_fp32,libero_10,4,1386,0.0,1.0
bb_M3_ae_M2_fp32,libero_10,4,1387,0.0,1.0
bb_M3_ae_M2_fp32,libero_10,4,1388,0.0,1.0
bb_M3_ae_M2_fp32,libero_10,4,1389,0.0,1.0
bb_M3_ae_M2_fp32,libero_10,4,1390,0.3125,0.6875
bb_M3_ae_M2_fp32,libero_10,4,1391,0.0,1.0
bb_M3_ae_M2_fp32,libero_10,4,1392,0.0,1.0
bb_M3_ae_M2_fp32,libero_10,4,1393,0.15625,0.84375
bb_M3_ae_M2_fp32,libero_10,4,1394,0.0,1.0
bb_M3_ae_M2_fp32,libero_10,4,1395,0.0,1.0
bb_M3_ae_M2_fp32,libero_10,4,1396,0.0,1.0
bb_M3_ae_M2_fp32,libero_10,4,1397,0.0,1.0
bb_M3_ae_M2_fp32,libero_10,4,1398,0.0,1.0
bb_M3_ae_M2_fp32,libero_10,4,1399,0.0,1.0
bb_M3_ae_M2_fp32,libero_10,5,1400,0.0,1.0
bb_M3_ae_M2_fp32,libero_10,5,1401,0.0,1.0
bb_M3_ae_M2_fp32,libero_10,5,1402,0.0,1.0
bb_M3_ae_M2_fp32,libero_10,5,1403,0.0,1.0
bb_M3_ae_M2_fp32,libero_10,5,1404,0.0,1.0
bb_M3_ae_M2_fp32,libero_10,5,1405,0.0,1.0
bb_M3_ae_M2_fp32,libero_10,5,1406,0.0,1.0
bb_M3_ae_M2_fp32,libero_10,5,1407,0.0,1.0
bb_M3_ae_M2_fp32,libero_10,5,1408,0.0,1.0
bb_M3_ae_M2_fp32,libero_10,5,1409,0.0,1.0
bb_M3_ae_M2_fp32,libero_10,5,1410,0.0,1.0
bb_M3_ae_M2_fp32,libero_10,5,1411,0.0,1.0
bb_M3_ae_M2_fp32,libero_10,5,1412,0.0,1.0
bb_M3_ae_M2_fp32,libero_10,5,1413,0.0,1.0
bb_M3_ae_M2_fp32,libero_10,5,1414,0.0,1.0
bb_M3_ae_M2_fp32,libero_10,5,1415,0.0,1.0
bb_M3_ae_M2_fp32,libero_10,5,1416,0.0,1.0
bb_M3_ae_M2_fp32,libero_10,5,1417,0.0,1.0
bb_M3_ae_M2_fp32,libero_10,5,1418,0.0,1.0
bb_M3_ae_M2_fp32,libero_10,5,1419,0.0,1.0
bb_M3_ae_M2_fp32,libero_10,5,1420,0.0,1.0
bb_M3_ae_M2_fp32,libero_10,5,1421,0.0,1.0
bb_M3_ae_M2_fp32,libero_10,5,1422,0.0,1.0
bb_M3_ae_M2_fp32,libero_10,5,1423,0.0,1.0
bb_M3_ae_M2_fp32,libero_10,5,1424,0.0,1.0
bb_M3_ae_M2_fp32,libero_10,5,1425,0.0,1.0
bb_M3_ae_M2_fp32,libero_10,5,1426,0.0,1.0
bb_M3_ae_M2_fp32,libero_10,5,1427,0.0,1.0
bb_M3_ae_M2_fp32,libero_10,5,1428,0.0,1.0
bb_M3_ae_M2_fp32,libero_10,5,1429,0.0,1.0
bb_M3_ae_M2_fp32,libero_10,5,1430,0.0,1.0
bb_M3_ae_M2_fp32,libero_10,5,1431,0.0,1.0
bb_M3_ae_M2_fp32,libero_10,5,1432,0.0,1.0
bb_M3_ae_M2_fp32,libero_10,5,1433,0.0,1.0
bb_M3_ae_M2_fp32,libero_10,5,1434,0.375,0.625
bb_M3_ae_M2_fp32,libero_10,5,1435,0.0,1.0
bb_M3_ae_M2_fp32,libero_10,5,1436,0.0,1.0
bb_M3_ae_M2_fp32,libero_10,5,1437,0.0,1.0
bb_M3_ae_M2_fp32,libero_10,5,1438,0.90625,0.09375
bb_M3_ae_M2_fp32,libero_10,5,1439,0.0,1.0
bb_M3_ae_M2_fp32,libero_10,6,1440,0.0,1.0
bb_M3_ae_M2_fp32,libero_10,6,1441,0.0,1.0
bb_M3_ae_M2_fp32,libero_10,6,1442,0.0,1.0
bb_M3_ae_M2_fp32,libero_10,6,1443,0.0,1.0
bb_M3_ae_M2_fp32,libero_10,6,1444,0.0,1.0
bb_M3_ae_M2_fp32,libero_10,6,1445,0.0,1.0
bb_M3_ae_M2_fp32,libero_10,6,1446,0.0,1.0
bb_M3_ae_M2_fp32,libero_10,6,1447,0.0,1.0
bb_M3_ae_M2_fp32,libero_10,6,1448,0.0,1.0
bb_M3_ae_M2_fp32,libero_10,6,1449,0.0,1.0
bb_M3_ae_M2_fp32,libero_10,6,1450,0.0,1.0
bb_M3_ae_M2_fp32,libero_10,6,1451,0.0,1.0
bb_M3_ae_M2_fp32,libero_10,6,1452,0.0,1.0
bb_M3_ae_M2_fp32,libero_10,6,1453,0.0,1.0
bb_M3_ae_M2_fp32,libero_10,6,1454,0.0,1.0
bb_M3_ae_M2_fp32,libero_10,6,1455,0.0,1.0
bb_M3_ae_M2_fp32,libero_10,6,1456,0.0,1.0
bb_M3_ae_M2_fp32,libero_10,6,1457,0.0,1.0
bb_M3_ae_M2_fp32,libero_10,6,1458,0.0,1.0
bb_M3_ae_M2_fp32,libero_10,6,1459,0.0,1.0
bb_M3_ae_M2_fp32,libero_10,6,1460,0.0,1.0
bb_M3_ae_M2_fp32,libero_10,6,1461,0.0,1.0
bb_M3_ae_M2_fp32,libero_10,6,1462,0.0,1.0
bb_M3_ae_M2_fp32,libero_10,6,1463,0.0,1.0
bb_M3_ae_M2_fp32,libero_10,6,1464,0.0,1.0
bb_M3_ae_M2_fp32,libero_10,6,1465,0.0,1.0
bb_M3_ae_M2_fp32,libero_10,6,1466,0.0,1.0
bb_M3_ae_M2_fp32,libero_10,6,1467,0.0,1.0
bb_M3_ae_M2_fp32,libero_10,6,1468,0.0,1.0
bb_M3_ae_M2_fp32,libero_10,6,1469,0.0,1.0
bb_M3_ae_M2_fp32,libero_10,6,1470,0.0,1.0
bb_M3_ae_M2_fp32,libero_10,6,1471,0.0,1.0
bb_M3_ae_M2_fp32,libero_10,6,1472,0.0,1.0
bb_M3_ae_M2_fp32,libero_10,6,1473,0.0,1.0
bb_M3_ae_M2_fp32,libero_10,6,1474,0.0,1.0
bb_M3_ae_M2_fp32,libero_10,6,1475,0.0,1.0
bb_M3_ae_M2_fp32,libero_10,6,1476,0.0,1.0
bb_M3_ae_M2_fp32,libero_10,6,1477,0.0,1.0
bb_M3_ae_M2_fp32,libero_10,6,1478,0.0,1.0
bb_M3_ae_M2_fp32,libero_10,6,1479,0.0,1.0
bb_M3_ae_M2_fp32,libero_10,7,1480,0.0,1.0
bb_M3_ae_M2_fp32,libero_10,7,1481,0.0,1.0
bb_M3_ae_M2_fp32,libero_10,7,1482,0.0,1.0
bb_M3_ae_M2_fp32,libero_10,7,1483,0.0,1.0
bb_M3_ae_M2_fp32,libero_10,7,1484,0.25,0.75
bb_M3_ae_M2_fp32,libero_10,7,1485,0.0,1.0
bb_M3_ae_M2_fp32,libero_10,7,1486,0.0,1.0
bb_M3_ae_M2_fp32,libero_10,7,1487,0.0,1.0
bb_M3_ae_M2_fp32,libero_10,7,1488,0.0,1.0
bb_M3_ae_M2_fp32,libero_10,7,1489,0.0,1.0
bb_M3_ae_M2_fp32,libero_10,7,1490,0.0,1.0
bb_M3_ae_M2_fp32,libero_10,7,1491,0.0,1.0
bb_M3_ae_M2_fp32,libero_10,7,1492,0.0,1.0
bb_M3_ae_M2_fp32,libero_10,7,1493,0.0,1.0
bb_M3_ae_M2_fp32,libero_10,7,1494,0.0,1.0
bb_M3_ae_M2_fp32,libero_10,7,1495,0.0,1.0
bb_M3_ae_M2_fp32,libero_10,7,1496,0.0,1.0
bb_M3_ae_M2_fp32,libero_10,7,1497,0.0,1.0
bb_M3_ae_M2_fp32,libero_10,7,1498,0.0,1.0
bb_M3_ae_M2_fp32,libero_10,7,1499,0.0,1.0
bb_M3_ae_M2_fp32,libero_10,7,1500,0.0,1.0
bb_M3_ae_M2_fp32,libero_10,7,1501,0.0,1.0
bb_M3_ae_M2_fp32,libero_10,7,1502,0.0,1.0
bb_M3_ae_M2_fp32,libero_10,7,1503,0.0,1.0
bb_M3_ae_M2_fp32,libero_10,7,1504,0.0,1.0
bb_M3_ae_M2_fp32,libero_10,7,1505,0.0,1.0
bb_M3_ae_M2_fp32,libero_10,7,1506,0.0,1.0
bb_M3_ae_M2_fp32,libero_10,7,1507,0.0,1.0
bb_M3_ae_M2_fp32,libero_10,7,1508,0.0,1.0
bb_M3_ae_M2_fp32,libero_10,7,1509,0.0,1.0
bb_M3_ae_M2_fp32,libero_10,7,1510,0.0,1.0
bb_M3_ae_M2_fp32,libero_10,7,1511,0.0,1.0
bb_M3_ae_M2_fp32,libero_10,7,1512,0.0,1.0
bb_M3_ae_M2_fp32,libero_10,7,1513,0.0,1.0
bb_M3_ae_M2_fp32,libero_10,7,1514,0.0,1.0
bb_M3_ae_M2_fp32,libero_10,7,1515,0.0,1.0
bb_M3_ae_M2_fp32,libero_10,7,1516,0.0,1.0
bb_M3_ae_M2_fp32,libero_10,7,1517,0.0,1.0
bb_M3_ae_M2_fp32,libero_10,7,1518,0.0,1.0
bb_M3_ae_M2_fp32,libero_10,7,1519,0.0,1.0
bb_M3_ae_M2_fp32,libero_10,8,1520,0.0,1.0
bb_M3_ae_M2_fp32,libero_10,8,1521,0.0,1.0
bb_M3_ae_M2_fp32,libero_10,8,1522,0.0,1.0
bb_M3_ae_M2_fp32,libero_10,8,1523,0.0,1.0
bb_M3_ae_M2_fp32,libero_10,8,1524,0.0,1.0
bb_M3_ae_M2_fp32,libero_10,8,1525,0.0,1.0
bb_M3_ae_M2_fp32,libero_10,8,1526,0.0,1.0
bb_M3_ae_M2_fp32,libero_10,8,1527,0.0,1.0
bb_M3_ae_M2_fp32,libero_10,8,1528,0.0,1.0
bb_M3_ae_M2_fp32,libero_10,8,1529,0.0,1.0
bb_M3_ae_M2_fp32,libero_10,8,1530,0.0,1.0
bb_M3_ae_M2_fp32,libero_10,8,1531,0.0,1.0
bb_M3_ae_M2_fp32,libero_10,8,1532,0.0,1.0
bb_M3_ae_M2_fp32,libero_10,8,1533,0.0,1.0
bb_M3_ae_M2_fp32,libero_10,8,1534,0.0,1.0
bb_M3_ae_M2_fp32,libero_10,8,1535,0.96875,0.03125
bb_M3_ae_M2_fp32,libero_10,8,1536,0.0,1.0
bb_M3_ae_M2_fp32,libero_10,8,1537,0.0,1.0
bb_M3_ae_M2_fp32,libero_10,8,1538,0.0,1.0
bb_M3_ae_M2_fp32,libero_10,8,1539,0.0,1.0
bb_M3_ae_M2_fp32,libero_10,8,1540,0.0,1.0
bb_M3_ae_M2_fp32,libero_10,8,1541,0.90625,0.09375
bb_M3_ae_M2_fp32,libero_10,8,1542,0.0,1.0
bb_M3_ae_M2_fp32,libero_10,8,1543,0.0,1.0
bb_M3_ae_M2_fp32,libero_10,8,1544,0.0,1.0
bb_M3_ae_M2_fp32,libero_10,8,1545,0.0,1.0
bb_M3_ae_M2_fp32,libero_10,8,1546,0.84375,0.15625
bb_M3_ae_M2_fp32,libero_10,8,1547,0.0,1.0
bb_M3_ae_M2_fp32,libero_10,8,1548,0.0,1.0
bb_M3_ae_M2_fp32,libero_10,8,1549,0.0,1.0
bb_M3_ae_M2_fp32,libero_10,8,1550,0.0,1.0
bb_M3_ae_M2_fp32,libero_10,8,1551,0.0625,0.9375
bb_M3_ae_M2_fp32,libero_10,8,1552,0.0,1.0
bb_M3_ae_M2_fp32,libero_10,8,1553,0.0,1.0
bb_M3_ae_M2_fp32,libero_10,8,1554,0.0,1.0
bb_M3_ae_M2_fp32,libero_10,8,1555,0.0,1.0
bb_M3_ae_M2_fp32,libero_10,8,1556,0.0,1.0
bb_M3_ae_M2_fp32,libero_10,8,1557,0.8125,0.1875
bb_M3_ae_M2_fp32,libero_10,8,1558,0.71875,0.28125
bb_M3_ae_M2_fp32,libero_10,8,1559,0.0,1.0
bb_M3_ae_M2_fp32,libero_10,9,1560,0.0,1.0
bb_M3_ae_M2_fp32,libero_10,9,1561,0.0,1.0
bb_M3_ae_M2_fp32,libero_10,9,1562,0.0,1.0
bb_M3_ae_M2_fp32,libero_10,9,1563,0.0,1.0
bb_M3_ae_M2_fp32,libero_10,9,1564,0.03125,0.96875
bb_M3_ae_M2_fp32,libero_10,9,1565,0.59375,0.40625
bb_M3_ae_M2_fp32,libero_10,9,1566,0.0,1.0
bb_M3_ae_M2_fp32,libero_10,9,1567,0.0,1.0
bb_M3_ae_M2_fp32,libero_10,9,1568,0.0,1.0
bb_M3_ae_M2_fp32,libero_10,9,1569,0.0,1.0
bb_M3_ae_M2_fp32,libero_10,9,1570,0.0,1.0
bb_M3_ae_M2_fp32,libero_10,9,1571,0.0,1.0
bb_M3_ae_M2_fp32,libero_10,9,1572,0.0,1.0
bb_M3_ae_M2_fp32,libero_10,9,1573,0.0,1.0
bb_M3_ae_M2_fp32,libero_10,9,1574,0.5625,0.4375
bb_M3_ae_M2_fp32,libero_10,9,1575,0.03125,0.96875
bb_M3_ae_M2_fp32,libero_10,9,1576,0.0,1.0
bb_M3_ae_M2_fp32,libero_10,9,1577,0.0,1.0
bb_M3_ae_M2_fp32,libero_10,9,1578,0.71875,0.28125
bb_M3_ae_M2_fp32,libero_10,9,1579,0.0,1.0
bb_M3_ae_M2_fp32,libero_10,9,1580,0.0,1.0
bb_M3_ae_M2_fp32,libero_10,9,1581,0.0,1.0
bb_M3_ae_M2_fp32,libero_10,9,1582,0.0625,0.9375
bb_M3_ae_M2_fp32,libero_10,9,1583,0.84375,0.15625
bb_M3_ae_M2_fp32,libero_10,9,1584,0.0,1.0
bb_M3_ae_M2_fp32,libero_10,9,1585,0.0,1.0
bb_M3_ae_M2_fp32,libero_10,9,1586,0.0,1.0
bb_M3_ae_M2_fp32,libero_10,9,1587,0.1875,0.8125
bb_M3_ae_M2_fp32,libero_10,9,1588,0.0,1.0
bb_M3_ae_M2_fp32,libero_10,9,1589,0.125,0.875
bb_M3_ae_M2_fp32,libero_10,9,1590,0.0,1.0
bb_M3_ae_M2_fp32,libero_10,9,1591,0.0,1.0
bb_M3_ae_M2_fp32,libero_10,9,1592,0.875,0.125
bb_M3_ae_M2_fp32,libero_10,9,1593,0.0,1.0
bb_M3_ae_M2_fp32,libero_10,9,1594,0.0,1.0
bb_M3_ae_M2_fp32,libero_10,9,1595,0.0,1.0
bb_M3_ae_M2_fp32,libero_10,9,1596,0.0,1.0
bb_M3_ae_M2_fp32,libero_10,9,1597,0.0,1.0
bb_M3_ae_M2_fp32,libero_10,9,1598,0.1875,0.8125
bb_M3_ae_M2_fp32,libero_10,9,1599,0.0,1.0
bb_M3_ae_M2_fp32,libero_goal,0,800,0.0,1.0
bb_M3_ae_M2_fp32,libero_goal,0,801,0.0,1.0
bb_M3_ae_M2_fp32,libero_goal,0,802,0.0,1.0
bb_M3_ae_M2_fp32,libero_goal,0,803,0.0,1.0
bb_M3_ae_M2_fp32,libero_goal,0,804,0.0,1.0
bb_M3_ae_M2_fp32,libero_goal,0,805,0.0,1.0
bb_M3_ae_M2_fp32,libero_goal,0,806,0.0,1.0
bb_M3_ae_M2_fp32,libero_goal,0,807,0.0,1.0
bb_M3_ae_M2_fp32,libero_goal,0,808,0.0,1.0
bb_M3_ae_M2_fp32,libero_goal,0,809,0.59375,0.40625
bb_M3_ae_M2_fp32,libero_goal,0,810,0.0,1.0
bb_M3_ae_M2_fp32,libero_goal,0,811,0.0,1.0
bb_M3_ae_M2_fp32,libero_goal,0,812,0.0,1.0
bb_M3_ae_M2_fp32,libero_goal,0,813,0.0,1.0
bb_M3_ae_M2_fp32,libero_goal,0,814,0.0,1.0
bb_M3_ae_M2_fp32,libero_goal,0,815,0.0,1.0
bb_M3_ae_M2_fp32,libero_goal,0,816,0.0,1.0
bb_M3_ae_M2_fp32,libero_goal,0,817,0.0,1.0
bb_M3_ae_M2_fp32,libero_goal,0,818,0.0,1.0
bb_M3_ae_M2_fp32,libero_goal,0,819,0.71875,0.28125
bb_M3_ae_M2_fp32,libero_goal,0,820,0.0,1.0
bb_M3_ae_M2_fp32,libero_goal,0,821,0.0,1.0
bb_M3_ae_M2_fp32,libero_goal,0,822,0.40625,0.59375
bb_M3_ae_M2_fp32,libero_goal,0,823,0.0,1.0
bb_M3_ae_M2_fp32,libero_goal,0,824,0.0,1.0
bb_M3_ae_M2_fp32,libero_goal,0,825,0.0,1.0
bb_M3_ae_M2_fp32,libero_goal,0,826,0.0,1.0
bb_M3_ae_M2_fp32,libero_goal,0,827,0.0,1.0
bb_M3_ae_M2_fp32,libero_goal,0,828,0.0,1.0
bb_M3_ae_M2_fp32,libero_goal,0,829,0.0,1.0
bb_M3_ae_M2_fp32,libero_goal,0,830,0.0,1.0
bb_M3_ae_M2_fp32,libero_goal,0,831,0.5625,0.4375
bb_M3_ae_M2_fp32,libero_goal,0,832,0.0,1.0
bb_M3_ae_M2_fp32,libero_goal,0,833,0.0,1.0
bb_M3_ae_M2_fp32,libero_goal,0,834,0.0,1.0
bb_M3_ae_M2_fp32,libero_goal,0,835,0.0,1.0
bb_M3_ae_M2_fp32,libero_goal,0,836,0.0,1.0
bb_M3_ae_M2_fp32,libero_goal,0,837,0.6875,0.3125
bb_M3_ae_M2_fp32,libero_goal,0,838,0.0,1.0
bb_M3_ae_M2_fp32,libero_goal,0,839,0.0,1.0
bb_M3_ae_M2_fp32,libero_goal,1,840,0.0,1.0
bb_M3_ae_M2_fp32,libero_goal,1,841,0.0,1.0
bb_M3_ae_M2_fp32,libero_goal,1,842,0.0,1.0
bb_M3_ae_M2_fp32,libero_goal,1,843,0.0,1.0
bb_M3_ae_M2_fp32,libero_goal,1,844,0.0,1.0
bb_M3_ae_M2_fp32,libero_goal,1,845,0.0,1.0
bb_M3_ae_M2_fp32,libero_goal,1,846,0.0,1.0
bb_M3_ae_M2_fp32,libero_goal,1,847,0.0,1.0
bb_M3_ae_M2_fp32,libero_goal,1,848,0.0,1.0
bb_M3_ae_M2_fp32,libero_goal,1,849,0.0,1.0
bb_M3_ae_M2_fp32,libero_goal,1,850,0.0,1.0
bb_M3_ae_M2_fp32,libero_goal,1,851,0.0,1.0
bb_M3_ae_M2_fp32,libero_goal,1,852,0.0,1.0
bb_M3_ae_M2_fp32,libero_goal,1,853,0.0,1.0
bb_M3_ae_M2_fp32,libero_goal,1,854,0.0,1.0
bb_M3_ae_M2_fp32,libero_goal,1,855,0.0,1.0
bb_M3_ae_M2_fp32,libero_goal,1,856,0.0,1.0
bb_M3_ae_M2_fp32,libero_goal,1,857,0.0,1.0
bb_M3_ae_M2_fp32,libero_goal,1,858,0.0,1.0
bb_M3_ae_M2_fp32,libero_goal,1,859,0.0,1.0
bb_M3_ae_M2_fp32,libero_goal,1,860,0.0,1.0
bb_M3_ae_M2_fp32,libero_goal,1,861,0.0,1.0
bb_M3_ae_M2_fp32,libero_goal,1,862,0.0,1.0
bb_M3_ae_M2_fp32,libero_goal,1,863,0.0,1.0
bb_M3_ae_M2_fp32,libero_goal,1,864,0.0,1.0
bb_M3_ae_M2_fp32,libero_goal,1,865,0.0,1.0
bb_M3_ae_M2_fp32,libero_goal,1,866,0.0,1.0
bb_M3_ae_M2_fp32,libero_goal,1,867,0.0,1.0
bb_M3_ae_M2_fp32,libero_goal,1,868,0.0,1.0
bb_M3_ae_M2_fp32,libero_goal,1,869,0.0,1.0
bb_M3_ae_M2_fp32,libero_goal,1,870,0.15625,0.84375
bb_M3_ae_M2_fp32,libero_goal,1,871,0.0,1.0
bb_M3_ae_M2_fp32,libero_goal,1,872,0.0,1.0
bb_M3_ae_M2_fp32,libero_goal,1,873,0.625,0.375
bb_M3_ae_M2_fp32,libero_goal,1,874,0.0,1.0
bb_M3_ae_M2_fp32,libero_goal,1,875,0.0,1.0
bb_M3_ae_M2_fp32,libero_goal,1,876,0.0,1.0
bb_M3_ae_M2_fp32,libero_goal,1,877,0.0,1.0
bb_M3_ae_M2_fp32,libero_goal,1,878,0.0,1.0
bb_M3_ae_M2_fp32,libero_goal,1,879,0.0,1.0
bb_M3_ae_M2_fp32,libero_goal,2,880,0.0,1.0
bb_M3_ae_M2_fp32,libero_goal,2,881,0.0,1.0
bb_M3_ae_M2_fp32,libero_goal,2,882,0.09375,0.90625
bb_M3_ae_M2_fp32,libero_goal,2,883,0.0625,0.9375
bb_M3_ae_M2_fp32,libero_goal,2,884,0.0,1.0
bb_M3_ae_M2_fp32,libero_goal,2,885,0.1875,0.8125
bb_M3_ae_M2_fp32,libero_goal,2,886,0.0,1.0
bb_M3_ae_M2_fp32,libero_goal,2,887,0.1875,0.8125
bb_M3_ae_M2_fp32,libero_goal,2,888,0.0625,0.9375
bb_M3_ae_M2_fp32,libero_goal,2,889,0.0,1.0
bb_M3_ae_M2_fp32,libero_goal,2,890,0.3125,0.6875
bb_M3_ae_M2_fp32,libero_goal,2,891,0.21875,0.78125
bb_M3_ae_M2_fp32,libero_goal,2,892,0.03125,0.96875
bb_M3_ae_M2_fp32,libero_goal,2,893,0.1875,0.8125
bb_M3_ae_M2_fp32,libero_goal,2,894,0.1875,0.8125
bb_M3_ae_M2_fp32,libero_goal,2,895,0.3125,0.6875
bb_M3_ae_M2_fp32,libero_goal,2,896,0.1875,0.8125
bb_M3_ae_M2_fp32,libero_goal,2,897,0.0,1.0
bb_M3_ae_M2_fp32,libero_goal,2,898,0.03125,0.96875
bb_M3_ae_M2_fp32,libero_goal,2,899,0.0,1.0
bb_M3_ae_M2_fp32,libero_goal,2,900,0.28125,0.71875
bb_M3_ae_M2_fp32,libero_goal,2,901,0.0,1.0
bb_M3_ae_M2_fp32,libero_goal,2,902,0.4375,0.5625
bb_M3_ae_M2_fp32,libero_goal,2,903,0.40625,0.59375
bb_M3_ae_M2_fp32,libero_goal,2,904,0.15625,0.84375
bb_M3_ae_M2_fp32,libero_goal,2,905,0.46875,0.53125
bb_M3_ae_M2_fp32,libero_goal,2,906,0.0,1.0
bb_M3_ae_M2_fp32,libero_goal,2,907,0.0,1.0
bb_M3_ae_M2_fp32,libero_goal,2,908,0.0,1.0
bb_M3_ae_M2_fp32,libero_goal,2,909,0.0,1.0
bb_M3_ae_M2_fp32,libero_goal,2,910,0.0,1.0
bb_M3_ae_M2_fp32,libero_goal,2,911,0.4375,0.5625
bb_M3_ae_M2_fp32,libero_goal,2,912,0.125,0.875
bb_M3_ae_M2_fp32,libero_goal,2,913,0.0,1.0
bb_M3_ae_M2_fp32,libero_goal,2,914,0.125,0.875
bb_M3_ae_M2_fp32,libero_goal,2,915,0.28125,0.71875
bb_M3_ae_M2_fp32,libero_goal,2,916,0.0,1.0
bb_M3_ae_M2_fp32,libero_goal,2,917,0.0,1.0
bb_M3_ae_M2_fp32,libero_goal,2,918,0.0,1.0
bb_M3_ae_M2_fp32,libero_goal,2,919,0.28125,0.71875
bb_M3_ae_M2_fp32,libero_goal,3,920,0.0,1.0
bb_M3_ae_M2_fp32,libero_goal,3,921,0.0,1.0
bb_M3_ae_M2_fp32,libero_goal,3,922,0.0,1.0
bb_M3_ae_M2_fp32,libero_goal,3,923,0.0,1.0
bb_M3_ae_M2_fp32,libero_goal,3,924,0.0,1.0
bb_M3_ae_M2_fp32,libero_goal,3,925,0.0,1.0
bb_M3_ae_M2_fp32,libero_goal,3,926,0.0,1.0
bb_M3_ae_M2_fp32,libero_goal,3,927,0.0,1.0
bb_M3_ae_M2_fp32,libero_goal,3,928,0.0,1.0
bb_M3_ae_M2_fp32,libero_goal,3,929,0.0,1.0
bb_M3_ae_M2_fp32,libero_goal,3,930,0.0,1.0
bb_M3_ae_M2_fp32,libero_goal,3,931,0.0,1.0
bb_M3_ae_M2_fp32,libero_goal,3,932,0.0,1.0
bb_M3_ae_M2_fp32,libero_goal,3,933,0.0,1.0
bb_M3_ae_M2_fp32,libero_goal,3,934,0.0,1.0
bb_M3_ae_M2_fp32,libero_goal,3,935,0.0,1.0
bb_M3_ae_M2_fp32,libero_goal,3,936,0.0,1.0
bb_M3_ae_M2_fp32,libero_goal,3,937,0.0,1.0
bb_M3_ae_M2_fp32,libero_goal,3,938,0.0,1.0
bb_M3_ae_M2_fp32,libero_goal,3,939,0.0,1.0
bb_M3_ae_M2_fp32,libero_goal,3,940,0.0,1.0
bb_M3_ae_M2_fp32,libero_goal,3,941,0.0,1.0
bb_M3_ae_M2_fp32,libero_goal,3,942,0.40625,0.59375
bb_M3_ae_M2_fp32,libero_goal,3,943,0.0,1.0
bb_M3_ae_M2_fp32,libero_goal,3,944,0.0,1.0
bb_M3_ae_M2_fp32,libero_goal,3,945,0.0,1.0
bb_M3_ae_M2_fp32,libero_goal,3,946,0.0,1.0
bb_M3_ae_M2_fp32,libero_goal,3,947,0.0,1.0
bb_M3_ae_M2_fp32,libero_goal,3,948,0.1875,0.8125
bb_M3_ae_M2_fp32,libero_goal,3,949,0.0,1.0
bb_M3_ae_M2_fp32,libero_goal,3,950,0.0,1.0
bb_M3_ae_M2_fp32,libero_goal,3,951,0.0,1.0
bb_M3_ae_M2_fp32,libero_goal,3,952,0.0,1.0
bb_M3_ae_M2_fp32,libero_goal,3,953,0.0,1.0
bb_M3_ae_M2_fp32,libero_goal,3,954,0.0,1.0
bb_M3_ae_M2_fp32,libero_goal,3,955,0.0,1.0
bb_M3_ae_M2_fp32,libero_goal,3,956,0.0,1.0
bb_M3_ae_M2_fp32,libero_goal,3,957,0.0,1.0
bb_M3_ae_M2_fp32,libero_goal,3,958,0.0,1.0
bb_M3_ae_M2_fp32,libero_goal,3,959,0.0,1.0
bb_M3_ae_M2_fp32,libero_goal,4,960,0.0,1.0
bb_M3_ae_M2_fp32,libero_goal,4,961,0.0,1.0
bb_M3_ae_M2_fp32,libero_goal,4,962,0.0,1.0
bb_M3_ae_M2_fp32,libero_goal,4,963,0.0,1.0
bb_M3_ae_M2_fp32,libero_goal,4,964,0.0,1.0
bb_M3_ae_M2_fp32,libero_goal,4,965,0.0,1.0
bb_M3_ae_M2_fp32,libero_goal,4,966,0.0,1.0
bb_M3_ae_M2_fp32,libero_goal,4,967,0.0,1.0
bb_M3_ae_M2_fp32,libero_goal,4,968,0.0,1.0
bb_M3_ae_M2_fp32,libero_goal,4,969,0.65625,0.34375
bb_M3_ae_M2_fp32,libero_goal,4,970,0.0,1.0
bb_M3_ae_M2_fp32,libero_goal,4,971,0.0,1.0
bb_M3_ae_M2_fp32,libero_goal,4,972,0.0,1.0
bb_M3_ae_M2_fp32,libero_goal,4,973,0.0,1.0
bb_M3_ae_M2_fp32,libero_goal,4,974,0.0,1.0
bb_M3_ae_M2_fp32,libero_goal,4,975,0.0,1.0
bb_M3_ae_M2_fp32,libero_goal,4,976,0.0,1.0
bb_M3_ae_M2_fp32,libero_goal,4,977,0.0,1.0
bb_M3_ae_M2_fp32,libero_goal,4,978,0.0,1.0
bb_M3_ae_M2_fp32,libero_goal,4,979,0.0,1.0
bb_M3_ae_M2_fp32,libero_goal,4,980,0.0,1.0
bb_M3_ae_M2_fp32,libero_goal,4,981,0.0,1.0
bb_M3_ae_M2_fp32,libero_goal,4,982,0.0,1.0
bb_M3_ae_M2_fp32,libero_goal,4,983,0.0,1.0
bb_M3_ae_M2_fp32,libero_goal,4,984,0.0,1.0
bb_M3_ae_M2_fp32,libero_goal,4,985,0.0,1.0
bb_M3_ae_M2_fp32,libero_goal,4,986,0.0,1.0
bb_M3_ae_M2_fp32,libero_goal,4,987,0.0,1.0
bb_M3_ae_M2_fp32,libero_goal,4,988,0.0,1.0
bb_M3_ae_M2_fp32,libero_goal,4,989,0.5,0.5
bb_M3_ae_M2_fp32,libero_goal,4,990,0.0,1.0
bb_M3_ae_M2_fp32,libero_goal,4,991,0.0,1.0
bb_M3_ae_M2_fp32,libero_goal,4,992,0.0,1.0
bb_M3_ae_M2_fp32,libero_goal,4,993,0.0,1.0
bb_M3_ae_M2_fp32,libero_goal,4,994,0.0,1.0
bb_M3_ae_M2_fp32,libero_goal,4,995,0.0,1.0
bb_M3_ae_M2_fp32,libero_goal,4,996,0.0,1.0
bb_M3_ae_M2_fp32,libero_goal,4,997,0.0,1.0
bb_M3_ae_M2_fp32,libero_goal,4,998,0.0,1.0
bb_M3_ae_M2_fp32,libero_goal,4,999,0.0,1.0
bb_M3_ae_M2_fp32,libero_goal,5,1000,0.0,1.0
bb_M3_ae_M2_fp32,libero_goal,5,1001,0.0,1.0
bb_M3_ae_M2_fp32,libero_goal,5,1002,0.0,1.0
bb_M3_ae_M2_fp32,libero_goal,5,1003,0.0,1.0
bb_M3_ae_M2_fp32,libero_goal,5,1004,0.0,1.0
bb_M3_ae_M2_fp32,libero_goal,5,1005,0.0,1.0
bb_M3_ae_M2_fp32,libero_goal,5,1006,0.0,1.0
bb_M3_ae_M2_fp32,libero_goal,5,1007,0.0,1.0
bb_M3_ae_M2_fp32,libero_goal,5,1008,0.0,1.0
bb_M3_ae_M2_fp32,libero_goal,5,1009,0.0,1.0
bb_M3_ae_M2_fp32,libero_goal,5,1010,0.0,1.0
bb_M3_ae_M2_fp32,libero_goal,5,1011,0.0,1.0
bb_M3_ae_M2_fp32,libero_goal,5,1012,0.0,1.0
bb_M3_ae_M2_fp32,libero_goal,5,1013,0.0,1.0
bb_M3_ae_M2_fp32,libero_goal,5,1014,0.0,1.0
bb_M3_ae_M2_fp32,libero_goal,5,1015,0.0,1.0
bb_M3_ae_M2_fp32,libero_goal,5,1016,0.0,1.0
bb_M3_ae_M2_fp32,libero_goal,5,1017,0.0,1.0
bb_M3_ae_M2_fp32,libero_goal,5,1018,0.0,1.0
bb_M3_ae_M2_fp32,libero_goal,5,1019,0.0,1.0
bb_M3_ae_M2_fp32,libero_goal,5,1020,0.0,1.0
bb_M3_ae_M2_fp32,libero_goal,5,1021,0.0,1.0
bb_M3_ae_M2_fp32,libero_goal,5,1022,0.0,1.0
bb_M3_ae_M2_fp32,libero_goal,5,1023,0.0,1.0
bb_M3_ae_M2_fp32,libero_goal,5,1024,0.0,1.0
bb_M3_ae_M2_fp32,libero_goal,5,1025,0.0,1.0
bb_M3_ae_M2_fp32,libero_goal,5,1026,0.0,1.0
bb_M3_ae_M2_fp32,libero_goal,5,1027,0.0,1.0
bb_M3_ae_M2_fp32,libero_goal,5,1028,0.0,1.0
bb_M3_ae_M2_fp32,libero_goal,5,1029,0.0,1.0
bb_M3_ae_M2_fp32,libero_goal,5,1030,0.0,1.0
bb_M3_ae_M2_fp32,libero_goal,5,1031,0.0,1.0
bb_M3_ae_M2_fp32,libero_goal,5,1032,0.0,1.0
bb_M3_ae_M2_fp32,libero_goal,5,1033,0.0,1.0
bb_M3_ae_M2_fp32,libero_goal,5,1034,0.0,1.0
bb_M3_ae_M2_fp32,libero_goal,5,1035,0.0,1.0
bb_M3_ae_M2_fp32,libero_goal,5,1036,0.0,1.0
bb_M3_ae_M2_fp32,libero_goal,5,1037,0.0,1.0
bb_M3_ae_M2_fp32,libero_goal,5,1038,0.0,1.0
bb_M3_ae_M2_fp32,libero_goal,5,1039,0.0,1.0
bb_M3_ae_M2_fp32,libero_goal,6,1040,0.0,1.0
bb_M3_ae_M2_fp32,libero_goal,6,1041,0.625,0.375
bb_M3_ae_M2_fp32,libero_goal,6,1042,0.0,1.0
bb_M3_ae_M2_fp32,libero_goal,6,1043,0.0,1.0
bb_M3_ae_M2_fp32,libero_goal,6,1044,0.0,1.0
bb_M3_ae_M2_fp32,libero_goal,6,1045,0.0,1.0
bb_M3_ae_M2_fp32,libero_goal,6,1046,0.0,1.0
bb_M3_ae_M2_fp32,libero_goal,6,1047,0.0,1.0
bb_M3_ae_M2_fp32,libero_goal,6,1048,0.0,1.0
bb_M3_ae_M2_fp32,libero_goal,6,1049,0.0,1.0
bb_M3_ae_M2_fp32,libero_goal,6,1050,0.375,0.625
bb_M3_ae_M2_fp32,libero_goal,6,1051,0.0,1.0
bb_M3_ae_M2_fp32,libero_goal,6,1052,0.0,1.0
bb_M3_ae_M2_fp32,libero_goal,6,1053,0.0,1.0
bb_M3_ae_M2_fp32,libero_goal,6,1054,0.0,1.0
bb_M3_ae_M2_fp32,libero_goal,6,1055,0.0,1.0
bb_M3_ae_M2_fp32,libero_goal,6,1056,0.0,1.0
bb_M3_ae_M2_fp32,libero_goal,6,1057,0.0,1.0
bb_M3_ae_M2_fp32,libero_goal,6,1058,0.0,1.0
bb_M3_ae_M2_fp32,libero_goal,6,1059,0.0,1.0
bb_M3_ae_M2_fp32,libero_goal,6,1060,0.0,1.0
bb_M3_ae_M2_fp32,libero_goal,6,1061,0.0,1.0
bb_M3_ae_M2_fp32,libero_goal,6,1062,0.0,1.0
bb_M3_ae_M2_fp32,libero_goal,6,1063,0.0,1.0
bb_M3_ae_M2_fp32,libero_goal,6,1064,0.0,1.0
bb_M3_ae_M2_fp32,libero_goal,6,1065,0.34375,0.65625
bb_M3_ae_M2_fp32,libero_goal,6,1066,0.53125,0.46875
bb_M3_ae_M2_fp32,libero_goal,6,1067,0.0,1.0
bb_M3_ae_M2_fp32,libero_goal,6,1068,0.0,1.0
bb_M3_ae_M2_fp32,libero_goal,6,1069,0.0,1.0
bb_M3_ae_M2_fp32,libero_goal,6,1070,0.0,1.0
bb_M3_ae_M2_fp32,libero_goal,6,1071,0.0,1.0
bb_M3_ae_M2_fp32,libero_goal,6,1072,0.0,1.0
bb_M3_ae_M2_fp32,libero_goal,6,1073,0.0,1.0
bb_M3_ae_M2_fp32,libero_goal,6,1074,0.0,1.0
bb_M3_ae_M2_fp32,libero_goal,6,1075,0.1875,0.8125
bb_M3_ae_M2_fp32,libero_goal,6,1076,0.0,1.0
bb_M3_ae_M2_fp32,libero_goal,6,1077,0.0,1.0
bb_M3_ae_M2_fp32,libero_goal,6,1078,0.0,1.0
bb_M3_ae_M2_fp32,libero_goal,6,1079,0.0,1.0
bb_M3_ae_M2_fp32,libero_goal,7,1080,0.0,1.0
bb_M3_ae_M2_fp32,libero_goal,7,1081,0.4375,0.5625
bb_M3_ae_M2_fp32,libero_goal,7,1082,0.0,1.0
bb_M3_ae_M2_fp32,libero_goal,7,1083,0.03125,0.96875
bb_M3_ae_M2_fp32,libero_goal,7,1084,0.0,1.0
bb_M3_ae_M2_fp32,libero_goal,7,1085,0.0,1.0
bb_M3_ae_M2_fp32,libero_goal,7,1086,0.0,1.0
bb_M3_ae_M2_fp32,libero_goal,7,1087,0.0,1.0
bb_M3_ae_M2_fp32,libero_goal,7,1088,0.0,1.0
bb_M3_ae_M2_fp32,libero_goal,7,1089,0.0,1.0
bb_M3_ae_M2_fp32,libero_goal,7,1090,0.0,1.0
bb_M3_ae_M2_fp32,libero_goal,7,1091,0.0,1.0
bb_M3_ae_M2_fp32,libero_goal,7,1092,0.0,1.0
bb_M3_ae_M2_fp32,libero_goal,7,1093,0.0,1.0
bb_M3_ae_M2_fp32,libero_goal,7,1094,0.0,1.0
bb_M3_ae_M2_fp32,libero_goal,7,1095,0.0,1.0
bb_M3_ae_M2_fp32,libero_goal,7,1096,0.0,1.0
bb_M3_ae_M2_fp32,libero_goal,7,1097,0.0,1.0
bb_M3_ae_M2_fp32,libero_goal,7,1098,0.0,1.0
bb_M3_ae_M2_fp32,libero_goal,7,1099,0.0,1.0
bb_M3_ae_M2_fp32,libero_goal,7,1100,0.6875,0.3125
bb_M3_ae_M2_fp32,libero_goal,7,1101,0.0,1.0
bb_M3_ae_M2_fp32,libero_goal,7,1102,0.0,1.0
bb_M3_ae_M2_fp32,libero_goal,7,1103,0.0,1.0
bb_M3_ae_M2_fp32,libero_goal,7,1104,0.0,1.0
bb_M3_ae_M2_fp32,libero_goal,7,1105,0.0,1.0
bb_M3_ae_M2_fp32,libero_goal,7,1106,0.0,1.0
bb_M3_ae_M2_fp32,libero_goal,7,1107,0.0,1.0
bb_M3_ae_M2_fp32,libero_goal,7,1108,0.0,1.0
bb_M3_ae_M2_fp32,libero_goal,7,1109,0.0,1.0
bb_M3_ae_M2_fp32,libero_goal,7,1110,0.0,1.0
bb_M3_ae_M2_fp32,libero_goal,7,1111,0.0,1.0
bb_M3_ae_M2_fp32,libero_goal,7,1112,0.0,1.0
bb_M3_ae_M2_fp32,libero_goal,7,1113,0.0,1.0
bb_M3_ae_M2_fp32,libero_goal,7,1114,0.0,1.0
bb_M3_ae_M2_fp32,libero_goal,7,1115,0.0,1.0
bb_M3_ae_M2_fp32,libero_goal,7,1116,0.0,1.0
bb_M3_ae_M2_fp32,libero_goal,7,1117,0.0,1.0
bb_M3_ae_M2_fp32,libero_goal,7,1118,0.0,1.0
bb_M3_ae_M2_fp32,libero_goal,7,1119,0.0,1.0
bb_M3_ae_M2_fp32,libero_goal,8,1120,0.0,1.0
bb_M3_ae_M2_fp32,libero_goal,8,1121,0.0,1.0
bb_M3_ae_M2_fp32,libero_goal,8,1122,0.0,1.0
bb_M3_ae_M2_fp32,libero_goal,8,1123,0.0,1.0
bb_M3_ae_M2_fp32,libero_goal,8,1124,0.0,1.0
bb_M3_ae_M2_fp32,libero_goal,8,1125,0.0,1.0
bb_M3_ae_M2_fp32,libero_goal,8,1126,0.0,1.0
bb_M3_ae_M2_fp32,libero_goal,8,1127,0.0,1.0
bb_M3_ae_M2_fp32,libero_goal,8,1128,0.0,1.0
bb_M3_ae_M2_fp32,libero_goal,8,1129,0.0,1.0
bb_M3_ae_M2_fp32,libero_goal,8,1130,0.8125,0.1875
bb_M3_ae_M2_fp32,libero_goal,8,1131,0.3125,0.6875
bb_M3_ae_M2_fp32,libero_goal,8,1132,0.0,1.0
bb_M3_ae_M2_fp32,libero_goal,8,1133,0.0,1.0
bb_M3_ae_M2_fp32,libero_goal,8,1134,0.0,1.0
bb_M3_ae_M2_fp32,libero_goal,8,1135,0.0,1.0
bb_M3_ae_M2_fp32,libero_goal,8,1136,0.0,1.0
bb_M3_ae_M2_fp32,libero_goal,8,1137,0.0,1.0
bb_M3_ae_M2_fp32,libero_goal,8,1138,0.0,1.0
bb_M3_ae_M2_fp32,libero_goal,8,1139,0.0,1.0
bb_M3_ae_M2_fp32,libero_goal,8,1140,0.0,1.0
bb_M3_ae_M2_fp32,libero_goal,8,1141,0.0,1.0
bb_M3_ae_M2_fp32,libero_goal,8,1142,0.34375,0.65625
bb_M3_ae_M2_fp32,libero_goal,8,1143,0.0,1.0
bb_M3_ae_M2_fp32,libero_goal,8,1144,0.0,1.0
bb_M3_ae_M2_fp32,libero_goal,8,1145,0.53125,0.46875
bb_M3_ae_M2_fp32,libero_goal,8,1146,0.21875,0.78125
bb_M3_ae_M2_fp32,libero_goal,8,1147,0.0,1.0
bb_M3_ae_M2_fp32,libero_goal,8,1148,0.0,1.0
bb_M3_ae_M2_fp32,libero_goal,8,1149,0.0,1.0
bb_M3_ae_M2_fp32,libero_goal,8,1150,0.0,1.0
bb_M3_ae_M2_fp32,libero_goal,8,1151,0.0,1.0
bb_M3_ae_M2_fp32,libero_goal,8,1152,0.0,1.0
bb_M3_ae_M2_fp32,libero_goal,8,1153,0.0,1.0
bb_M3_ae_M2_fp32,libero_goal,8,1154,0.0,1.0
bb_M3_ae_M2_fp32,libero_goal,8,1155,0.0,1.0
bb_M3_ae_M2_fp32,libero_goal,8,1156,0.0,1.0
bb_M3_ae_M2_fp32,libero_goal,8,1157,0.0,1.0
bb_M3_ae_M2_fp32,libero_goal,8,1158,0.0,1.0
bb_M3_ae_M2_fp32,libero_goal,8,1159,0.46875,0.53125
bb_M3_ae_M2_fp32,libero_goal,9,1160,0.0,1.0
bb_M3_ae_M2_fp32,libero_goal,9,1161,0.0,1.0
bb_M3_ae_M2_fp32,libero_goal,9,1162,0.0,1.0
bb_M3_ae_M2_fp32,libero_goal,9,1163,0.0625,0.9375
bb_M3_ae_M2_fp32,libero_goal,9,1164,0.0,1.0
bb_M3_ae_M2_fp32,libero_goal,9,1165,0.0,1.0
bb_M3_ae_M2_fp32,libero_goal,9,1166,0.0,1.0
bb_M3_ae_M2_fp32,libero_goal,9,1167,0.0,1.0
bb_M3_ae_M2_fp32,libero_goal,9,1168,0.0,1.0
bb_M3_ae_M2_fp32,libero_goal,9,1169,0.0,1.0
bb_M3_ae_M2_fp32,libero_goal,9,1170,0.0,1.0
bb_M3_ae_M2_fp32,libero_goal,9,1171,0.0,1.0
bb_M3_ae_M2_fp32,libero_goal,9,1172,0.0,1.0
bb_M3_ae_M2_fp32,libero_goal,9,1173,0.0,1.0
bb_M3_ae_M2_fp32,libero_goal,9,1174,0.0,1.0
bb_M3_ae_M2_fp32,libero_goal,9,1175,0.0,1.0
bb_M3_ae_M2_fp32,libero_goal,9,1176,0.0,1.0
bb_M3_ae_M2_fp32,libero_goal,9,1177,0.0,1.0
bb_M3_ae_M2_fp32,libero_goal,9,1178,0.0,1.0
bb_M3_ae_M2_fp32,libero_goal,9,1179,0.3125,0.6875
bb_M3_ae_M2_fp32,libero_goal,9,1180,0.0,1.0
bb_M3_ae_M2_fp32,libero_goal,9,1181,0.0,1.0
bb_M3_ae_M2_fp32,libero_goal,9,1182,0.1875,0.8125
bb_M3_ae_M2_fp32,libero_goal,9,1183,0.0,1.0
bb_M3_ae_M2_fp32,libero_goal,9,1184,0.0,1.0
bb_M3_ae_M2_fp32,libero_goal,9,1185,0.0,1.0
bb_M3_ae_M2_fp32,libero_goal,9,1186,0.0,1.0
bb_M3_ae_M2_fp32,libero_goal,9,1187,0.0,1.0
bb_M3_ae_M2_fp32,libero_goal,9,1188,0.0,1.0
bb_M3_ae_M2_fp32,libero_goal,9,1189,0.1875,0.8125
bb_M3_ae_M2_fp32,libero_goal,9,1190,0.0,1.0
bb_M3_ae_M2_fp32,libero_goal,9,1191,0.0,1.0
bb_M3_ae_M2_fp32,libero_goal,9,1192,0.0,1.0
bb_M3_ae_M2_fp32,libero_goal,9,1193,0.0,1.0
bb_M3_ae_M2_fp32,libero_goal,9,1194,0.0,1.0
bb_M3_ae_M2_fp32,libero_goal,9,1195,0.0,1.0
bb_M3_ae_M2_fp32,libero_goal,9,1196,0.0,1.0
bb_M3_ae_M2_fp32,libero_goal,9,1197,0.03125,0.96875
bb_M3_ae_M2_fp32,libero_goal,9,1198,0.0,1.0
bb_M3_ae_M2_fp32,libero_goal,9,1199,0.0,1.0
bb_M3_ae_M2_fp32,libero_object,0,400,0.0,1.0
bb_M3_ae_M2_fp32,libero_object,0,401,0.0,1.0
bb_M3_ae_M2_fp32,libero_object,0,402,0.0,1.0
bb_M3_ae_M2_fp32,libero_object,0,403,0.0,1.0
bb_M3_ae_M2_fp32,libero_object,0,404,0.0,1.0
bb_M3_ae_M2_fp32,libero_object,0,405,0.0,1.0
bb_M3_ae_M2_fp32,libero_object,0,406,0.0,1.0
bb_M3_ae_M2_fp32,libero_object,0,407,0.0,1.0
bb_M3_ae_M2_fp32,libero_object,0,408,0.8125,0.1875
bb_M3_ae_M2_fp32,libero_object,0,409,0.0,1.0
bb_M3_ae_M2_fp32,libero_object,0,410,0.15625,0.84375
bb_M3_ae_M2_fp32,libero_object,0,411,0.0,1.0
bb_M3_ae_M2_fp32,libero_object,0,412,0.0,1.0
bb_M3_ae_M2_fp32,libero_object,0,413,0.0,1.0
bb_M3_ae_M2_fp32,libero_object,0,414,0.0,1.0
bb_M3_ae_M2_fp32,libero_object,0,415,0.0,1.0
bb_M3_ae_M2_fp32,libero_object,0,416,0.75,0.25
bb_M3_ae_M2_fp32,libero_object,0,417,0.0,1.0
bb_M3_ae_M2_fp32,libero_object,0,418,0.0,1.0
bb_M3_ae_M2_fp32,libero_object,0,419,0.0,1.0
bb_M3_ae_M2_fp32,libero_object,0,420,0.0,1.0
bb_M3_ae_M2_fp32,libero_object,0,421,0.0,1.0
bb_M3_ae_M2_fp32,libero_object,0,422,0.0,1.0
bb_M3_ae_M2_fp32,libero_object,0,423,0.0,1.0
bb_M3_ae_M2_fp32,libero_object,0,424,0.0,1.0
bb_M3_ae_M2_fp32,libero_object,0,425,0.0,1.0
bb_M3_ae_M2_fp32,libero_object,0,426,0.0,1.0
bb_M3_ae_M2_fp32,libero_object,0,427,0.0,1.0
bb_M3_ae_M2_fp32,libero_object,0,428,0.0,1.0
bb_M3_ae_M2_fp32,libero_object,0,429,0.0,1.0
bb_M3_ae_M2_fp32,libero_object,0,430,0.0,1.0
bb_M3_ae_M2_fp32,libero_object,0,431,0.0,1.0
bb_M3_ae_M2_fp32,libero_object,0,432,0.0,1.0
bb_M3_ae_M2_fp32,libero_object,0,433,0.0,1.0
bb_M3_ae_M2_fp32,libero_object,0,434,0.0,1.0
bb_M3_ae_M2_fp32,libero_object,0,435,0.0,1.0
bb_M3_ae_M2_fp32,libero_object,0,436,0.0,1.0
bb_M3_ae_M2_fp32,libero_object,0,437,0.0,1.0
bb_M3_ae_M2_fp32,libero_object,0,438,0.0,1.0
bb_M3_ae_M2_fp32,libero_object,0,439,0.09375,0.90625
bb_M3_ae_M2_fp32,libero_object,1,440,0.0,1.0
bb_M3_ae_M2_fp32,libero_object,1,441,0.0,1.0
bb_M3_ae_M2_fp32,libero_object,1,442,0.0,1.0
bb_M3_ae_M2_fp32,libero_object,1,443,0.0,1.0
bb_M3_ae_M2_fp32,libero_object,1,444,0.0,1.0
bb_M3_ae_M2_fp32,libero_object,1,445,0.0,1.0
bb_M3_ae_M2_fp32,libero_object,1,446,0.0,1.0
bb_M3_ae_M2_fp32,libero_object,1,447,0.0,1.0
bb_M3_ae_M2_fp32,libero_object,1,448,0.0,1.0
bb_M3_ae_M2_fp32,libero_object,1,449,0.0,1.0
bb_M3_ae_M2_fp32,libero_object,1,450,0.0,1.0
bb_M3_ae_M2_fp32,libero_object,1,451,0.0,1.0
bb_M3_ae_M2_fp32,libero_object,1,452,0.0,1.0
bb_M3_ae_M2_fp32,libero_object,1,453,0.0,1.0
bb_M3_ae_M2_fp32,libero_object,1,454,0.0,1.0
bb_M3_ae_M2_fp32,libero_object,1,455,0.0,1.0
bb_M3_ae_M2_fp32,libero_object,1,456,0.0,1.0
bb_M3_ae_M2_fp32,libero_object,1,457,0.0,1.0
bb_M3_ae_M2_fp32,libero_object,1,458,0.0,1.0
bb_M3_ae_M2_fp32,libero_object,1,459,0.0,1.0
bb_M3_ae_M2_fp32,libero_object,1,460,0.0,1.0
bb_M3_ae_M2_fp32,libero_object,1,461,0.0,1.0
bb_M3_ae_M2_fp32,libero_object,1,462,0.0,1.0
bb_M3_ae_M2_fp32,libero_object,1,463,0.0,1.0
bb_M3_ae_M2_fp32,libero_object,1,464,0.0,1.0
bb_M3_ae_M2_fp32,libero_object,1,465,0.0,1.0
bb_M3_ae_M2_fp32,libero_object,1,466,0.0,1.0
bb_M3_ae_M2_fp32,libero_object,1,467,0.0,1.0
bb_M3_ae_M2_fp32,libero_object,1,468,0.0,1.0
bb_M3_ae_M2_fp32,libero_object,1,469,0.25,0.75
bb_M3_ae_M2_fp32,libero_object,1,470,0.0,1.0
bb_M3_ae_M2_fp32,libero_object,1,471,0.0,1.0
bb_M3_ae_M2_fp32,libero_object,1,472,0.0,1.0
bb_M3_ae_M2_fp32,libero_object,1,473,0.0,1.0
bb_M3_ae_M2_fp32,libero_object,1,474,0.0,1.0
bb_M3_ae_M2_fp32,libero_object,1,475,0.0,1.0
bb_M3_ae_M2_fp32,libero_object,1,476,0.0,1.0
bb_M3_ae_M2_fp32,libero_object,1,477,0.0,1.0
bb_M3_ae_M2_fp32,libero_object,1,478,0.0,1.0
bb_M3_ae_M2_fp32,libero_object,1,479,0.0,1.0
bb_M3_ae_M2_fp32,libero_object,2,480,0.0,1.0
bb_M3_ae_M2_fp32,libero_object,2,481,0.0,1.0
bb_M3_ae_M2_fp32,libero_object,2,482,0.0,1.0
bb_M3_ae_M2_fp32,libero_object,2,483,0.0,1.0
bb_M3_ae_M2_fp32,libero_object,2,484,0.0,1.0
bb_M3_ae_M2_fp32,libero_object,2,485,0.0,1.0
bb_M3_ae_M2_fp32,libero_object,2,486,0.0,1.0
bb_M3_ae_M2_fp32,libero_object,2,487,0.0,1.0
bb_M3_ae_M2_fp32,libero_object,2,488,0.0,1.0
bb_M3_ae_M2_fp32,libero_object,2,489,0.0,1.0
bb_M3_ae_M2_fp32,libero_object,2,490,0.0,1.0
bb_M3_ae_M2_fp32,libero_object,2,491,0.0,1.0
bb_M3_ae_M2_fp32,libero_object,2,492,0.0,1.0
bb_M3_ae_M2_fp32,libero_object,2,493,0.0,1.0
bb_M3_ae_M2_fp32,libero_object,2,494,0.0,1.0
bb_M3_ae_M2_fp32,libero_object,2,495,0.0,1.0
bb_M3_ae_M2_fp32,libero_object,2,496,0.0,1.0
bb_M3_ae_M2_fp32,libero_object,2,497,0.0,1.0
bb_M3_ae_M2_fp32,libero_object,2,498,0.0,1.0
bb_M3_ae_M2_fp32,libero_object,2,499,0.0,1.0
bb_M3_ae_M2_fp32,libero_object,2,500,0.0,1.0
bb_M3_ae_M2_fp32,libero_object,2,501,0.0,1.0
bb_M3_ae_M2_fp32,libero_object,2,502,0.0,1.0
bb_M3_ae_M2_fp32,libero_object,2,503,0.0,1.0
bb_M3_ae_M2_fp32,libero_object,2,504,0.0,1.0
bb_M3_ae_M2_fp32,libero_object,2,505,0.0,1.0
bb_M3_ae_M2_fp32,libero_object,2,506,0.0,1.0
bb_M3_ae_M2_fp32,libero_object,2,507,0.0,1.0
bb_M3_ae_M2_fp32,libero_object,2,508,0.0,1.0
bb_M3_ae_M2_fp32,libero_object,2,509,0.0,1.0
bb_M3_ae_M2_fp32,libero_object,2,510,0.0,1.0
bb_M3_ae_M2_fp32,libero_object,2,511,0.0,1.0
bb_M3_ae_M2_fp32,libero_object,2,512,0.0,1.0
bb_M3_ae_M2_fp32,libero_object,2,513,0.0,1.0
bb_M3_ae_M2_fp32,libero_object,2,514,0.0,1.0
bb_M3_ae_M2_fp32,libero_object,2,515,0.0,1.0
bb_M3_ae_M2_fp32,libero_object,2,516,0.0,1.0
bb_M3_ae_M2_fp32,libero_object,2,517,0.0,1.0
bb_M3_ae_M2_fp32,libero_object,2,518,0.0,1.0
bb_M3_ae_M2_fp32,libero_object,2,519,0.0,1.0
bb_M3_ae_M2_fp32,libero_object,3,520,0.0,1.0
bb_M3_ae_M2_fp32,libero_object,3,521,0.15625,0.84375
bb_M3_ae_M2_fp32,libero_object,3,522,0.0,1.0
bb_M3_ae_M2_fp32,libero_object,3,523,0.53125,0.46875
bb_M3_ae_M2_fp32,libero_object,3,524,0.0,1.0
bb_M3_ae_M2_fp32,libero_object,3,525,0.0,1.0
bb_M3_ae_M2_fp32,libero_object,3,526,0.0,1.0
bb_M3_ae_M2_fp32,libero_object,3,527,0.0,1.0
bb_M3_ae_M2_fp32,libero_object,3,528,0.9375,0.0625
bb_M3_ae_M2_fp32,libero_object,3,529,0.0,1.0
bb_M3_ae_M2_fp32,libero_object,3,530,0.0,1.0
bb_M3_ae_M2_fp32,libero_object,3,531,0.0,1.0
bb_M3_ae_M2_fp32,libero_object,3,532,0.0,1.0
bb_M3_ae_M2_fp32,libero_object,3,533,0.0,1.0
bb_M3_ae_M2_fp32,libero_object,3,534,0.0,1.0
bb_M3_ae_M2_fp32,libero_object,3,535,0.0,1.0
bb_M3_ae_M2_fp32,libero_object,3,536,0.0,1.0
bb_M3_ae_M2_fp32,libero_object,3,537,0.0,1.0
bb_M3_ae_M2_fp32,libero_object,3,538,0.0,1.0
bb_M3_ae_M2_fp32,libero_object,3,539,0.0,1.0
bb_M3_ae_M2_fp32,libero_object,3,540,0.0,1.0
bb_M3_ae_M2_fp32,libero_object,3,541,0.0,1.0
bb_M3_ae_M2_fp32,libero_object,3,542,0.0,1.0
bb_M3_ae_M2_fp32,libero_object,3,543,0.0,1.0
bb_M3_ae_M2_fp32,libero_object,3,544,0.0,1.0
bb_M3_ae_M2_fp32,libero_object,3,545,0.0,1.0
bb_M3_ae_M2_fp32,libero_object,3,546,0.0,1.0
bb_M3_ae_M2_fp32,libero_object,3,547,0.0,1.0
bb_M3_ae_M2_fp32,libero_object,3,548,0.0,1.0
bb_M3_ae_M2_fp32,libero_object,3,549,0.0,1.0
bb_M3_ae_M2_fp32,libero_object,3,550,0.0,1.0
bb_M3_ae_M2_fp32,libero_object,3,551,0.0,1.0
bb_M3_ae_M2_fp32,libero_object,3,552,0.0,1.0
bb_M3_ae_M2_fp32,libero_object,3,553,0.71875,0.28125
bb_M3_ae_M2_fp32,libero_object,3,554,0.0,1.0
bb_M3_ae_M2_fp32,libero_object,3,555,0.0,1.0
bb_M3_ae_M2_fp32,libero_object,3,556,0.78125,0.21875
bb_M3_ae_M2_fp32,libero_object,3,557,0.0,1.0
bb_M3_ae_M2_fp32,libero_object,3,558,0.0,1.0
bb_M3_ae_M2_fp32,libero_object,3,559,0.0,1.0
bb_M3_ae_M2_fp32,libero_object,4,560,0.0,1.0
bb_M3_ae_M2_fp32,libero_object,4,561,0.0,1.0
bb_M3_ae_M2_fp32,libero_object,4,562,0.0,1.0
bb_M3_ae_M2_fp32,libero_object,4,563,0.0,1.0
bb_M3_ae_M2_fp32,libero_object,4,564,0.0625,0.9375
bb_M3_ae_M2_fp32,libero_object,4,565,0.0,1.0
bb_M3_ae_M2_fp32,libero_object,4,566,0.0,1.0
bb_M3_ae_M2_fp32,libero_object,4,567,0.0,1.0
bb_M3_ae_M2_fp32,libero_object,4,568,0.0,1.0
bb_M3_ae_M2_fp32,libero_object,4,569,0.0,1.0
bb_M3_ae_M2_fp32,libero_object,4,570,0.0,1.0
bb_M3_ae_M2_fp32,libero_object,4,571,0.0,1.0
bb_M3_ae_M2_fp32,libero_object,4,572,0.0,1.0
bb_M3_ae_M2_fp32,libero_object,4,573,0.0,1.0
bb_M3_ae_M2_fp32,libero_object,4,574,0.0,1.0
bb_M3_ae_M2_fp32,libero_object,4,575,0.0,1.0
bb_M3_ae_M2_fp32,libero_object,4,576,0.0,1.0
bb_M3_ae_M2_fp32,libero_object,4,577,0.0,1.0
bb_M3_ae_M2_fp32,libero_object,4,578,0.0,1.0
bb_M3_ae_M2_fp32,libero_object,4,579,0.0,1.0
bb_M3_ae_M2_fp32,libero_object,4,580,0.0,1.0
bb_M3_ae_M2_fp32,libero_object,4,581,0.0,1.0
bb_M3_ae_M2_fp32,libero_object,4,582,0.0,1.0
bb_M3_ae_M2_fp32,libero_object,4,583,0.0,1.0
bb_M3_ae_M2_fp32,libero_object,4,584,0.0,1.0
bb_M3_ae_M2_fp32,libero_object,4,585,0.0,1.0
bb_M3_ae_M2_fp32,libero_object,4,586,0.125,0.875
bb_M3_ae_M2_fp32,libero_object,4,587,0.0,1.0
bb_M3_ae_M2_fp32,libero_object,4,588,0.0,1.0
bb_M3_ae_M2_fp32,libero_object,4,589,0.0,1.0
bb_M3_ae_M2_fp32,libero_object,4,590,0.0,1.0
bb_M3_ae_M2_fp32,libero_object,4,591,0.0,1.0
bb_M3_ae_M2_fp32,libero_object,4,592,0.0,1.0
bb_M3_ae_M2_fp32,libero_object,4,593,0.0,1.0
bb_M3_ae_M2_fp32,libero_object,4,594,0.0,1.0
bb_M3_ae_M2_fp32,libero_object,4,595,0.0,1.0
bb_M3_ae_M2_fp32,libero_object,4,596,0.0,1.0
bb_M3_ae_M2_fp32,libero_object,4,597,0.0,1.0
bb_M3_ae_M2_fp32,libero_object,4,598,0.0,1.0
bb_M3_ae_M2_fp32,libero_object,4,599,0.0,1.0
bb_M3_ae_M2_fp32,libero_object,5,600,0.0,1.0
bb_M3_ae_M2_fp32,libero_object,5,601,0.0,1.0
bb_M3_ae_M2_fp32,libero_object,5,602,0.0,1.0
bb_M3_ae_M2_fp32,libero_object,5,603,0.0,1.0
bb_M3_ae_M2_fp32,libero_object,5,604,0.0,1.0
bb_M3_ae_M2_fp32,libero_object,5,605,0.0,1.0
bb_M3_ae_M2_fp32,libero_object,5,606,0.0,1.0
bb_M3_ae_M2_fp32,libero_object,5,607,0.0,1.0
bb_M3_ae_M2_fp32,libero_object,5,608,0.0,1.0
bb_M3_ae_M2_fp32,libero_object,5,609,0.0,1.0
bb_M3_ae_M2_fp32,libero_object,5,610,0.0,1.0
bb_M3_ae_M2_fp32,libero_object,5,611,0.03125,0.96875
bb_M3_ae_M2_fp32,libero_object,5,612,0.0,1.0
bb_M3_ae_M2_fp32,libero_object,5,613,0.0,1.0
bb_M3_ae_M2_fp32,libero_object,5,614,0.0,1.0
bb_M3_ae_M2_fp32,libero_object,5,615,0.0,1.0
bb_M3_ae_M2_fp32,libero_object,5,616,0.0,1.0
bb_M3_ae_M2_fp32,libero_object,5,617,0.0,1.0
bb_M3_ae_M2_fp32,libero_object,5,618,0.0,1.0
bb_M3_ae_M2_fp32,libero_object,5,619,0.0,1.0
bb_M3_ae_M2_fp32,libero_object,5,620,0.0,1.0
bb_M3_ae_M2_fp32,libero_object,5,621,0.0,1.0
bb_M3_ae_M2_fp32,libero_object,5,622,0.0,1.0
bb_M3_ae_M2_fp32,libero_object,5,623,0.0,1.0
bb_M3_ae_M2_fp32,libero_object,5,624,0.0,1.0
bb_M3_ae_M2_fp32,libero_object,5,625,0.0,1.0
bb_M3_ae_M2_fp32,libero_object,5,626,0.0,1.0
bb_M3_ae_M2_fp32,libero_object,5,627,0.0,1.0
bb_M3_ae_M2_fp32,libero_object,5,628,0.0,1.0
bb_M3_ae_M2_fp32,libero_object,5,629,0.0,1.0
bb_M3_ae_M2_fp32,libero_object,5,630,0.0,1.0
bb_M3_ae_M2_fp32,libero_object,5,631,0.0,1.0
bb_M3_ae_M2_fp32,libero_object,5,632,0.0,1.0
bb_M3_ae_M2_fp32,libero_object,5,633,0.0,1.0
bb_M3_ae_M2_fp32,libero_object,5,634,0.0,1.0
bb_M3_ae_M2_fp32,libero_object,5,635,0.0,1.0
bb_M3_ae_M2_fp32,libero_object,5,636,0.0,1.0
bb_M3_ae_M2_fp32,libero_object,5,637,0.125,0.875
bb_M3_ae_M2_fp32,libero_object,5,638,0.0,1.0
bb_M3_ae_M2_fp32,libero_object,5,639,0.0,1.0
bb_M3_ae_M2_fp32,libero_object,6,640,0.0,1.0
bb_M3_ae_M2_fp32,libero_object,6,641,0.0,1.0
bb_M3_ae_M2_fp32,libero_object,6,642,0.0,1.0
bb_M3_ae_M2_fp32,libero_object,6,643,0.0,1.0
bb_M3_ae_M2_fp32,libero_object,6,644,0.0,1.0
bb_M3_ae_M2_fp32,libero_object,6,645,0.0,1.0
bb_M3_ae_M2_fp32,libero_object,6,646,0.0,1.0
bb_M3_ae_M2_fp32,libero_object,6,647,0.0,1.0
bb_M3_ae_M2_fp32,libero_object,6,648,0.0,1.0
bb_M3_ae_M2_fp32,libero_object,6,649,0.0,1.0
bb_M3_ae_M2_fp32,libero_object,6,650,0.0,1.0
bb_M3_ae_M2_fp32,libero_object,6,651,0.0,1.0
bb_M3_ae_M2_fp32,libero_object,6,652,0.0,1.0
bb_M3_ae_M2_fp32,libero_object,6,653,0.0,1.0
bb_M3_ae_M2_fp32,libero_object,6,654,0.0,1.0
bb_M3_ae_M2_fp32,libero_object,6,655,0.0,1.0
bb_M3_ae_M2_fp32,libero_object,6,656,0.0,1.0
bb_M3_ae_M2_fp32,libero_object,6,657,0.0,1.0
bb_M3_ae_M2_fp32,libero_object,6,658,0.0,1.0
bb_M3_ae_M2_fp32,libero_object,6,659,0.75,0.25
bb_M3_ae_M2_fp32,libero_object,6,660,0.0,1.0
bb_M3_ae_M2_fp32,libero_object,6,661,0.0,1.0
bb_M3_ae_M2_fp32,libero_object,6,662,0.0,1.0
bb_M3_ae_M2_fp32,libero_object,6,663,0.0,1.0
bb_M3_ae_M2_fp32,libero_object,6,664,0.0,1.0
bb_M3_ae_M2_fp32,libero_object,6,665,0.0,1.0
bb_M3_ae_M2_fp32,libero_object,6,666,0.0,1.0
bb_M3_ae_M2_fp32,libero_object,6,667,0.0,1.0
bb_M3_ae_M2_fp32,libero_object,6,668,0.0,1.0
bb_M3_ae_M2_fp32,libero_object,6,669,0.0,1.0
bb_M3_ae_M2_fp32,libero_object,6,670,0.0,1.0
bb_M3_ae_M2_fp32,libero_object,6,671,0.0,1.0
bb_M3_ae_M2_fp32,libero_object,6,672,0.0,1.0
bb_M3_ae_M2_fp32,libero_object,6,673,0.0,1.0
bb_M3_ae_M2_fp32,libero_object,6,674,0.0,1.0
bb_M3_ae_M2_fp32,libero_object,6,675,0.0,1.0
bb_M3_ae_M2_fp32,libero_object,6,676,0.0,1.0
bb_M3_ae_M2_fp32,libero_object,6,677,0.0,1.0
bb_M3_ae_M2_fp32,libero_object,6,678,0.0,1.0
bb_M3_ae_M2_fp32,libero_object,6,679,0.0,1.0
bb_M3_ae_M2_fp32,libero_object,7,680,0.0,1.0
bb_M3_ae_M2_fp32,libero_object,7,681,0.75,0.25
bb_M3_ae_M2_fp32,libero_object,7,682,0.0,1.0
bb_M3_ae_M2_fp32,libero_object,7,683,0.0,1.0
bb_M3_ae_M2_fp32,libero_object,7,684,0.0,1.0
bb_M3_ae_M2_fp32,libero_object,7,685,0.0,1.0
bb_M3_ae_M2_fp32,libero_object,7,686,0.0,1.0
bb_M3_ae_M2_fp32,libero_object,7,687,0.0,1.0
bb_M3_ae_M2_fp32,libero_object,7,688,0.0,1.0
bb_M3_ae_M2_fp32,libero_object,7,689,0.0,1.0
bb_M3_ae_M2_fp32,libero_object,7,690,0.0,1.0
bb_M3_ae_M2_fp32,libero_object,7,691,0.0,1.0
bb_M3_ae_M2_fp32,libero_object,7,692,0.0,1.0
bb_M3_ae_M2_fp32,libero_object,7,693,0.0,1.0
bb_M3_ae_M2_fp32,libero_object,7,694,0.0,1.0
bb_M3_ae_M2_fp32,libero_object,7,695,0.0,1.0
bb_M3_ae_M2_fp32,libero_object,7,696,0.34375,0.65625
bb_M3_ae_M2_fp32,libero_object,7,697,0.0,1.0
bb_M3_ae_M2_fp32,libero_object,7,698,0.0,1.0
bb_M3_ae_M2_fp32,libero_object,7,699,0.0,1.0
bb_M3_ae_M2_fp32,libero_object,7,700,0.0,1.0
bb_M3_ae_M2_fp32,libero_object,7,701,0.0,1.0
bb_M3_ae_M2_fp32,libero_object,7,702,0.0,1.0
bb_M3_ae_M2_fp32,libero_object,7,703,0.0,1.0
bb_M3_ae_M2_fp32,libero_object,7,704,0.5625,0.4375
bb_M3_ae_M2_fp32,libero_object,7,705,0.0,1.0
bb_M3_ae_M2_fp32,libero_object,7,706,0.0,1.0
bb_M3_ae_M2_fp32,libero_object,7,707,0.0,1.0
bb_M3_ae_M2_fp32,libero_object,7,708,0.0,1.0
bb_M3_ae_M2_fp32,libero_object,7,709,0.0,1.0
bb_M3_ae_M2_fp32,libero_object,7,710,0.0,1.0
bb_M3_ae_M2_fp32,libero_object,7,711,0.0,1.0
bb_M3_ae_M2_fp32,libero_object,7,712,0.0,1.0
bb_M3_ae_M2_fp32,libero_object,7,713,0.0,1.0
bb_M3_ae_M2_fp32,libero_object,7,714,0.0,1.0
bb_M3_ae_M2_fp32,libero_object,7,715,0.0,1.0
bb_M3_ae_M2_fp32,libero_object,7,716,0.0,1.0
bb_M3_ae_M2_fp32,libero_object,7,717,0.0,1.0
bb_M3_ae_M2_fp32,libero_object,7,718,0.0,1.0
bb_M3_ae_M2_fp32,libero_object,7,719,0.0,1.0
bb_M3_ae_M2_fp32,libero_object,8,720,0.0,1.0
bb_M3_ae_M2_fp32,libero_object,8,721,0.0,1.0
bb_M3_ae_M2_fp32,libero_object,8,722,0.0,1.0
bb_M3_ae_M2_fp32,libero_object,8,723,0.0,1.0
bb_M3_ae_M2_fp32,libero_object,8,724,0.0,1.0
bb_M3_ae_M2_fp32,libero_object,8,725,0.0,1.0
bb_M3_ae_M2_fp32,libero_object,8,726,0.0,1.0
bb_M3_ae_M2_fp32,libero_object,8,727,0.0,1.0
bb_M3_ae_M2_fp32,libero_object,8,728,0.0,1.0
bb_M3_ae_M2_fp32,libero_object,8,729,0.0,1.0
bb_M3_ae_M2_fp32,libero_object,8,730,0.0,1.0
bb_M3_ae_M2_fp32,libero_object,8,731,0.0,1.0
bb_M3_ae_M2_fp32,libero_object,8,732,0.0,1.0
bb_M3_ae_M2_fp32,libero_object,8,733,0.34375,0.65625
bb_M3_ae_M2_fp32,libero_object,8,734,0.0,1.0
bb_M3_ae_M2_fp32,libero_object,8,735,0.0,1.0
bb_M3_ae_M2_fp32,libero_object,8,736,0.0,1.0
bb_M3_ae_M2_fp32,libero_object,8,737,0.125,0.875
bb_M3_ae_M2_fp32,libero_object,8,738,0.0,1.0
bb_M3_ae_M2_fp32,libero_object,8,739,0.375,0.625
bb_M3_ae_M2_fp32,libero_object,8,740,0.0,1.0
bb_M3_ae_M2_fp32,libero_object,8,741,0.0,1.0
bb_M3_ae_M2_fp32,libero_object,8,742,0.0,1.0
bb_M3_ae_M2_fp32,libero_object,8,743,0.0,1.0
bb_M3_ae_M2_fp32,libero_object,8,744,0.0,1.0
bb_M3_ae_M2_fp32,libero_object,8,745,0.0,1.0
bb_M3_ae_M2_fp32,libero_object,8,746,0.0,1.0
bb_M3_ae_M2_fp32,libero_object,8,747,0.09375,0.90625
bb_M3_ae_M2_fp32,libero_object,8,748,0.0,1.0
bb_M3_ae_M2_fp32,libero_object,8,749,0.0,1.0
bb_M3_ae_M2_fp32,libero_object,8,750,0.0,1.0
bb_M3_ae_M2_fp32,libero_object,8,751,0.0,1.0
bb_M3_ae_M2_fp32,libero_object,8,752,0.0,1.0
bb_M3_ae_M2_fp32,libero_object,8,753,0.0,1.0
bb_M3_ae_M2_fp32,libero_object,8,754,0.0,1.0
bb_M3_ae_M2_fp32,libero_object,8,755,0.0,1.0
bb_M3_ae_M2_fp32,libero_object,8,756,0.0,1.0
bb_M3_ae_M2_fp32,libero_object,8,757,0.0,1.0
bb_M3_ae_M2_fp32,libero_object,8,758,0.0,1.0
bb_M3_ae_M2_fp32,libero_object,8,759,0.0,1.0
bb_M3_ae_M2_fp32,libero_object,9,760,0.0,1.0
bb_M3_ae_M2_fp32,libero_object,9,761,0.0,1.0
bb_M3_ae_M2_fp32,libero_object,9,762,0.0,1.0
bb_M3_ae_M2_fp32,libero_object,9,763,0.0,1.0
bb_M3_ae_M2_fp32,libero_object,9,764,0.0,1.0
bb_M3_ae_M2_fp32,libero_object,9,765,0.0,1.0
bb_M3_ae_M2_fp32,libero_object,9,766,0.0,1.0
bb_M3_ae_M2_fp32,libero_object,9,767,0.0,1.0
bb_M3_ae_M2_fp32,libero_object,9,768,0.0,1.0
bb_M3_ae_M2_fp32,libero_object,9,769,0.0,1.0
bb_M3_ae_M2_fp32,libero_object,9,770,0.0,1.0
bb_M3_ae_M2_fp32,libero_object,9,771,0.03125,0.96875
bb_M3_ae_M2_fp32,libero_object,9,772,0.0,1.0
bb_M3_ae_M2_fp32,libero_object,9,773,0.0,1.0
bb_M3_ae_M2_fp32,libero_object,9,774,0.0,1.0
bb_M3_ae_M2_fp32,libero_object,9,775,0.0,1.0
bb_M3_ae_M2_fp32,libero_object,9,776,0.0,1.0
bb_M3_ae_M2_fp32,libero_object,9,777,0.0,1.0
bb_M3_ae_M2_fp32,libero_object,9,778,0.0,1.0
bb_M3_ae_M2_fp32,libero_object,9,779,0.0,1.0
bb_M3_ae_M2_fp32,libero_object,9,780,0.0,1.0
bb_M3_ae_M2_fp32,libero_object,9,781,0.0,1.0
bb_M3_ae_M2_fp32,libero_object,9,782,0.0,1.0
bb_M3_ae_M2_fp32,libero_object,9,783,0.0,1.0
bb_M3_ae_M2_fp32,libero_object,9,784,0.0,1.0
bb_M3_ae_M2_fp32,libero_object,9,785,0.0,1.0
bb_M3_ae_M2_fp32,libero_object,9,786,0.0,1.0
bb_M3_ae_M2_fp32,libero_object,9,787,0.0,1.0
bb_M3_ae_M2_fp32,libero_object,9,788,0.0,1.0
bb_M3_ae_M2_fp32,libero_object,9,789,0.0,1.0
bb_M3_ae_M2_fp32,libero_object,9,790,0.0,1.0
bb_M3_ae_M2_fp32,libero_object,9,791,0.0,1.0
bb_M3_ae_M2_fp32,libero_object,9,792,0.0,1.0
bb_M3_ae_M2_fp32,libero_object,9,793,0.0,1.0
bb_M3_ae_M2_fp32,libero_object,9,794,0.0,1.0
bb_M3_ae_M2_fp32,libero_object,9,795,0.0,1.0
bb_M3_ae_M2_fp32,libero_object,9,796,0.0,1.0
bb_M3_ae_M2_fp32,libero_object,9,797,0.1875,0.8125
bb_M3_ae_M2_fp32,libero_object,9,798,0.78125,0.21875
bb_M3_ae_M2_fp32,libero_object,9,799,0.0,1.0
bb_M3_ae_M2_fp32,libero_spatial,0,0,0.0,1.0
bb_M3_ae_M2_fp32,libero_spatial,0,1,0.0,1.0
bb_M3_ae_M2_fp32,libero_spatial,0,2,0.0,1.0
bb_M3_ae_M2_fp32,libero_spatial,0,3,0.53125,0.46875
bb_M3_ae_M2_fp32,libero_spatial,0,4,0.0,1.0
bb_M3_ae_M2_fp32,libero_spatial,0,5,0.0,1.0
bb_M3_ae_M2_fp32,libero_spatial,0,6,0.0,1.0
bb_M3_ae_M2_fp32,libero_spatial,0,7,0.0,1.0
bb_M3_ae_M2_fp32,libero_spatial,0,8,0.0,1.0
bb_M3_ae_M2_fp32,libero_spatial,0,9,0.0,1.0
bb_M3_ae_M2_fp32,libero_spatial,0,10,0.0,1.0
bb_M3_ae_M2_fp32,libero_spatial,0,11,0.0,1.0
bb_M3_ae_M2_fp32,libero_spatial,0,12,0.0,1.0
bb_M3_ae_M2_fp32,libero_spatial,0,13,0.0,1.0
bb_M3_ae_M2_fp32,libero_spatial,0,14,0.0,1.0
bb_M3_ae_M2_fp32,libero_spatial,0,15,0.0,1.0
bb_M3_ae_M2_fp32,libero_spatial,0,16,0.0,1.0
bb_M3_ae_M2_fp32,libero_spatial,0,17,0.0,1.0
bb_M3_ae_M2_fp32,libero_spatial,0,18,0.0,1.0
bb_M3_ae_M2_fp32,libero_spatial,0,19,0.0,1.0
bb_M3_ae_M2_fp32,libero_spatial,0,20,0.0,1.0
bb_M3_ae_M2_fp32,libero_spatial,0,21,0.0,1.0
bb_M3_ae_M2_fp32,libero_spatial,0,22,0.0,1.0
bb_M3_ae_M2_fp32,libero_spatial,0,23,0.0,1.0
bb_M3_ae_M2_fp32,libero_spatial,0,24,0.0,1.0
bb_M3_ae_M2_fp32,libero_spatial,0,25,0.0,1.0
bb_M3_ae_M2_fp32,libero_spatial,0,26,0.0,1.0
bb_M3_ae_M2_fp32,libero_spatial,0,27,0.0,1.0
bb_M3_ae_M2_fp32,libero_spatial,0,28,0.0,1.0
bb_M3_ae_M2_fp32,libero_spatial,0,29,0.0,1.0
bb_M3_ae_M2_fp32,libero_spatial,0,30,0.0,1.0
bb_M3_ae_M2_fp32,libero_spatial,0,31,0.0,1.0
bb_M3_ae_M2_fp32,libero_spatial,0,32,0.0,1.0
bb_M3_ae_M2_fp32,libero_spatial,0,33,0.0,1.0
bb_M3_ae_M2_fp32,libero_spatial,0,34,0.0,1.0
bb_M3_ae_M2_fp32,libero_spatial,0,35,0.0,1.0
bb_M3_ae_M2_fp32,libero_spatial,0,36,0.0,1.0
bb_M3_ae_M2_fp32,libero_spatial,0,37,0.0,1.0
bb_M3_ae_M2_fp32,libero_spatial,0,38,0.0,1.0
bb_M3_ae_M2_fp32,libero_spatial,0,39,0.0,1.0
bb_M3_ae_M2_fp32,libero_spatial,1,40,0.0,1.0
bb_M3_ae_M2_fp32,libero_spatial,1,41,0.0,1.0
bb_M3_ae_M2_fp32,libero_spatial,1,42,0.4375,0.5625
bb_M3_ae_M2_fp32,libero_spatial,1,43,0.0,1.0
bb_M3_ae_M2_fp32,libero_spatial,1,44,0.0,1.0
bb_M3_ae_M2_fp32,libero_spatial,1,45,0.0,1.0
bb_M3_ae_M2_fp32,libero_spatial,1,46,0.0,1.0
bb_M3_ae_M2_fp32,libero_spatial,1,47,0.0,1.0
bb_M3_ae_M2_fp32,libero_spatial,1,48,0.0,1.0
bb_M3_ae_M2_fp32,libero_spatial,1,49,0.0,1.0
bb_M3_ae_M2_fp32,libero_spatial,1,50,0.15625,0.84375
bb_M3_ae_M2_fp32,libero_spatial,1,51,0.0,1.0
bb_M3_ae_M2_fp32,libero_spatial,1,52,0.0,1.0
bb_M3_ae_M2_fp32,libero_spatial,1,53,0.0,1.0
bb_M3_ae_M2_fp32,libero_spatial,1,54,0.0,1.0
bb_M3_ae_M2_fp32,libero_spatial,1,55,0.0,1.0
bb_M3_ae_M2_fp32,libero_spatial,1,56,0.0,1.0
bb_M3_ae_M2_fp32,libero_spatial,1,57,0.0,1.0
bb_M3_ae_M2_fp32,libero_spatial,1,58,0.0,1.0
bb_M3_ae_M2_fp32,libero_spatial,1,59,0.0,1.0
bb_M3_ae_M2_fp32,libero_spatial,1,60,0.0,1.0
bb_M3_ae_M2_fp32,libero_spatial,1,61,0.0,1.0
bb_M3_ae_M2_fp32,libero_spatial,1,62,0.0,1.0
bb_M3_ae_M2_fp32,libero_spatial,1,63,0.0,1.0
bb_M3_ae_M2_fp32,libero_spatial,1,64,0.0,1.0
bb_M3_ae_M2_fp32,libero_spatial,1,65,0.0,1.0
bb_M3_ae_M2_fp32,libero_spatial,1,66,0.0,1.0
bb_M3_ae_M2_fp32,libero_spatial,1,67,0.0,1.0
bb_M3_ae_M2_fp32,libero_spatial,1,68,0.0,1.0
bb_M3_ae_M2_fp32,libero_spatial,1,69,0.0,1.0
bb_M3_ae_M2_fp32,libero_spatial,1,70,0.0,1.0
bb_M3_ae_M2_fp32,libero_spatial,1,71,0.0,1.0
bb_M3_ae_M2_fp32,libero_spatial,1,72,0.0,1.0
bb_M3_ae_M2_fp32,libero_spatial,1,73,0.0,1.0
bb_M3_ae_M2_fp32,libero_spatial,1,74,0.0,1.0
bb_M3_ae_M2_fp32,libero_spatial,1,75,0.0,1.0
bb_M3_ae_M2_fp32,libero_spatial,1,76,0.0,1.0
bb_M3_ae_M2_fp32,libero_spatial,1,77,0.0,1.0
bb_M3_ae_M2_fp32,libero_spatial,1,78,0.0,1.0
bb_M3_ae_M2_fp32,libero_spatial,1,79,0.0,1.0
bb_M3_ae_M2_fp32,libero_spatial,2,80,0.34375,0.65625
bb_M3_ae_M2_fp32,libero_spatial,2,81,0.0,1.0
bb_M3_ae_M2_fp32,libero_spatial,2,82,0.0,1.0
bb_M3_ae_M2_fp32,libero_spatial,2,83,0.0,1.0
bb_M3_ae_M2_fp32,libero_spatial,2,84,0.0,1.0
bb_M3_ae_M2_fp32,libero_spatial,2,85,0.375,0.625
bb_M3_ae_M2_fp32,libero_spatial,2,86,0.0,1.0
bb_M3_ae_M2_fp32,libero_spatial,2,87,0.5,0.5
bb_M3_ae_M2_fp32,libero_spatial,2,88,0.0,1.0
bb_M3_ae_M2_fp32,libero_spatial,2,89,0.4375,0.5625
bb_M3_ae_M2_fp32,libero_spatial,2,90,0.0,1.0
bb_M3_ae_M2_fp32,libero_spatial,2,91,0.375,0.625
bb_M3_ae_M2_fp32,libero_spatial,2,92,0.0,1.0
bb_M3_ae_M2_fp32,libero_spatial,2,93,0.0,1.0
bb_M3_ae_M2_fp32,libero_spatial,2,94,0.0,1.0
bb_M3_ae_M2_fp32,libero_spatial,2,95,0.1875,0.8125
bb_M3_ae_M2_fp32,libero_spatial,2,96,0.0,1.0
bb_M3_ae_M2_fp32,libero_spatial,2,97,0.40625,0.59375
bb_M3_ae_M2_fp32,libero_spatial,2,98,0.0,1.0
bb_M3_ae_M2_fp32,libero_spatial,2,99,0.78125,0.21875
bb_M3_ae_M2_fp32,libero_spatial,2,100,0.4375,0.5625
bb_M3_ae_M2_fp32,libero_spatial,2,101,0.375,0.625
bb_M3_ae_M2_fp32,libero_spatial,2,102,0.65625,0.34375
bb_M3_ae_M2_fp32,libero_spatial,2,103,0.53125,0.46875
bb_M3_ae_M2_fp32,libero_spatial,2,104,0.0,1.0
bb_M3_ae_M2_fp32,libero_spatial,2,105,0.875,0.125
bb_M3_ae_M2_fp32,libero_spatial,2,106,0.0,1.0
bb_M3_ae_M2_fp32,libero_spatial,2,107,0.0,1.0
bb_M3_ae_M2_fp32,libero_spatial,2,108,0.0,1.0
bb_M3_ae_M2_fp32,libero_spatial,2,109,0.0,1.0
bb_M3_ae_M2_fp32,libero_spatial,2,110,0.0,1.0
bb_M3_ae_M2_fp32,libero_spatial,2,111,0.0,1.0
bb_M3_ae_M2_fp32,libero_spatial,2,112,0.0,1.0
bb_M3_ae_M2_fp32,libero_spatial,2,113,0.46875,0.53125
bb_M3_ae_M2_fp32,libero_spatial,2,114,0.0,1.0
bb_M3_ae_M2_fp32,libero_spatial,2,115,0.0,1.0
bb_M3_ae_M2_fp32,libero_spatial,2,116,0.0,1.0
bb_M3_ae_M2_fp32,libero_spatial,2,117,0.0,1.0
bb_M3_ae_M2_fp32,libero_spatial,2,118,0.46875,0.53125
bb_M3_ae_M2_fp32,libero_spatial,2,119,0.0,1.0
bb_M3_ae_M2_fp32,libero_spatial,3,120,0.0,1.0
bb_M3_ae_M2_fp32,libero_spatial,3,121,0.0,1.0
bb_M3_ae_M2_fp32,libero_spatial,3,122,0.0,1.0
bb_M3_ae_M2_fp32,libero_spatial,3,123,0.0,1.0
bb_M3_ae_M2_fp32,libero_spatial,3,124,0.0,1.0
bb_M3_ae_M2_fp32,libero_spatial,3,125,0.0,1.0
bb_M3_ae_M2_fp32,libero_spatial,3,126,0.0,1.0
bb_M3_ae_M2_fp32,libero_spatial,3,127,0.0,1.0
bb_M3_ae_M2_fp32,libero_spatial,3,128,0.0,1.0
bb_M3_ae_M2_fp32,libero_spatial,3,129,0.0,1.0
bb_M3_ae_M2_fp32,libero_spatial,3,130,0.0,1.0
bb_M3_ae_M2_fp32,libero_spatial,3,131,0.0,1.0
bb_M3_ae_M2_fp32,libero_spatial,3,132,0.0,1.0
bb_M3_ae_M2_fp32,libero_spatial,3,133,0.0,1.0
bb_M3_ae_M2_fp32,libero_spatial,3,134,0.0,1.0
bb_M3_ae_M2_fp32,libero_spatial,3,135,0.0,1.0
bb_M3_ae_M2_fp32,libero_spatial,3,136,0.0,1.0
bb_M3_ae_M2_fp32,libero_spatial,3,137,0.0,1.0
bb_M3_ae_M2_fp32,libero_spatial,3,138,0.0,1.0
bb_M3_ae_M2_fp32,libero_spatial,3,139,0.0,1.0
bb_M3_ae_M2_fp32,libero_spatial,3,140,0.0,1.0
bb_M3_ae_M2_fp32,libero_spatial,3,141,0.0,1.0
bb_M3_ae_M2_fp32,libero_spatial,3,142,0.0,1.0
bb_M3_ae_M2_fp32,libero_spatial,3,143,0.0,1.0
bb_M3_ae_M2_fp32,libero_spatial,3,144,0.0,1.0
bb_M3_ae_M2_fp32,libero_spatial,3,145,0.0,1.0
bb_M3_ae_M2_fp32,libero_spatial,3,146,0.0,1.0
bb_M3_ae_M2_fp32,libero_spatial,3,147,0.0,1.0
bb_M3_ae_M2_fp32,libero_spatial,3,148,0.0,1.0
bb_M3_ae_M2_fp32,libero_spatial,3,149,0.0,1.0
bb_M3_ae_M2_fp32,libero_spatial,3,150,0.0,1.0
bb_M3_ae_M2_fp32,libero_spatial,3,151,0.0,1.0
bb_M3_ae_M2_fp32,libero_spatial,3,152,0.0,1.0
bb_M3_ae_M2_fp32,libero_spatial,3,153,0.0,1.0
bb_M3_ae_M2_fp32,libero_spatial,3,154,0.0,1.0
bb_M3_ae_M2_fp32,libero_spatial,3,155,0.0,1.0
bb_M3_ae_M2_fp32,libero_spatial,3,156,0.0,1.0
bb_M3_ae_M2_fp32,libero_spatial,3,157,0.0,1.0
bb_M3_ae_M2_fp32,libero_spatial,3,158,0.0,1.0
bb_M3_ae_M2_fp32,libero_spatial,3,159,0.0,1.0
bb_M3_ae_M2_fp32,libero_spatial,4,160,0.0,1.0
bb_M3_ae_M2_fp32,libero_spatial,4,161,0.0,1.0
bb_M3_ae_M2_fp32,libero_spatial,4,162,0.0,1.0
bb_M3_ae_M2_fp32,libero_spatial,4,163,0.0,1.0
bb_M3_ae_M2_fp32,libero_spatial,4,164,0.0,1.0
bb_M3_ae_M2_fp32,libero_spatial,4,165,0.0,1.0
bb_M3_ae_M2_fp32,libero_spatial,4,166,0.0,1.0
bb_M3_ae_M2_fp32,libero_spatial,4,167,0.0,1.0
bb_M3_ae_M2_fp32,libero_spatial,4,168,0.0,1.0
bb_M3_ae_M2_fp32,libero_spatial,4,169,0.0,1.0
bb_M3_ae_M2_fp32,libero_spatial,4,170,0.0,1.0
bb_M3_ae_M2_fp32,libero_spatial,4,171,0.0,1.0
bb_M3_ae_M2_fp32,libero_spatial,4,172,0.0,1.0
bb_M3_ae_M2_fp32,libero_spatial,4,173,0.0,1.0
bb_M3_ae_M2_fp32,libero_spatial,4,174,0.0,1.0
bb_M3_ae_M2_fp32,libero_spatial,4,175,0.0,1.0
bb_M3_ae_M2_fp32,libero_spatial,4,176,0.0,1.0
bb_M3_ae_M2_fp32,libero_spatial,4,177,0.0,1.0
bb_M3_ae_M2_fp32,libero_spatial,4,178,0.0,1.0
bb_M3_ae_M2_fp32,libero_spatial,4,179,0.0,1.0
bb_M3_ae_M2_fp32,libero_spatial,4,180,0.0,1.0
bb_M3_ae_M2_fp32,libero_spatial,4,181,0.0,1.0
bb_M3_ae_M2_fp32,libero_spatial,4,182,0.0,1.0
bb_M3_ae_M2_fp32,libero_spatial,4,183,0.0,1.0
bb_M3_ae_M2_fp32,libero_spatial,4,184,0.0,1.0
bb_M3_ae_M2_fp32,libero_spatial,4,185,0.0,1.0
bb_M3_ae_M2_fp32,libero_spatial,4,186,0.0,1.0
bb_M3_ae_M2_fp32,libero_spatial,4,187,0.0,1.0
bb_M3_ae_M2_fp32,libero_spatial,4,188,0.0,1.0
bb_M3_ae_M2_fp32,libero_spatial,4,189,0.0,1.0
bb_M3_ae_M2_fp32,libero_spatial,4,190,0.0,1.0
bb_M3_ae_M2_fp32,libero_spatial,4,191,0.0,1.0
bb_M3_ae_M2_fp32,libero_spatial,4,192,0.0,1.0
bb_M3_ae_M2_fp32,libero_spatial,4,193,0.0,1.0
bb_M3_ae_M2_fp32,libero_spatial,4,194,0.0,1.0
bb_M3_ae_M2_fp32,libero_spatial,4,195,0.0,1.0
bb_M3_ae_M2_fp32,libero_spatial,4,196,0.0,1.0
bb_M3_ae_M2_fp32,libero_spatial,4,197,0.0,1.0
bb_M3_ae_M2_fp32,libero_spatial,4,198,0.0,1.0
bb_M3_ae_M2_fp32,libero_spatial,4,199,0.0,1.0
bb_M3_ae_M2_fp32,libero_spatial,5,200,0.0,1.0
bb_M3_ae_M2_fp32,libero_spatial,5,201,0.0,1.0
bb_M3_ae_M2_fp32,libero_spatial,5,202,0.0,1.0
bb_M3_ae_M2_fp32,libero_spatial,5,203,0.0,1.0
bb_M3_ae_M2_fp32,libero_spatial,5,204,0.0,1.0
bb_M3_ae_M2_fp32,libero_spatial,5,205,0.0,1.0
bb_M3_ae_M2_fp32,libero_spatial,5,206,0.0,1.0
bb_M3_ae_M2_fp32,libero_spatial,5,207,0.0,1.0
bb_M3_ae_M2_fp32,libero_spatial,5,208,0.0,1.0
bb_M3_ae_M2_fp32,libero_spatial,5,209,0.0,1.0
bb_M3_ae_M2_fp32,libero_spatial,5,210,0.0,1.0
bb_M3_ae_M2_fp32,libero_spatial,5,211,0.0,1.0
bb_M3_ae_M2_fp32,libero_spatial,5,212,0.0,1.0
bb_M3_ae_M2_fp32,libero_spatial,5,213,0.0,1.0
bb_M3_ae_M2_fp32,libero_spatial,5,214,0.0,1.0
bb_M3_ae_M2_fp32,libero_spatial,5,215,0.0,1.0
bb_M3_ae_M2_fp32,libero_spatial,5,216,0.0,1.0
bb_M3_ae_M2_fp32,libero_spatial,5,217,0.0,1.0
bb_M3_ae_M2_fp32,libero_spatial,5,218,0.0,1.0
bb_M3_ae_M2_fp32,libero_spatial,5,219,0.0,1.0
bb_M3_ae_M2_fp32,libero_spatial,5,220,0.0,1.0
bb_M3_ae_M2_fp32,libero_spatial,5,221,0.0,1.0
bb_M3_ae_M2_fp32,libero_spatial,5,222,0.0,1.0
bb_M3_ae_M2_fp32,libero_spatial,5,223,0.0,1.0
bb_M3_ae_M2_fp32,libero_spatial,5,224,0.0,1.0
bb_M3_ae_M2_fp32,libero_spatial,5,225,0.0,1.0
bb_M3_ae_M2_fp32,libero_spatial,5,226,0.0,1.0
bb_M3_ae_M2_fp32,libero_spatial,5,227,0.9375,0.0625
bb_M3_ae_M2_fp32,libero_spatial,5,228,0.0,1.0
bb_M3_ae_M2_fp32,libero_spatial,5,229,0.0,1.0
bb_M3_ae_M2_fp32,libero_spatial,5,230,0.0,1.0
bb_M3_ae_M2_fp32,libero_spatial,5,231,0.0,1.0
bb_M3_ae_M2_fp32,libero_spatial,5,232,0.0,1.0
bb_M3_ae_M2_fp32,libero_spatial,5,233,0.0,1.0
bb_M3_ae_M2_fp32,libero_spatial,5,234,0.0,1.0
bb_M3_ae_M2_fp32,libero_spatial,5,235,0.0,1.0
bb_M3_ae_M2_fp32,libero_spatial,5,236,0.0,1.0
bb_M3_ae_M2_fp32,libero_spatial,5,237,0.0,1.0
bb_M3_ae_M2_fp32,libero_spatial,5,238,0.0,1.0
bb_M3_ae_M2_fp32,libero_spatial,5,239,0.0,1.0
bb_M3_ae_M2_fp32,libero_spatial,6,240,0.6875,0.3125
bb_M3_ae_M2_fp32,libero_spatial,6,241,0.0,1.0
bb_M3_ae_M2_fp32,libero_spatial,6,242,0.0,1.0
bb_M3_ae_M2_fp32,libero_spatial,6,243,0.0,1.0
bb_M3_ae_M2_fp32,libero_spatial,6,244,0.0,1.0
bb_M3_ae_M2_fp32,libero_spatial,6,245,0.0,1.0
bb_M3_ae_M2_fp32,libero_spatial,6,246,0.0,1.0
bb_M3_ae_M2_fp32,libero_spatial,6,247,0.0,1.0
bb_M3_ae_M2_fp32,libero_spatial,6,248,0.0,1.0
bb_M3_ae_M2_fp32,libero_spatial,6,249,0.0,1.0
bb_M3_ae_M2_fp32,libero_spatial,6,250,0.0,1.0
bb_M3_ae_M2_fp32,libero_spatial,6,251,0.0,1.0
bb_M3_ae_M2_fp32,libero_spatial,6,252,0.0,1.0
bb_M3_ae_M2_fp32,libero_spatial,6,253,0.0,1.0
bb_M3_ae_M2_fp32,libero_spatial,6,254,0.0,1.0
bb_M3_ae_M2_fp32,libero_spatial,6,255,0.0,1.0
bb_M3_ae_M2_fp32,libero_spatial,6,256,0.0,1.0
bb_M3_ae_M2_fp32,libero_spatial,6,257,0.0,1.0
bb_M3_ae_M2_fp32,libero_spatial,6,258,0.0,1.0
bb_M3_ae_M2_fp32,libero_spatial,6,259,0.0,1.0
bb_M3_ae_M2_fp32,libero_spatial,6,260,0.0,1.0
bb_M3_ae_M2_fp32,libero_spatial,6,261,0.0,1.0
bb_M3_ae_M2_fp32,libero_spatial,6,262,0.0,1.0
bb_M3_ae_M2_fp32,libero_spatial,6,263,0.0,1.0
bb_M3_ae_M2_fp32,libero_spatial,6,264,0.0,1.0
bb_M3_ae_M2_fp32,libero_spatial,6,265,0.0,1.0
bb_M3_ae_M2_fp32,libero_spatial,6,266,0.0,1.0
bb_M3_ae_M2_fp32,libero_spatial,6,267,0.0,1.0
bb_M3_ae_M2_fp32,libero_spatial,6,268,0.0,1.0
bb_M3_ae_M2_fp32,libero_spatial,6,269,0.0,1.0
bb_M3_ae_M2_fp32,libero_spatial,6,270,0.0,1.0
bb_M3_ae_M2_fp32,libero_spatial,6,271,0.0,1.0
bb_M3_ae_M2_fp32,libero_spatial,6,272,0.0,1.0
bb_M3_ae_M2_fp32,libero_spatial,6,273,0.78125,0.21875
bb_M3_ae_M2_fp32,libero_spatial,6,274,0.0,1.0
bb_M3_ae_M2_fp32,libero_spatial,6,275,0.0,1.0
bb_M3_ae_M2_fp32,libero_spatial,6,276,0.0,1.0
bb_M3_ae_M2_fp32,libero_spatial,6,277,0.0,1.0
bb_M3_ae_M2_fp32,libero_spatial,6,278,0.0,1.0
bb_M3_ae_M2_fp32,libero_spatial,6,279,0.0,1.0
bb_M3_ae_M2_fp32,libero_spatial,7,280,0.0,1.0
bb_M3_ae_M2_fp32,libero_spatial,7,281,0.0,1.0
bb_M3_ae_M2_fp32,libero_spatial,7,282,0.0,1.0
bb_M3_ae_M2_fp32,libero_spatial,7,283,0.0,1.0
bb_M3_ae_M2_fp32,libero_spatial,7,284,0.0,1.0
bb_M3_ae_M2_fp32,libero_spatial,7,285,0.0,1.0
bb_M3_ae_M2_fp32,libero_spatial,7,286,0.0,1.0
bb_M3_ae_M2_fp32,libero_spatial,7,287,0.0,1.0
bb_M3_ae_M2_fp32,libero_spatial,7,288,0.0,1.0
bb_M3_ae_M2_fp32,libero_spatial,7,289,0.0,1.0
bb_M3_ae_M2_fp32,libero_spatial,7,290,0.0,1.0
bb_M3_ae_M2_fp32,libero_spatial,7,291,0.0,1.0
bb_M3_ae_M2_fp32,libero_spatial,7,292,0.0,1.0
bb_M3_ae_M2_fp32,libero_spatial,7,293,0.0,1.0
bb_M3_ae_M2_fp32,libero_spatial,7,294,0.0,1.0
bb_M3_ae_M2_fp32,libero_spatial,7,295,0.0,1.0
bb_M3_ae_M2_fp32,libero_spatial,7,296,0.0,1.0
bb_M3_ae_M2_fp32,libero_spatial,7,297,0.0,1.0
bb_M3_ae_M2_fp32,libero_spatial,7,298,0.0,1.0
bb_M3_ae_M2_fp32,libero_spatial,7,299,0.0,1.0
bb_M3_ae_M2_fp32,libero_spatial,7,300,0.0,1.0
bb_M3_ae_M2_fp32,libero_spatial,7,301,0.0,1.0
bb_M3_ae_M2_fp32,libero_spatial,7,302,0.0,1.0
bb_M3_ae_M2_fp32,libero_spatial,7,303,0.0,1.0
bb_M3_ae_M2_fp32,libero_spatial,7,304,0.0,1.0
bb_M3_ae_M2_fp32,libero_spatial,7,305,0.0,1.0
bb_M3_ae_M2_fp32,libero_spatial,7,306,0.0,1.0
bb_M3_ae_M2_fp32,libero_spatial,7,307,0.0,1.0
bb_M3_ae_M2_fp32,libero_spatial,7,308,0.0,1.0
bb_M3_ae_M2_fp32,libero_spatial,7,309,0.0,1.0
bb_M3_ae_M2_fp32,libero_spatial,7,310,0.0,1.0
bb_M3_ae_M2_fp32,libero_spatial,7,311,0.0,1.0
bb_M3_ae_M2_fp32,libero_spatial,7,312,0.0,1.0
bb_M3_ae_M2_fp32,libero_spatial,7,313,0.0,1.0
bb_M3_ae_M2_fp32,libero_spatial,7,314,0.0,1.0
bb_M3_ae_M2_fp32,libero_spatial,7,315,0.0,1.0
bb_M3_ae_M2_fp32,libero_spatial,7,316,0.0,1.0
bb_M3_ae_M2_fp32,libero_spatial,7,317,0.0,1.0
bb_M3_ae_M2_fp32,libero_spatial,7,318,0.0,1.0
bb_M3_ae_M2_fp32,libero_spatial,7,319,0.0,1.0
bb_M3_ae_M2_fp32,libero_spatial,8,320,0.0,1.0
bb_M3_ae_M2_fp32,libero_spatial,8,321,0.0,1.0
bb_M3_ae_M2_fp32,libero_spatial,8,322,0.0,1.0
bb_M3_ae_M2_fp32,libero_spatial,8,323,0.0,1.0
bb_M3_ae_M2_fp32,libero_spatial,8,324,0.0,1.0
bb_M3_ae_M2_fp32,libero_spatial,8,325,0.0,1.0
bb_M3_ae_M2_fp32,libero_spatial,8,326,0.0,1.0
bb_M3_ae_M2_fp32,libero_spatial,8,327,0.0,1.0
bb_M3_ae_M2_fp32,libero_spatial,8,328,0.0,1.0
bb_M3_ae_M2_fp32,libero_spatial,8,329,0.0,1.0
bb_M3_ae_M2_fp32,libero_spatial,8,330,0.0,1.0
bb_M3_ae_M2_fp32,libero_spatial,8,331,0.0,1.0
bb_M3_ae_M2_fp32,libero_spatial,8,332,0.0,1.0
bb_M3_ae_M2_fp32,libero_spatial,8,333,0.0,1.0
bb_M3_ae_M2_fp32,libero_spatial,8,334,0.0,1.0
bb_M3_ae_M2_fp32,libero_spatial,8,335,0.0,1.0
bb_M3_ae_M2_fp32,libero_spatial,8,336,0.0,1.0
bb_M3_ae_M2_fp32,libero_spatial,8,337,0.0,1.0
bb_M3_ae_M2_fp32,libero_spatial,8,338,0.0,1.0
bb_M3_ae_M2_fp32,libero_spatial,8,339,0.0,1.0
bb_M3_ae_M2_fp32,libero_spatial,8,340,0.0,1.0
bb_M3_ae_M2_fp32,libero_spatial,8,341,0.0,1.0
bb_M3_ae_M2_fp32,libero_spatial,8,342,0.0,1.0
bb_M3_ae_M2_fp32,libero_spatial,8,343,0.0,1.0
bb_M3_ae_M2_fp32,libero_spatial,8,344,0.0,1.0
bb_M3_ae_M2_fp32,libero_spatial,8,345,0.0,1.0
bb_M3_ae_M2_fp32,libero_spatial,8,346,0.0,1.0
bb_M3_ae_M2_fp32,libero_spatial,8,347,0.0,1.0
bb_M3_ae_M2_fp32,libero_spatial,8,348,0.0,1.0
bb_M3_ae_M2_fp32,libero_spatial,8,349,0.0,1.0
bb_M3_ae_M2_fp32,libero_spatial,8,350,0.0,1.0
bb_M3_ae_M2_fp32,libero_spatial,8,351,0.0,1.0
bb_M3_ae_M2_fp32,libero_spatial,8,352,0.0,1.0
bb_M3_ae_M2_fp32,libero_spatial,8,353,0.0,1.0
bb_M3_ae_M2_fp32,libero_spatial,8,354,0.0,1.0
bb_M3_ae_M2_fp32,libero_spatial,8,355,0.0,1.0
bb_M3_ae_M2_fp32,libero_spatial,8,356,0.0,1.0
bb_M3_ae_M2_fp32,libero_spatial,8,357,0.0,1.0
bb_M3_ae_M2_fp32,libero_spatial,8,358,0.0,1.0
bb_M3_ae_M2_fp32,libero_spatial,8,359,0.0,1.0
bb_M3_ae_M2_fp32,libero_spatial,9,360,0.0,1.0
bb_M3_ae_M2_fp32,libero_spatial,9,361,0.0,1.0
bb_M3_ae_M2_fp32,libero_spatial,9,362,0.0,1.0
bb_M3_ae_M2_fp32,libero_spatial,9,363,0.0,1.0
bb_M3_ae_M2_fp32,libero_spatial,9,364,0.0,1.0
bb_M3_ae_M2_fp32,libero_spatial,9,365,0.0,1.0
bb_M3_ae_M2_fp32,libero_spatial,9,366,0.0,1.0
bb_M3_ae_M2_fp32,libero_spatial,9,367,0.0,1.0
bb_M3_ae_M2_fp32,libero_spatial,9,368,0.0,1.0
bb_M3_ae_M2_fp32,libero_spatial,9,369,0.0,1.0
bb_M3_ae_M2_fp32,libero_spatial,9,370,0.0,1.0
bb_M3_ae_M2_fp32,libero_spatial,9,371,0.0,1.0
bb_M3_ae_M2_fp32,libero_spatial,9,372,0.0,1.0
bb_M3_ae_M2_fp32,libero_spatial,9,373,0.0,1.0
bb_M3_ae_M2_fp32,libero_spatial,9,374,0.0,1.0
bb_M3_ae_M2_fp32,libero_spatial,9,375,0.0,1.0
bb_M3_ae_M2_fp32,libero_spatial,9,376,0.0,1.0
bb_M3_ae_M2_fp32,libero_spatial,9,377,0.0,1.0
bb_M3_ae_M2_fp32,libero_spatial,9,378,0.0,1.0
bb_M3_ae_M2_fp32,libero_spatial,9,379,0.0,1.0
bb_M3_ae_M2_fp32,libero_spatial,9,380,0.0,1.0
bb_M3_ae_M2_fp32,libero_spatial,9,381,0.0,1.0
bb_M3_ae_M2_fp32,libero_spatial,9,382,0.0,1.0
bb_M3_ae_M2_fp32,libero_spatial,9,383,0.0,1.0
bb_M3_ae_M2_fp32,libero_spatial,9,384,0.0,1.0
bb_M3_ae_M2_fp32,libero_spatial,9,385,0.0,1.0
bb_M3_ae_M2_fp32,libero_spatial,9,386,0.0,1.0
bb_M3_ae_M2_fp32,libero_spatial,9,387,0.0,1.0
bb_M3_ae_M2_fp32,libero_spatial,9,388,0.0,1.0
bb_M3_ae_M2_fp32,libero_spatial,9,389,0.0,1.0
bb_M3_ae_M2_fp32,libero_spatial,9,390,0.0,1.0
bb_M3_ae_M2_fp32,libero_spatial,9,391,0.0,1.0
bb_M3_ae_M2_fp32,libero_spatial,9,392,0.0,1.0
bb_M3_ae_M2_fp32,libero_spatial,9,393,0.0,1.0
bb_M3_ae_M2_fp32,libero_spatial,9,394,0.0,1.0
bb_M3_ae_M2_fp32,libero_spatial,9,395,0.0,1.0
bb_M3_ae_M2_fp32,libero_spatial,9,396,0.0,1.0
bb_M3_ae_M2_fp32,libero_spatial,9,397,0.0,1.0
bb_M3_ae_M2_fp32,libero_spatial,9,398,0.0,1.0
bb_M3_ae_M2_fp32,libero_spatial,9,399,0.0,1.0
a_M1,libero_10,0,1200,0.0,1.0
a_M1,libero_10,0,1201,0.0,1.0
a_M1,libero_10,0,1202,0.0,1.0
a_M1,libero_10,0,1203,0.0,1.0
a_M1,libero_10,0,1204,1.0,0.0
a_M1,libero_10,0,1205,0.0,1.0
a_M1,libero_10,0,1206,1.0,0.0
a_M1,libero_10,0,1207,0.0,1.0
a_M1,libero_10,0,1208,0.0,1.0
a_M1,libero_10,0,1209,0.0,1.0
a_M1,libero_10,0,1210,1.0,0.0
a_M1,libero_10,0,1211,1.0,0.0
a_M1,libero_10,0,1212,1.0,0.0
a_M1,libero_10,0,1213,0.0,1.0
a_M1,libero_10,0,1214,1.0,0.0
a_M1,libero_10,0,1215,0.0,1.0
a_M1,libero_10,0,1216,0.0,1.0
a_M1,libero_10,0,1217,0.0,1.0
a_M1,libero_10,0,1218,0.0,1.0
a_M1,libero_10,0,1219,0.0,1.0
a_M1,libero_10,0,1220,1.0,0.0
a_M1,libero_10,0,1221,0.0,1.0
a_M1,libero_10,0,1222,0.0,1.0
a_M1,libero_10,0,1223,0.0,1.0
a_M1,libero_10,0,1224,0.0,1.0
a_M1,libero_10,0,1225,0.96875,0.03125
a_M1,libero_10,0,1226,0.0,1.0
a_M1,libero_10,0,1227,0.0,1.0
a_M1,libero_10,0,1228,0.0,1.0
a_M1,libero_10,0,1229,0.0,1.0
a_M1,libero_10,0,1230,0.0,1.0
a_M1,libero_10,0,1231,0.0,1.0
a_M1,libero_10,0,1232,0.0,1.0
a_M1,libero_10,0,1233,0.0,1.0
a_M1,libero_10,0,1234,1.0,0.0
a_M1,libero_10,0,1235,0.0,1.0
a_M1,libero_10,0,1236,1.0,0.0
a_M1,libero_10,0,1237,0.0,1.0
a_M1,libero_10,0,1238,0.0,1.0
a_M1,libero_10,0,1239,0.0,1.0
a_M1,libero_10,1,1240,0.0,1.0
a_M1,libero_10,1,1241,0.0,1.0
a_M1,libero_10,1,1242,0.0,1.0
a_M1,libero_10,1,1243,0.0,1.0
a_M1,libero_10,1,1244,0.0,1.0
a_M1,libero_10,1,1245,0.46875,0.53125
a_M1,libero_10,1,1246,0.0,1.0
a_M1,libero_10,1,1247,0.0,1.0
a_M1,libero_10,1,1248,0.0,1.0
a_M1,libero_10,1,1249,0.0,1.0
a_M1,libero_10,1,1250,0.0,1.0
a_M1,libero_10,1,1251,0.0,1.0
a_M1,libero_10,1,1252,0.0,1.0
a_M1,libero_10,1,1253,0.0,1.0
a_M1,libero_10,1,1254,0.0,1.0
a_M1,libero_10,1,1255,0.0,1.0
a_M1,libero_10,1,1256,0.0,1.0
a_M1,libero_10,1,1257,0.0,1.0
a_M1,libero_10,1,1258,0.0,1.0
a_M1,libero_10,1,1259,0.0,1.0
a_M1,libero_10,1,1260,0.0,1.0
a_M1,libero_10,1,1261,0.0,1.0
a_M1,libero_10,1,1262,0.0,1.0
a_M1,libero_10,1,1263,0.0,1.0
a_M1,libero_10,1,1264,0.0,1.0
a_M1,libero_10,1,1265,0.0,1.0
a_M1,libero_10,1,1266,0.0,1.0
a_M1,libero_10,1,1267,0.0,1.0
a_M1,libero_10,1,1268,0.0,1.0
a_M1,libero_10,1,1269,0.0,1.0
a_M1,libero_10,1,1270,0.0,1.0
a_M1,libero_10,1,1271,0.5625,0.4375
a_M1,libero_10,1,1272,0.0,1.0
a_M1,libero_10,1,1273,0.0,1.0
a_M1,libero_10,1,1274,0.0,1.0
a_M1,libero_10,1,1275,0.0,1.0
a_M1,libero_10,1,1276,0.0,1.0
a_M1,libero_10,1,1277,0.0,1.0
a_M1,libero_10,1,1278,0.0,1.0
a_M1,libero_10,1,1279,0.0,1.0
a_M1,libero_10,2,1280,0.0,1.0
a_M1,libero_10,2,1281,0.78125,0.21875
a_M1,libero_10,2,1282,0.0,1.0
a_M1,libero_10,2,1283,0.3125,0.6875
a_M1,libero_10,2,1284,0.90625,0.09375
a_M1,libero_10,2,1285,0.0,1.0
a_M1,libero_10,2,1286,0.0,1.0
a_M1,libero_10,2,1287,0.0,1.0
a_M1,libero_10,2,1288,0.65625,0.34375
a_M1,libero_10,2,1289,0.21875,0.78125
a_M1,libero_10,2,1290,0.0,1.0
a_M1,libero_10,2,1291,0.6875,0.3125
a_M1,libero_10,2,1292,0.0,1.0
a_M1,libero_10,2,1293,0.84375,0.15625
a_M1,libero_10,2,1294,0.9375,0.0625
a_M1,libero_10,2,1295,0.4375,0.5625
a_M1,libero_10,2,1296,0.0,1.0
a_M1,libero_10,2,1297,0.125,0.875
a_M1,libero_10,2,1298,0.0,1.0
a_M1,libero_10,2,1299,0.34375,0.65625
a_M1,libero_10,2,1300,0.0,1.0
a_M1,libero_10,2,1301,0.875,0.125
a_M1,libero_10,2,1302,0.0,1.0
a_M1,libero_10,2,1303,0.5625,0.4375
a_M1,libero_10,2,1304,0.1875,0.8125
a_M1,libero_10,2,1305,0.0,1.0
a_M1,libero_10,2,1306,0.0,1.0
a_M1,libero_10,2,1307,1.0,0.0
a_M1,libero_10,2,1308,0.0,1.0
a_M1,libero_10,2,1309,0.0,1.0
a_M1,libero_10,2,1310,0.0,1.0
a_M1,libero_10,2,1311,0.3125,0.6875
a_M1,libero_10,2,1312,0.09375,0.90625
a_M1,libero_10,2,1313,0.0,1.0
a_M1,libero_10,2,1314,0.0,1.0
a_M1,libero_10,2,1315,0.0,1.0
a_M1,libero_10,2,1316,0.0,1.0
a_M1,libero_10,2,1317,0.0,1.0
a_M1,libero_10,2,1318,0.0,1.0
a_M1,libero_10,2,1319,0.0,1.0
a_M1,libero_10,3,1320,0.0,1.0
a_M1,libero_10,3,1321,0.0,1.0
a_M1,libero_10,3,1322,0.0,1.0
a_M1,libero_10,3,1323,0.71875,0.28125
a_M1,libero_10,3,1324,0.0,1.0
a_M1,libero_10,3,1325,0.0,1.0
a_M1,libero_10,3,1326,0.0,1.0
a_M1,libero_10,3,1327,0.0,1.0
a_M1,libero_10,3,1328,0.0,1.0
a_M1,libero_10,3,1329,0.0,1.0
a_M1,libero_10,3,1330,0.0,1.0
a_M1,libero_10,3,1331,0.0,1.0
a_M1,libero_10,3,1332,0.75,0.25
a_M1,libero_10,3,1333,0.0,1.0
a_M1,libero_10,3,1334,0.0,1.0
a_M1,libero_10,3,1335,0.0,1.0
a_M1,libero_10,3,1336,0.0,1.0
a_M1,libero_10,3,1337,0.96875,0.03125
a_M1,libero_10,3,1338,0.0,1.0
a_M1,libero_10,3,1339,0.0,1.0
a_M1,libero_10,3,1340,0.0,1.0
a_M1,libero_10,3,1341,0.0,1.0
a_M1,libero_10,3,1342,0.0,1.0
a_M1,libero_10,3,1343,0.0,1.0
a_M1,libero_10,3,1344,0.0,1.0
a_M1,libero_10,3,1345,0.0,1.0
a_M1,libero_10,3,1346,0.0,1.0
a_M1,libero_10,3,1347,0.0,1.0
a_M1,libero_10,3,1348,0.0,1.0
a_M1,libero_10,3,1349,0.0,1.0
a_M1,libero_10,3,1350,0.0,1.0
a_M1,libero_10,3,1351,0.0,1.0
a_M1,libero_10,3,1352,0.0,1.0
a_M1,libero_10,3,1353,0.0,1.0
a_M1,libero_10,3,1354,0.0,1.0
a_M1,libero_10,3,1355,0.875,0.125
a_M1,libero_10,3,1356,0.0,1.0
a_M1,libero_10,3,1357,0.0,1.0
a_M1,libero_10,3,1358,0.0,1.0
a_M1,libero_10,3,1359,0.75,0.25
a_M1,libero_10,4,1360,0.0,1.0
a_M1,libero_10,4,1361,0.0,1.0
a_M1,libero_10,4,1362,0.0,1.0
a_M1,libero_10,4,1363,0.0,1.0
a_M1,libero_10,4,1364,0.8125,0.1875
a_M1,libero_10,4,1365,0.0,1.0
a_M1,libero_10,4,1366,0.0,1.0
a_M1,libero_10,4,1367,0.0,1.0
a_M1,libero_10,4,1368,0.0,1.0
a_M1,libero_10,4,1369,0.0,1.0
a_M1,libero_10,4,1370,0.0,1.0
a_M1,libero_10,4,1371,0.0,1.0
a_M1,libero_10,4,1372,0.0,1.0
a_M1,libero_10,4,1373,0.0,1.0
a_M1,libero_10,4,1374,0.0,1.0
a_M1,libero_10,4,1375,0.0,1.0
a_M1,libero_10,4,1376,0.0,1.0
a_M1,libero_10,4,1377,0.0,1.0
a_M1,libero_10,4,1378,0.28125,0.71875
a_M1,libero_10,4,1379,0.0,1.0
a_M1,libero_10,4,1380,0.0,1.0
a_M1,libero_10,4,1381,0.0,1.0
a_M1,libero_10,4,1382,1.0,0.0
a_M1,libero_10,4,1383,0.0,1.0
a_M1,libero_10,4,1384,0.0,1.0
a_M1,libero_10,4,1385,0.0,1.0
a_M1,libero_10,4,1386,0.0,1.0
a_M1,libero_10,4,1387,0.0,1.0
a_M1,libero_10,4,1388,0.0,1.0
a_M1,libero_10,4,1389,0.0,1.0
a_M1,libero_10,4,1390,0.875,0.125
a_M1,libero_10,4,1391,0.0,1.0
a_M1,libero_10,4,1392,0.0,1.0
a_M1,libero_10,4,1393,0.0,1.0
a_M1,libero_10,4,1394,0.0,1.0
a_M1,libero_10,4,1395,0.0,1.0
a_M1,libero_10,4,1396,0.0,1.0
a_M1,libero_10,4,1397,0.0,1.0
a_M1,libero_10,4,1398,0.90625,0.09375
a_M1,libero_10,4,1399,0.0,1.0
a_M1,libero_10,5,1400,0.0,1.0
a_M1,libero_10,5,1401,0.0,1.0
a_M1,libero_10,5,1402,0.0,1.0
a_M1,libero_10,5,1403,0.0,1.0
a_M1,libero_10,5,1404,0.0,1.0
a_M1,libero_10,5,1405,0.0,1.0
a_M1,libero_10,5,1406,0.0,1.0
a_M1,libero_10,5,1407,0.0,1.0
a_M1,libero_10,5,1408,0.0,1.0
a_M1,libero_10,5,1409,0.0,1.0
a_M1,libero_10,5,1410,0.0,1.0
a_M1,libero_10,5,1411,0.0,1.0
a_M1,libero_10,5,1412,0.0,1.0
a_M1,libero_10,5,1413,0.0,1.0
a_M1,libero_10,5,1414,0.0,1.0
a_M1,libero_10,5,1415,0.0,1.0
a_M1,libero_10,5,1416,0.0,1.0
a_M1,libero_10,5,1417,0.0,1.0
a_M1,libero_10,5,1418,0.0,1.0
a_M1,libero_10,5,1419,0.0,1.0
a_M1,libero_10,5,1420,0.9375,0.0625
a_M1,libero_10,5,1421,0.0,1.0
a_M1,libero_10,5,1422,0.0,1.0
a_M1,libero_10,5,1423,0.0,1.0
a_M1,libero_10,5,1424,0.0,1.0
a_M1,libero_10,5,1425,0.0,1.0
a_M1,libero_10,5,1426,0.0,1.0
a_M1,libero_10,5,1427,0.0,1.0
a_M1,libero_10,5,1428,0.0,1.0
a_M1,libero_10,5,1429,0.0,1.0
a_M1,libero_10,5,1430,0.0,1.0
a_M1,libero_10,5,1431,0.0,1.0
a_M1,libero_10,5,1432,0.0,1.0
a_M1,libero_10,5,1433,0.0,1.0
a_M1,libero_10,5,1434,0.625,0.375
a_M1,libero_10,5,1435,0.0,1.0
a_M1,libero_10,5,1436,0.0,1.0
a_M1,libero_10,5,1437,0.0,1.0
a_M1,libero_10,5,1438,0.0,1.0
a_M1,libero_10,5,1439,0.0,1.0
a_M1,libero_10,6,1440,0.0,1.0
a_M1,libero_10,6,1441,0.0,1.0
a_M1,libero_10,6,1442,0.0,1.0
a_M1,libero_10,6,1443,0.0,1.0
a_M1,libero_10,6,1444,0.0,1.0
a_M1,libero_10,6,1445,0.0,1.0
a_M1,libero_10,6,1446,0.0,1.0
a_M1,libero_10,6,1447,0.0,1.0
a_M1,libero_10,6,1448,0.0,1.0
a_M1,libero_10,6,1449,0.0,1.0
a_M1,libero_10,6,1450,0.0,1.0
a_M1,libero_10,6,1451,0.0,1.0
a_M1,libero_10,6,1452,0.0,1.0
a_M1,libero_10,6,1453,0.0,1.0
a_M1,libero_10,6,1454,0.0,1.0
a_M1,libero_10,6,1455,0.0,1.0
a_M1,libero_10,6,1456,0.0,1.0
a_M1,libero_10,6,1457,0.0,1.0
a_M1,libero_10,6,1458,0.0,1.0
a_M1,libero_10,6,1459,0.0,1.0
a_M1,libero_10,6,1460,0.0,1.0
a_M1,libero_10,6,1461,0.0,1.0
a_M1,libero_10,6,1462,0.0,1.0
a_M1,libero_10,6,1463,0.0,1.0
a_M1,libero_10,6,1464,0.0,1.0
a_M1,libero_10,6,1465,0.0,1.0
a_M1,libero_10,6,1466,0.0,1.0
a_M1,libero_10,6,1467,0.0,1.0
a_M1,libero_10,6,1468,0.0,1.0
a_M1,libero_10,6,1469,0.0,1.0
a_M1,libero_10,6,1470,0.0,1.0
a_M1,libero_10,6,1471,0.0,1.0
a_M1,libero_10,6,1472,0.0,1.0
a_M1,libero_10,6,1473,0.0,1.0
a_M1,libero_10,6,1474,0.0,1.0
a_M1,libero_10,6,1475,0.0,1.0
a_M1,libero_10,6,1476,0.0,1.0
a_M1,libero_10,6,1477,0.0,1.0
a_M1,libero_10,6,1478,0.0,1.0
a_M1,libero_10,6,1479,0.0,1.0
a_M1,libero_10,7,1480,0.0,1.0
a_M1,libero_10,7,1481,0.0,1.0
a_M1,libero_10,7,1482,0.0,1.0
a_M1,libero_10,7,1483,0.0,1.0
a_M1,libero_10,7,1484,0.0,1.0
a_M1,libero_10,7,1485,0.84375,0.15625
a_M1,libero_10,7,1486,0.0,1.0
a_M1,libero_10,7,1487,0.0,1.0
a_M1,libero_10,7,1488,0.0,1.0
a_M1,libero_10,7,1489,0.0,1.0
a_M1,libero_10,7,1490,0.0,1.0
a_M1,libero_10,7,1491,0.0,1.0
a_M1,libero_10,7,1492,0.0,1.0
a_M1,libero_10,7,1493,0.0,1.0
a_M1,libero_10,7,1494,0.0,1.0
a_M1,libero_10,7,1495,0.0,1.0
a_M1,libero_10,7,1496,0.0,1.0
a_M1,libero_10,7,1497,0.0,1.0
a_M1,libero_10,7,1498,0.0,1.0
a_M1,libero_10,7,1499,0.0,1.0
a_M1,libero_10,7,1500,0.0,1.0
a_M1,libero_10,7,1501,0.0,1.0
a_M1,libero_10,7,1502,0.0,1.0
a_M1,libero_10,7,1503,0.0,1.0
a_M1,libero_10,7,1504,0.0,1.0
a_M1,libero_10,7,1505,0.0,1.0
a_M1,libero_10,7,1506,0.0,1.0
a_M1,libero_10,7,1507,0.0,1.0
a_M1,libero_10,7,1508,0.0,1.0
a_M1,libero_10,7,1509,0.0,1.0
a_M1,libero_10,7,1510,0.0,1.0
a_M1,libero_10,7,1511,0.0,1.0
a_M1,libero_10,7,1512,0.0,1.0
a_M1,libero_10,7,1513,0.0,1.0
a_M1,libero_10,7,1514,0.0,1.0
a_M1,libero_10,7,1515,0.0,1.0
a_M1,libero_10,7,1516,0.0,1.0
a_M1,libero_10,7,1517,0.0,1.0
a_M1,libero_10,7,1518,0.0,1.0
a_M1,libero_10,7,1519,0.0,1.0
a_M1,libero_10,8,1520,0.0,1.0
a_M1,libero_10,8,1521,0.0,1.0
a_M1,libero_10,8,1522,1.0,0.0
a_M1,libero_10,8,1523,0.0,1.0
a_M1,libero_10,8,1524,0.0,1.0
a_M1,libero_10,8,1525,0.0,1.0
a_M1,libero_10,8,1526,0.0,1.0
a_M1,libero_10,8,1527,0.0,1.0
a_M1,libero_10,8,1528,0.0,1.0
a_M1,libero_10,8,1529,0.0,1.0
a_M1,libero_10,8,1530,0.0,1.0
a_M1,libero_10,8,1531,0.0,1.0
a_M1,libero_10,8,1532,0.0,1.0
a_M1,libero_10,8,1533,0.96875,0.03125
a_M1,libero_10,8,1534,0.0,1.0
a_M1,libero_10,8,1535,0.0,1.0
a_M1,libero_10,8,1536,0.0,1.0
a_M1,libero_10,8,1537,0.0,1.0
a_M1,libero_10,8,1538,0.0,1.0
a_M1,libero_10,8,1539,0.0,1.0
a_M1,libero_10,8,1540,0.0,1.0
a_M1,libero_10,8,1541,0.0,1.0
a_M1,libero_10,8,1542,0.0,1.0
a_M1,libero_10,8,1543,0.0,1.0
a_M1,libero_10,8,1544,0.0,1.0
a_M1,libero_10,8,1545,0.0,1.0
a_M1,libero_10,8,1546,0.03125,0.96875
a_M1,libero_10,8,1547,0.0,1.0
a_M1,libero_10,8,1548,0.0,1.0
a_M1,libero_10,8,1549,0.5,0.5
a_M1,libero_10,8,1550,0.0,1.0
a_M1,libero_10,8,1551,0.09375,0.90625
a_M1,libero_10,8,1552,0.0,1.0
a_M1,libero_10,8,1553,0.0,1.0
a_M1,libero_10,8,1554,0.0,1.0
a_M1,libero_10,8,1555,0.0,1.0
a_M1,libero_10,8,1556,0.0,1.0
a_M1,libero_10,8,1557,0.0,1.0
a_M1,libero_10,8,1558,0.53125,0.46875
a_M1,libero_10,8,1559,0.0,1.0
a_M1,libero_10,9,1560,0.0,1.0
a_M1,libero_10,9,1561,0.0,1.0
a_M1,libero_10,9,1562,0.0,1.0
a_M1,libero_10,9,1563,0.0,1.0
a_M1,libero_10,9,1564,0.0,1.0
a_M1,libero_10,9,1565,0.5625,0.4375
a_M1,libero_10,9,1566,0.0,1.0
a_M1,libero_10,9,1567,0.0,1.0
a_M1,libero_10,9,1568,0.0,1.0
a_M1,libero_10,9,1569,0.0,1.0
a_M1,libero_10,9,1570,0.0,1.0
a_M1,libero_10,9,1571,0.0,1.0
a_M1,libero_10,9,1572,0.0,1.0
a_M1,libero_10,9,1573,0.0,1.0
a_M1,libero_10,9,1574,0.84375,0.15625
a_M1,libero_10,9,1575,0.125,0.875
a_M1,libero_10,9,1576,0.0,1.0
a_M1,libero_10,9,1577,0.0,1.0
a_M1,libero_10,9,1578,0.875,0.125
a_M1,libero_10,9,1579,0.03125,0.96875
a_M1,libero_10,9,1580,0.875,0.125
a_M1,libero_10,9,1581,0.0,1.0
a_M1,libero_10,9,1582,0.0,1.0
a_M1,libero_10,9,1583,0.84375,0.15625
a_M1,libero_10,9,1584,0.0,1.0
a_M1,libero_10,9,1585,0.8125,0.1875
a_M1,libero_10,9,1586,0.0,1.0
a_M1,libero_10,9,1587,0.21875,0.78125
a_M1,libero_10,9,1588,0.0,1.0
a_M1,libero_10,9,1589,0.0,1.0
a_M1,libero_10,9,1590,0.0,1.0
a_M1,libero_10,9,1591,0.0,1.0
a_M1,libero_10,9,1592,0.0,1.0
a_M1,libero_10,9,1593,0.90625,0.09375
a_M1,libero_10,9,1594,0.0,1.0
a_M1,libero_10,9,1595,0.84375,0.15625
a_M1,libero_10,9,1596,1.0,0.0
a_M1,libero_10,9,1597,0.90625,0.09375
a_M1,libero_10,9,1598,0.0,1.0
a_M1,libero_10,9,1599,0.0,1.0
a_M1,libero_goal,0,800,0.0,1.0
a_M1,libero_goal,0,801,0.0,1.0
a_M1,libero_goal,0,802,0.0,1.0
a_M1,libero_goal,0,803,0.0,1.0
a_M1,libero_goal,0,804,0.0,1.0
a_M1,libero_goal,0,805,0.0,1.0
a_M1,libero_goal,0,806,0.0,1.0
a_M1,libero_goal,0,807,0.6875,0.3125
a_M1,libero_goal,0,808,0.0,1.0
a_M1,libero_goal,0,809,0.0,1.0
a_M1,libero_goal,0,810,0.0,1.0
a_M1,libero_goal,0,811,0.0,1.0
a_M1,libero_goal,0,812,0.0,1.0
a_M1,libero_goal,0,813,0.0,1.0
a_M1,libero_goal,0,814,0.0,1.0
a_M1,libero_goal,0,815,0.0,1.0
a_M1,libero_goal,0,816,0.0,1.0
a_M1,libero_goal,0,817,0.0,1.0
a_M1,libero_goal,0,818,0.0,1.0
a_M1,libero_goal,0,819,0.75,0.25
a_M1,libero_goal,0,820,0.0,1.0
a_M1,libero_goal,0,821,0.0,1.0
a_M1,libero_goal,0,822,0.0,1.0
a_M1,libero_goal,0,823,0.0,1.0
a_M1,libero_goal,0,824,0.0,1.0
a_M1,libero_goal,0,825,0.0,1.0
a_M1,libero_goal,0,826,0.0,1.0
a_M1,libero_goal,0,827,0.0,1.0
a_M1,libero_goal,0,828,0.0,1.0
a_M1,libero_goal,0,829,0.0,1.0
a_M1,libero_goal,0,830,0.0,1.0
a_M1,libero_goal,0,831,0.8125,0.1875
a_M1,libero_goal,0,832,0.0,1.0
a_M1,libero_goal,0,833,0.0,1.0
a_M1,libero_goal,0,834,0.0,1.0
a_M1,libero_goal,0,835,0.0,1.0
a_M1,libero_goal,0,836,0.0,1.0
a_M1,libero_goal,0,837,0.0,1.0
a_M1,libero_goal,0,838,0.0,1.0
a_M1,libero_goal,0,839,0.0,1.0
a_M1,libero_goal,1,840,0.0,1.0
a_M1,libero_goal,1,841,0.0,1.0
a_M1,libero_goal,1,842,0.0,1.0
a_M1,libero_goal,1,843,0.0,1.0
a_M1,libero_goal,1,844,0.0,1.0
a_M1,libero_goal,1,845,0.0,1.0
a_M1,libero_goal,1,846,0.0,1.0
a_M1,libero_goal,1,847,0.0,1.0
a_M1,libero_goal,1,848,0.0,1.0
a_M1,libero_goal,1,849,0.0,1.0
a_M1,libero_goal,1,850,0.0,1.0
a_M1,libero_goal,1,851,0.0,1.0
a_M1,libero_goal,1,852,0.0,1.0
a_M1,libero_goal,1,853,0.0,1.0
a_M1,libero_goal,1,854,0.0,1.0
a_M1,libero_goal,1,855,0.0,1.0
a_M1,libero_goal,1,856,0.0,1.0
a_M1,libero_goal,1,857,0.0,1.0
a_M1,libero_goal,1,858,0.0,1.0
a_M1,libero_goal,1,859,0.0,1.0
a_M1,libero_goal,1,860,0.0,1.0
a_M1,libero_goal,1,861,0.0,1.0
a_M1,libero_goal,1,862,0.0,1.0
a_M1,libero_goal,1,863,0.0,1.0
a_M1,libero_goal,1,864,0.0,1.0
a_M1,libero_goal,1,865,0.0,1.0
a_M1,libero_goal,1,866,0.0,1.0
a_M1,libero_goal,1,867,0.0,1.0
a_M1,libero_goal,1,868,0.0,1.0
a_M1,libero_goal,1,869,0.0,1.0
a_M1,libero_goal,1,870,0.0,1.0
a_M1,libero_goal,1,871,0.0,1.0
a_M1,libero_goal,1,872,0.0,1.0
a_M1,libero_goal,1,873,0.0,1.0
a_M1,libero_goal,1,874,0.0,1.0
a_M1,libero_goal,1,875,0.96875,0.03125
a_M1,libero_goal,1,876,0.0,1.0
a_M1,libero_goal,1,877,0.0,1.0
a_M1,libero_goal,1,878,0.0,1.0
a_M1,libero_goal,1,879,0.0,1.0
a_M1,libero_goal,2,880,0.0,1.0
a_M1,libero_goal,2,881,1.0,0.0
a_M1,libero_goal,2,882,1.0,0.0
a_M1,libero_goal,2,883,0.0,1.0
a_M1,libero_goal,2,884,0.0,1.0
a_M1,libero_goal,2,885,0.0,1.0
a_M1,libero_goal,2,886,0.0,1.0
a_M1,libero_goal,2,887,1.0,0.0
a_M1,libero_goal,2,888,1.0,0.0
a_M1,libero_goal,2,889,0.0,1.0
a_M1,libero_goal,2,890,0.0,1.0
a_M1,libero_goal,2,891,0.9375,0.0625
a_M1,libero_goal,2,892,0.9375,0.0625
a_M1,libero_goal,2,893,0.9375,0.0625
a_M1,libero_goal,2,894,0.0,1.0
a_M1,libero_goal,2,895,0.0,1.0
a_M1,libero_goal,2,896,0.0,1.0
a_M1,libero_goal,2,897,0.0,1.0
a_M1,libero_goal,2,898,0.9375,0.0625
a_M1,libero_goal,2,899,0.0,1.0
a_M1,libero_goal,2,900,0.96875,0.03125
a_M1,libero_goal,2,901,1.0,0.0
a_M1,libero_goal,2,902,0.6875,0.3125
a_M1,libero_goal,2,903,0.65625,0.34375
a_M1,libero_goal,2,904,0.875,0.125
a_M1,libero_goal,2,905,0.0,1.0
a_M1,libero_goal,2,906,0.0,1.0
a_M1,libero_goal,2,907,0.0,1.0
a_M1,libero_goal,2,908,0.9375,0.0625
a_M1,libero_goal,2,909,0.0,1.0
a_M1,libero_goal,2,910,0.0,1.0
a_M1,libero_goal,2,911,0.6875,0.3125
a_M1,libero_goal,2,912,0.125,0.875
a_M1,libero_goal,2,913,0.0,1.0
a_M1,libero_goal,2,914,0.15625,0.84375
a_M1,libero_goal,2,915,0.0,1.0
a_M1,libero_goal,2,916,0.0,1.0
a_M1,libero_goal,2,917,0.96875,0.03125
a_M1,libero_goal,2,918,0.96875,0.03125
a_M1,libero_goal,2,919,0.0,1.0
a_M1,libero_goal,3,920,0.0,1.0
a_M1,libero_goal,3,921,0.0,1.0
a_M1,libero_goal,3,922,0.0,1.0
a_M1,libero_goal,3,923,0.0,1.0
a_M1,libero_goal,3,924,0.0,1.0
a_M1,libero_goal,3,925,0.0,1.0
a_M1,libero_goal,3,926,0.0,1.0
a_M1,libero_goal,3,927,0.0,1.0
a_M1,libero_goal,3,928,0.0,1.0
a_M1,libero_goal,3,929,0.0,1.0
a_M1,libero_goal,3,930,0.78125,0.21875
a_M1,libero_goal,3,931,0.0,1.0
a_M1,libero_goal,3,932,0.0,1.0
a_M1,libero_goal,3,933,0.0,1.0
a_M1,libero_goal,3,934,0.0,1.0
a_M1,libero_goal,3,935,0.0,1.0
a_M1,libero_goal,3,936,0.0,1.0
a_M1,libero_goal,3,937,0.4375,0.5625
a_M1,libero_goal,3,938,0.0,1.0
a_M1,libero_goal,3,939,0.0,1.0
a_M1,libero_goal,3,940,0.0,1.0
a_M1,libero_goal,3,941,0.0,1.0
a_M1,libero_goal,3,942,0.25,0.75
a_M1,libero_goal,3,943,0.0,1.0
a_M1,libero_goal,3,944,0.0,1.0
a_M1,libero_goal,3,945,0.0,1.0
a_M1,libero_goal,3,946,0.0,1.0
a_M1,libero_goal,3,947,0.0,1.0
a_M1,libero_goal,3,948,0.3125,0.6875
a_M1,libero_goal,3,949,0.0,1.0
a_M1,libero_goal,3,950,0.0,1.0
a_M1,libero_goal,3,951,0.0,1.0
a_M1,libero_goal,3,952,0.0,1.0
a_M1,libero_goal,3,953,0.0,1.0
a_M1,libero_goal,3,954,0.0,1.0
a_M1,libero_goal,3,955,0.0,1.0
a_M1,libero_goal,3,956,0.0,1.0
a_M1,libero_goal,3,957,0.0,1.0
a_M1,libero_goal,3,958,0.0,1.0
a_M1,libero_goal,3,959,0.0,1.0
a_M1,libero_goal,4,960,0.0,1.0
a_M1,libero_goal,4,961,0.0,1.0
a_M1,libero_goal,4,962,0.0,1.0
a_M1,libero_goal,4,963,0.0,1.0
a_M1,libero_goal,4,964,0.0,1.0
a_M1,libero_goal,4,965,0.0,1.0
a_M1,libero_goal,4,966,0.0,1.0
a_M1,libero_goal,4,967,0.0,1.0
a_M1,libero_goal,4,968,0.0,1.0
a_M1,libero_goal,4,969,0.0,1.0
a_M1,libero_goal,4,970,0.0,1.0
a_M1,libero_goal,4,971,0.0,1.0
a_M1,libero_goal,4,972,0.0,1.0
a_M1,libero_goal,4,973,0.0,1.0
a_M1,libero_goal,4,974,0.0,1.0
a_M1,libero_goal,4,975,0.0,1.0
a_M1,libero_goal,4,976,0.0,1.0
a_M1,libero_goal,4,977,0.0,1.0
a_M1,libero_goal,4,978,0.0,1.0
a_M1,libero_goal,4,979,0.0,1.0
a_M1,libero_goal,4,980,0.0,1.0
a_M1,libero_goal,4,981,0.0,1.0
a_M1,libero_goal,4,982,0.5,0.5
a_M1,libero_goal,4,983,0.0,1.0
a_M1,libero_goal,4,984,0.0,1.0
a_M1,libero_goal,4,985,0.0,1.0
a_M1,libero_goal,4,986,0.0,1.0
a_M1,libero_goal,4,987,0.0,1.0
a_M1,libero_goal,4,988,0.0,1.0
a_M1,libero_goal,4,989,0.0,1.0
a_M1,libero_goal,4,990,0.0,1.0
a_M1,libero_goal,4,991,0.0,1.0
a_M1,libero_goal,4,992,0.0,1.0
a_M1,libero_goal,4,993,0.0,1.0
a_M1,libero_goal,4,994,0.0,1.0
a_M1,libero_goal,4,995,0.0,1.0
a_M1,libero_goal,4,996,0.0,1.0
a_M1,libero_goal,4,997,0.0,1.0
a_M1,libero_goal,4,998,0.0,1.0
a_M1,libero_goal,4,999,0.0,1.0
a_M1,libero_goal,5,1000,0.0,1.0
a_M1,libero_goal,5,1001,0.0,1.0
a_M1,libero_goal,5,1002,0.0,1.0
a_M1,libero_goal,5,1003,0.0,1.0
a_M1,libero_goal,5,1004,0.0,1.0
a_M1,libero_goal,5,1005,0.0,1.0
a_M1,libero_goal,5,1006,0.0,1.0
a_M1,libero_goal,5,1007,0.0,1.0
a_M1,libero_goal,5,1008,0.0,1.0
a_M1,libero_goal,5,1009,0.0,1.0
a_M1,libero_goal,5,1010,0.0,1.0
a_M1,libero_goal,5,1011,0.0,1.0
a_M1,libero_goal,5,1012,0.0,1.0
a_M1,libero_goal,5,1013,0.0,1.0
a_M1,libero_goal,5,1014,0.0,1.0
a_M1,libero_goal,5,1015,0.0,1.0
a_M1,libero_goal,5,1016,0.0,1.0
a_M1,libero_goal,5,1017,0.0,1.0
a_M1,libero_goal,5,1018,0.0,1.0
a_M1,libero_goal,5,1019,0.0,1.0
a_M1,libero_goal,5,1020,0.0,1.0
a_M1,libero_goal,5,1021,0.0,1.0
a_M1,libero_goal,5,1022,0.0,1.0
a_M1,libero_goal,5,1023,0.0,1.0
a_M1,libero_goal,5,1024,0.0,1.0
a_M1,libero_goal,5,1025,0.0,1.0
a_M1,libero_goal,5,1026,0.0,1.0
a_M1,libero_goal,5,1027,0.0,1.0
a_M1,libero_goal,5,1028,0.0,1.0
a_M1,libero_goal,5,1029,0.0,1.0
a_M1,libero_goal,5,1030,0.0,1.0
a_M1,libero_goal,5,1031,0.0,1.0
a_M1,libero_goal,5,1032,0.0,1.0
a_M1,libero_goal,5,1033,0.0,1.0
a_M1,libero_goal,5,1034,0.0,1.0
a_M1,libero_goal,5,1035,0.0,1.0
a_M1,libero_goal,5,1036,0.0,1.0
a_M1,libero_goal,5,1037,0.0,1.0
a_M1,libero_goal,5,1038,0.0,1.0
a_M1,libero_goal,5,1039,0.0,1.0
a_M1,libero_goal,6,1040,0.0,1.0
a_M1,libero_goal,6,1041,0.0,1.0
a_M1,libero_goal,6,1042,0.0,1.0
a_M1,libero_goal,6,1043,0.0,1.0
a_M1,libero_goal,6,1044,0.0,1.0
a_M1,libero_goal,6,1045,0.0,1.0
a_M1,libero_goal,6,1046,0.0,1.0
a_M1,libero_goal,6,1047,0.0,1.0
a_M1,libero_goal,6,1048,0.0,1.0
a_M1,libero_goal,6,1049,0.0,1.0
a_M1,libero_goal,6,1050,0.0,1.0
a_M1,libero_goal,6,1051,0.0,1.0
a_M1,libero_goal,6,1052,0.0,1.0
a_M1,libero_goal,6,1053,0.0,1.0
a_M1,libero_goal,6,1054,0.0,1.0
a_M1,libero_goal,6,1055,0.0,1.0
a_M1,libero_goal,6,1056,0.0,1.0
a_M1,libero_goal,6,1057,0.0,1.0
a_M1,libero_goal,6,1058,0.0,1.0
a_M1,libero_goal,6,1059,0.0,1.0
a_M1,libero_goal,6,1060,0.0,1.0
a_M1,libero_goal,6,1061,0.0,1.0
a_M1,libero_goal,6,1062,0.0,1.0
a_M1,libero_goal,6,1063,0.0,1.0
a_M1,libero_goal,6,1064,0.0,1.0
a_M1,libero_goal,6,1065,1.0,0.0
a_M1,libero_goal,6,1066,0.0,1.0
a_M1,libero_goal,6,1067,0.0,1.0
a_M1,libero_goal,6,1068,0.0,1.0
a_M1,libero_goal,6,1069,0.0,1.0
a_M1,libero_goal,6,1070,0.0,1.0
a_M1,libero_goal,6,1071,0.0,1.0
a_M1,libero_goal,6,1072,0.0,1.0
a_M1,libero_goal,6,1073,0.0,1.0
a_M1,libero_goal,6,1074,0.0,1.0
a_M1,libero_goal,6,1075,0.0,1.0
a_M1,libero_goal,6,1076,0.0,1.0
a_M1,libero_goal,6,1077,0.0,1.0
a_M1,libero_goal,6,1078,0.0,1.0
a_M1,libero_goal,6,1079,0.0,1.0
a_M1,libero_goal,7,1080,0.0,1.0
a_M1,libero_goal,7,1081,0.40625,0.59375
a_M1,libero_goal,7,1082,0.0,1.0
a_M1,libero_goal,7,1083,0.03125,0.96875
a_M1,libero_goal,7,1084,0.0,1.0
a_M1,libero_goal,7,1085,0.0,1.0
a_M1,libero_goal,7,1086,0.0,1.0
a_M1,libero_goal,7,1087,0.0,1.0
a_M1,libero_goal,7,1088,0.0,1.0
a_M1,libero_goal,7,1089,0.0,1.0
a_M1,libero_goal,7,1090,0.0,1.0
a_M1,libero_goal,7,1091,0.0,1.0
a_M1,libero_goal,7,1092,0.0,1.0
a_M1,libero_goal,7,1093,0.0,1.0
a_M1,libero_goal,7,1094,0.0,1.0
a_M1,libero_goal,7,1095,0.0,1.0
a_M1,libero_goal,7,1096,0.0,1.0
a_M1,libero_goal,7,1097,0.0,1.0
a_M1,libero_goal,7,1098,0.0,1.0
a_M1,libero_goal,7,1099,0.25,0.75
a_M1,libero_goal,7,1100,0.65625,0.34375
a_M1,libero_goal,7,1101,0.0,1.0
a_M1,libero_goal,7,1102,0.0,1.0
a_M1,libero_goal,7,1103,0.0,1.0
a_M1,libero_goal,7,1104,0.0,1.0
a_M1,libero_goal,7,1105,0.0,1.0
a_M1,libero_goal,7,1106,0.0,1.0
a_M1,libero_goal,7,1107,0.0,1.0
a_M1,libero_goal,7,1108,0.0,1.0
a_M1,libero_goal,7,1109,0.0,1.0
a_M1,libero_goal,7,1110,0.0,1.0
a_M1,libero_goal,7,1111,0.0,1.0
a_M1,libero_goal,7,1112,0.0,1.0
a_M1,libero_goal,7,1113,0.0,1.0
a_M1,libero_goal,7,1114,0.0,1.0
a_M1,libero_goal,7,1115,0.0,1.0
a_M1,libero_goal,7,1116,0.0,1.0
a_M1,libero_goal,7,1117,0.0,1.0
a_M1,libero_goal,7,1118,0.0,1.0
a_M1,libero_goal,7,1119,0.0,1.0
a_M1,libero_goal,8,1120,0.0,1.0
a_M1,libero_goal,8,1121,0.0,1.0
a_M1,libero_goal,8,1122,0.0,1.0
a_M1,libero_goal,8,1123,0.0,1.0
a_M1,libero_goal,8,1124,0.0,1.0
a_M1,libero_goal,8,1125,0.0,1.0
a_M1,libero_goal,8,1126,0.0,1.0
a_M1,libero_goal,8,1127,0.0,1.0
a_M1,libero_goal,8,1128,0.0,1.0
a_M1,libero_goal,8,1129,0.0,1.0
a_M1,libero_goal,8,1130,1.0,0.0
a_M1,libero_goal,8,1131,0.0,1.0
a_M1,libero_goal,8,1132,0.0,1.0
a_M1,libero_goal,8,1133,0.0,1.0
a_M1,libero_goal,8,1134,0.96875,0.03125
a_M1,libero_goal,8,1135,0.0,1.0
a_M1,libero_goal,8,1136,0.0,1.0
a_M1,libero_goal,8,1137,0.0,1.0
a_M1,libero_goal,8,1138,0.0,1.0
a_M1,libero_goal,8,1139,0.0,1.0
a_M1,libero_goal,8,1140,0.0,1.0
a_M1,libero_goal,8,1141,0.0,1.0
a_M1,libero_goal,8,1142,0.0,1.0
a_M1,libero_goal,8,1143,0.0,1.0
a_M1,libero_goal,8,1144,0.0,1.0
a_M1,libero_goal,8,1145,0.0,1.0
a_M1,libero_goal,8,1146,0.0,1.0
a_M1,libero_goal,8,1147,0.0,1.0
a_M1,libero_goal,8,1148,0.0,1.0
a_M1,libero_goal,8,1149,0.0,1.0
a_M1,libero_goal,8,1150,0.0,1.0
a_M1,libero_goal,8,1151,0.0,1.0
a_M1,libero_goal,8,1152,0.0,1.0
a_M1,libero_goal,8,1153,0.0,1.0
a_M1,libero_goal,8,1154,0.0,1.0
a_M1,libero_goal,8,1155,0.0,1.0
a_M1,libero_goal,8,1156,0.0,1.0
a_M1,libero_goal,8,1157,0.0,1.0
a_M1,libero_goal,8,1158,0.59375,0.40625
a_M1,libero_goal,8,1159,0.0,1.0
a_M1,libero_goal,9,1160,0.0,1.0
a_M1,libero_goal,9,1161,0.0,1.0
a_M1,libero_goal,9,1162,0.0,1.0
a_M1,libero_goal,9,1163,0.0,1.0
a_M1,libero_goal,9,1164,0.0,1.0
a_M1,libero_goal,9,1165,0.0,1.0
a_M1,libero_goal,9,1166,0.96875,0.03125
a_M1,libero_goal,9,1167,0.0,1.0
a_M1,libero_goal,9,1168,1.0,0.0
a_M1,libero_goal,9,1169,0.0,1.0
a_M1,libero_goal,9,1170,0.0,1.0
a_M1,libero_goal,9,1171,0.0,1.0
a_M1,libero_goal,9,1172,0.0,1.0
a_M1,libero_goal,9,1173,0.0,1.0
a_M1,libero_goal,9,1174,0.0,1.0
a_M1,libero_goal,9,1175,0.0,1.0
a_M1,libero_goal,9,1176,1.0,0.0
a_M1,libero_goal,9,1177,0.0,1.0
a_M1,libero_goal,9,1178,0.0,1.0
a_M1,libero_goal,9,1179,0.0,1.0
a_M1,libero_goal,9,1180,0.0,1.0
a_M1,libero_goal,9,1181,0.96875,0.03125
a_M1,libero_goal,9,1182,0.0,1.0
a_M1,libero_goal,9,1183,0.0,1.0
a_M1,libero_goal,9,1184,0.0,1.0
a_M1,libero_goal,9,1185,0.0,1.0
a_M1,libero_goal,9,1186,0.0,1.0
a_M1,libero_goal,9,1187,1.0,0.0
a_M1,libero_goal,9,1188,0.0,1.0
a_M1,libero_goal,9,1189,0.0,1.0
a_M1,libero_goal,9,1190,0.0,1.0
a_M1,libero_goal,9,1191,0.0,1.0
a_M1,libero_goal,9,1192,0.0,1.0
a_M1,libero_goal,9,1193,0.0,1.0
a_M1,libero_goal,9,1194,0.0,1.0
a_M1,libero_goal,9,1195,0.0,1.0
a_M1,libero_goal,9,1196,0.0,1.0
a_M1,libero_goal,9,1197,0.0,1.0
a_M1,libero_goal,9,1198,1.0,0.0
a_M1,libero_goal,9,1199,0.0,1.0
a_M1,libero_object,0,400,0.0,1.0
a_M1,libero_object,0,401,0.0,1.0
a_M1,libero_object,0,402,0.0,1.0
a_M1,libero_object,0,403,0.0,1.0
a_M1,libero_object,0,404,0.0,1.0
a_M1,libero_object,0,405,0.71875,0.28125
a_M1,libero_object,0,406,0.0,1.0
a_M1,libero_object,0,407,0.0,1.0
a_M1,libero_object,0,408,0.0,1.0
a_M1,libero_object,0,409,0.0,1.0
a_M1,libero_object,0,410,0.65625,0.34375
a_M1,libero_object,0,411,0.0,1.0
a_M1,libero_object,0,412,0.0,1.0
a_M1,libero_object,0,413,0.0,1.0
a_M1,libero_object,0,414,0.0,1.0
a_M1,libero_object,0,415,0.0,1.0
a_M1,libero_object,0,416,0.1875,0.8125
a_M1,libero_object,0,417,0.9375,0.0625
a_M1,libero_object,0,418,0.0,1.0
a_M1,libero_object,0,419,0.0,1.0
a_M1,libero_object,0,420,0.0,1.0
a_M1,libero_object,0,421,0.0,1.0
a_M1,libero_object,0,422,0.0,1.0
a_M1,libero_object,0,423,0.0,1.0
a_M1,libero_object,0,424,0.0,1.0
a_M1,libero_object,0,425,0.0,1.0
a_M1,libero_object,0,426,0.0,1.0
a_M1,libero_object,0,427,0.0,1.0
a_M1,libero_object,0,428,0.0,1.0
a_M1,libero_object,0,429,0.0,1.0
a_M1,libero_object,0,430,0.0,1.0
a_M1,libero_object,0,431,0.0,1.0
a_M1,libero_object,0,432,0.0,1.0
a_M1,libero_object,0,433,0.0,1.0
a_M1,libero_object,0,434,0.0,1.0
a_M1,libero_object,0,435,0.0,1.0
a_M1,libero_object,0,436,0.0,1.0
a_M1,libero_object,0,437,0.0,1.0
a_M1,libero_object,0,438,0.0,1.0
a_M1,libero_object,0,439,0.3125,0.6875
a_M1,libero_object,1,440,0.0,1.0
a_M1,libero_object,1,441,0.0,1.0
a_M1,libero_object,1,442,0.0,1.0
a_M1,libero_object,1,443,0.0,1.0
a_M1,libero_object,1,444,0.0,1.0
a_M1,libero_object,1,445,0.0,1.0
a_M1,libero_object,1,446,0.0,1.0
a_M1,libero_object,1,447,0.0,1.0
a_M1,libero_object,1,448,0.0,1.0
a_M1,libero_object,1,449,0.0,1.0
a_M1,libero_object,1,450,0.0,1.0
a_M1,libero_object,1,451,0.0,1.0
a_M1,libero_object,1,452,0.0,1.0
a_M1,libero_object,1,453,0.0,1.0
a_M1,libero_object,1,454,0.875,0.125
a_M1,libero_object,1,455,0.0,1.0
a_M1,libero_object,1,456,0.0,1.0
a_M1,libero_object,1,457,0.0,1.0
a_M1,libero_object,1,458,0.0,1.0
a_M1,libero_object,1,459,0.0,1.0
a_M1,libero_object,1,460,0.0,1.0
a_M1,libero_object,1,461,0.0,1.0
a_M1,libero_object,1,462,0.0,1.0
a_M1,libero_object,1,463,0.0,1.0
a_M1,libero_object,1,464,0.0,1.0
a_M1,libero_object,1,465,0.0,1.0
a_M1,libero_object,1,466,0.0,1.0
a_M1,libero_object,1,467,0.0,1.0
a_M1,libero_object,1,468,0.0,1.0
a_M1,libero_object,1,469,0.53125,0.46875
a_M1,libero_object,1,470,0.34375,0.65625
a_M1,libero_object,1,471,0.0,1.0
a_M1,libero_object,1,472,0.0,1.0
a_M1,libero_object,1,473,0.0,1.0
a_M1,libero_object,1,474,0.0,1.0
a_M1,libero_object,1,475,0.0,1.0
a_M1,libero_object,1,476,0.0,1.0
a_M1,libero_object,1,477,0.0,1.0
a_M1,libero_object,1,478,0.0,1.0
a_M1,libero_object,1,479,0.0,1.0
a_M1,libero_object,2,480,0.0,1.0
a_M1,libero_object,2,481,0.0,1.0
a_M1,libero_object,2,482,0.0,1.0
a_M1,libero_object,2,483,0.0,1.0
a_M1,libero_object,2,484,0.0,1.0
a_M1,libero_object,2,485,0.0,1.0
a_M1,libero_object,2,486,0.0,1.0
a_M1,libero_object,2,487,0.0,1.0
a_M1,libero_object,2,488,0.0,1.0
a_M1,libero_object,2,489,0.0,1.0
a_M1,libero_object,2,490,0.0,1.0
a_M1,libero_object,2,491,0.0,1.0
a_M1,libero_object,2,492,0.0,1.0
a_M1,libero_object,2,493,0.0,1.0
a_M1,libero_object,2,494,0.0,1.0
a_M1,libero_object,2,495,0.0,1.0
a_M1,libero_object,2,496,0.78125,0.21875
a_M1,libero_object,2,497,0.0,1.0
a_M1,libero_object,2,498,0.0,1.0
a_M1,libero_object,2,499,0.0,1.0
a_M1,libero_object,2,500,0.0,1.0
a_M1,libero_object,2,501,0.0,1.0
a_M1,libero_object,2,502,0.0,1.0
a_M1,libero_object,2,503,0.0,1.0
a_M1,libero_object,2,504,0.0,1.0
a_M1,libero_object,2,505,0.0,1.0
a_M1,libero_object,2,506,0.0,1.0
a_M1,libero_object,2,507,0.0,1.0
a_M1,libero_object,2,508,0.0,1.0
a_M1,libero_object,2,509,0.0,1.0
a_M1,libero_object,2,510,0.0,1.0
a_M1,libero_object,2,511,0.0,1.0
a_M1,libero_object,2,512,0.0,1.0
a_M1,libero_object,2,513,0.0,1.0
a_M1,libero_object,2,514,0.75,0.25
a_M1,libero_object,2,515,0.0,1.0
a_M1,libero_object,2,516,0.0,1.0
a_M1,libero_object,2,517,0.0,1.0
a_M1,libero_object,2,518,0.0,1.0
a_M1,libero_object,2,519,0.0,1.0
a_M1,libero_object,3,520,0.0,1.0
a_M1,libero_object,3,521,0.15625,0.84375
a_M1,libero_object,3,522,0.0,1.0
a_M1,libero_object,3,523,0.84375,0.15625
a_M1,libero_object,3,524,0.0,1.0
a_M1,libero_object,3,525,0.0,1.0
a_M1,libero_object,3,526,0.0,1.0
a_M1,libero_object,3,527,0.0,1.0
a_M1,libero_object,3,528,0.0,1.0
a_M1,libero_object,3,529,0.0,1.0
a_M1,libero_object,3,530,0.0,1.0
a_M1,libero_object,3,531,0.0,1.0
a_M1,libero_object,3,532,0.0,1.0
a_M1,libero_object,3,533,0.0,1.0
a_M1,libero_object,3,534,0.0,1.0
a_M1,libero_object,3,535,0.0,1.0
a_M1,libero_object,3,536,0.0,1.0
a_M1,libero_object,3,537,0.0,1.0
a_M1,libero_object,3,538,0.0,1.0
a_M1,libero_object,3,539,0.0,1.0
a_M1,libero_object,3,540,0.0,1.0
a_M1,libero_object,3,541,0.59375,0.40625
a_M1,libero_object,3,542,0.90625,0.09375
a_M1,libero_object,3,543,0.0,1.0
a_M1,libero_object,3,544,0.0,1.0
a_M1,libero_object,3,545,0.0,1.0
a_M1,libero_object,3,546,0.0,1.0
a_M1,libero_object,3,547,0.0,1.0
a_M1,libero_object,3,548,0.84375,0.15625
a_M1,libero_object,3,549,0.0,1.0
a_M1,libero_object,3,550,0.8125,0.1875
a_M1,libero_object,3,551,0.0,1.0
a_M1,libero_object,3,552,0.0,1.0
a_M1,libero_object,3,553,0.0,1.0
a_M1,libero_object,3,554,0.0,1.0
a_M1,libero_object,3,555,0.0,1.0
a_M1,libero_object,3,556,0.0,1.0
a_M1,libero_object,3,557,0.0,1.0
a_M1,libero_object,3,558,0.0,1.0
a_M1,libero_object,3,559,0.0,1.0
a_M1,libero_object,4,560,0.0,1.0
a_M1,libero_object,4,561,0.0,1.0
a_M1,libero_object,4,562,0.0,1.0
a_M1,libero_object,4,563,0.59375,0.40625
a_M1,libero_object,4,564,0.3125,0.6875
a_M1,libero_object,4,565,0.0,1.0
a_M1,libero_object,4,566,0.0,1.0
a_M1,libero_object,4,567,0.0,1.0
a_M1,libero_object,4,568,0.0,1.0
a_M1,libero_object,4,569,0.0,1.0
a_M1,libero_object,4,570,0.0,1.0
a_M1,libero_object,4,571,0.5,0.5
a_M1,libero_object,4,572,0.5625,0.4375
a_M1,libero_object,4,573,0.0,1.0
a_M1,libero_object,4,574,0.15625,0.84375
a_M1,libero_object,4,575,0.0,1.0
a_M1,libero_object,4,576,0.625,0.375
a_M1,libero_object,4,577,0.0,1.0
a_M1,libero_object,4,578,0.21875,0.78125
a_M1,libero_object,4,579,0.0,1.0
a_M1,libero_object,4,580,0.625,0.375
a_M1,libero_object,4,581,0.0,1.0
a_M1,libero_object,4,582,0.0,1.0
a_M1,libero_object,4,583,0.4375,0.5625
a_M1,libero_object,4,584,0.0,1.0
a_M1,libero_object,4,585,0.0,1.0
a_M1,libero_object,4,586,0.1875,0.8125
a_M1,libero_object,4,587,0.0,1.0
a_M1,libero_object,4,588,0.0,1.0
a_M1,libero_object,4,589,0.0,1.0
a_M1,libero_object,4,590,0.0,1.0
a_M1,libero_object,4,591,0.71875,0.28125
a_M1,libero_object,4,592,0.0,1.0
a_M1,libero_object,4,593,0.0,1.0
a_M1,libero_object,4,594,0.0,1.0
a_M1,libero_object,4,595,0.0,1.0
a_M1,libero_object,4,596,0.0,1.0
a_M1,libero_object,4,597,0.0,1.0
a_M1,libero_object,4,598,0.0625,0.9375
a_M1,libero_object,4,599,0.0,1.0
a_M1,libero_object,5,600,0.0,1.0
a_M1,libero_object,5,601,0.0,1.0
a_M1,libero_object,5,602,0.0,1.0
a_M1,libero_object,5,603,0.0,1.0
a_M1,libero_object,5,604,0.0,1.0
a_M1,libero_object,5,605,0.0,1.0
a_M1,libero_object,5,606,0.0,1.0
a_M1,libero_object,5,607,0.0,1.0
a_M1,libero_object,5,608,0.0,1.0
a_M1,libero_object,5,609,0.0,1.0
a_M1,libero_object,5,610,0.0,1.0
a_M1,libero_object,5,611,0.0,1.0
a_M1,libero_object,5,612,0.0,1.0
a_M1,libero_object,5,613,0.0,1.0
a_M1,libero_object,5,614,0.0,1.0
a_M1,libero_object,5,615,0.0,1.0
a_M1,libero_object,5,616,0.0,1.0
a_M1,libero_object,5,617,0.0,1.0
a_M1,libero_object,5,618,0.0,1.0
a_M1,libero_object,5,619,0.0,1.0
a_M1,libero_object,5,620,0.0,1.0
a_M1,libero_object,5,621,0.0,1.0
a_M1,libero_object,5,622,0.0,1.0
a_M1,libero_object,5,623,0.0,1.0
a_M1,libero_object,5,624,0.0,1.0
a_M1,libero_object,5,625,0.0,1.0
a_M1,libero_object,5,626,0.0,1.0
a_M1,libero_object,5,627,0.0,1.0
a_M1,libero_object,5,628,0.0,1.0
a_M1,libero_object,5,629,0.0,1.0
a_M1,libero_object,5,630,0.0,1.0
a_M1,libero_object,5,631,0.0,1.0
a_M1,libero_object,5,632,0.0,1.0
a_M1,libero_object,5,633,0.0,1.0
a_M1,libero_object,5,634,0.0,1.0
a_M1,libero_object,5,635,0.0,1.0
a_M1,libero_object,5,636,0.0,1.0
a_M1,libero_object,5,637,0.46875,0.53125
a_M1,libero_object,5,638,0.0,1.0
a_M1,libero_object,5,639,0.0,1.0
a_M1,libero_object,6,640,0.0,1.0
a_M1,libero_object,6,641,0.0,1.0
a_M1,libero_object,6,642,0.0,1.0
a_M1,libero_object,6,643,0.0,1.0
a_M1,libero_object,6,644,0.0,1.0
a_M1,libero_object,6,645,0.0,1.0
a_M1,libero_object,6,646,0.0,1.0
a_M1,libero_object,6,647,0.0,1.0
a_M1,libero_object,6,648,0.0,1.0
a_M1,libero_object,6,649,0.0,1.0
a_M1,libero_object,6,650,0.0,1.0
a_M1,libero_object,6,651,0.0,1.0
a_M1,libero_object,6,652,0.0,1.0
a_M1,libero_object,6,653,0.0,1.0
a_M1,libero_object,6,654,0.0,1.0
a_M1,libero_object,6,655,0.0,1.0
a_M1,libero_object,6,656,0.0,1.0
a_M1,libero_object,6,657,0.0,1.0
a_M1,libero_object,6,658,0.0,1.0
a_M1,libero_object,6,659,0.78125,0.21875
a_M1,libero_object,6,660,0.0,1.0
a_M1,libero_object,6,661,0.21875,0.78125
a_M1,libero_object,6,662,0.0,1.0
a_M1,libero_object,6,663,0.0,1.0
a_M1,libero_object,6,664,0.0,1.0
a_M1,libero_object,6,665,0.0,1.0
a_M1,libero_object,6,666,0.0,1.0
a_M1,libero_object,6,667,0.0,1.0
a_M1,libero_object,6,668,0.0,1.0
a_M1,libero_object,6,669,0.0,1.0
a_M1,libero_object,6,670,0.0,1.0
a_M1,libero_object,6,671,0.0,1.0
a_M1,libero_object,6,672,0.0,1.0
a_M1,libero_object,6,673,0.0,1.0
a_M1,libero_object,6,674,0.84375,0.15625
a_M1,libero_object,6,675,0.0,1.0
a_M1,libero_object,6,676,0.84375,0.15625
a_M1,libero_object,6,677,0.9375,0.0625
a_M1,libero_object,6,678,0.0,1.0
a_M1,libero_object,6,679,0.0,1.0
a_M1,libero_object,7,680,0.0,1.0
a_M1,libero_object,7,681,0.0,1.0
a_M1,libero_object,7,682,0.0,1.0
a_M1,libero_object,7,683,0.0,1.0
a_M1,libero_object,7,684,0.0,1.0
a_M1,libero_object,7,685,0.21875,0.78125
a_M1,libero_object,7,686,0.0,1.0
a_M1,libero_object,7,687,0.0,1.0
a_M1,libero_object,7,688,0.0,1.0
a_M1,libero_object,7,689,0.0,1.0
a_M1,libero_object,7,690,0.0,1.0
a_M1,libero_object,7,691,0.0,1.0
a_M1,libero_object,7,692,0.0,1.0
a_M1,libero_object,7,693,0.0,1.0
a_M1,libero_object,7,694,0.0,1.0
a_M1,libero_object,7,695,0.0,1.0
a_M1,libero_object,7,696,0.0,1.0
a_M1,libero_object,7,697,0.0,1.0
a_M1,libero_object,7,698,0.0,1.0
a_M1,libero_object,7,699,0.0,1.0
a_M1,libero_object,7,700,0.0,1.0
a_M1,libero_object,7,701,0.0,1.0
a_M1,libero_object,7,702,0.0,1.0
a_M1,libero_object,7,703,0.0,1.0
a_M1,libero_object,7,704,0.0,1.0
a_M1,libero_object,7,705,0.0,1.0
a_M1,libero_object,7,706,0.0,1.0
a_M1,libero_object,7,707,0.0,1.0
a_M1,libero_object,7,708,0.0,1.0
a_M1,libero_object,7,709,0.0,1.0
a_M1,libero_object,7,710,0.0,1.0
a_M1,libero_object,7,711,0.0,1.0
a_M1,libero_object,7,712,0.0,1.0
a_M1,libero_object,7,713,0.0,1.0
a_M1,libero_object,7,714,0.0,1.0
a_M1,libero_object,7,715,0.53125,0.46875
a_M1,libero_object,7,716,0.0,1.0
a_M1,libero_object,7,717,0.0,1.0
a_M1,libero_object,7,718,0.0,1.0
a_M1,libero_object,7,719,0.0,1.0
a_M1,libero_object,8,720,0.0,1.0
a_M1,libero_object,8,721,0.0,1.0
a_M1,libero_object,8,722,0.40625,0.59375
a_M1,libero_object,8,723,0.0,1.0
a_M1,libero_object,8,724,0.0,1.0
a_M1,libero_object,8,725,0.0,1.0
a_M1,libero_object,8,726,0.0,1.0
a_M1,libero_object,8,727,0.0,1.0
a_M1,libero_object,8,728,0.0,1.0
a_M1,libero_object,8,729,0.0,1.0
a_M1,libero_object,8,730,0.0,1.0
a_M1,libero_object,8,731,0.0,1.0
a_M1,libero_object,8,732,0.0,1.0
a_M1,libero_object,8,733,1.0,0.0
a_M1,libero_object,8,734,0.0,1.0
a_M1,libero_object,8,735,0.0,1.0
a_M1,libero_object,8,736,0.0,1.0
a_M1,libero_object,8,737,0.28125,0.71875
a_M1,libero_object,8,738,0.0,1.0
a_M1,libero_object,8,739,0.3125,0.6875
a_M1,libero_object,8,740,0.0,1.0
a_M1,libero_object,8,741,0.0,1.0
a_M1,libero_object,8,742,0.0,1.0
a_M1,libero_object,8,743,0.0,1.0
a_M1,libero_object,8,744,0.0,1.0
a_M1,libero_object,8,745,0.0,1.0
a_M1,libero_object,8,746,0.0,1.0
a_M1,libero_object,8,747,0.0,1.0
a_M1,libero_object,8,748,0.0,1.0
a_M1,libero_object,8,749,0.0,1.0
a_M1,libero_object,8,750,0.0,1.0
a_M1,libero_object,8,751,0.0,1.0
a_M1,libero_object,8,752,0.0,1.0
a_M1,libero_object,8,753,0.0,1.0
a_M1,libero_object,8,754,0.0,1.0
a_M1,libero_object,8,755,0.0,1.0
a_M1,libero_object,8,756,0.0,1.0
a_M1,libero_object,8,757,0.0,1.0
a_M1,libero_object,8,758,0.0,1.0
a_M1,libero_object,8,759,0.0,1.0
a_M1,libero_object,9,760,0.0,1.0
a_M1,libero_object,9,761,0.0,1.0
a_M1,libero_object,9,762,0.0,1.0
a_M1,libero_object,9,763,0.0,1.0
a_M1,libero_object,9,764,0.0,1.0
a_M1,libero_object,9,765,0.0,1.0
a_M1,libero_object,9,766,0.0,1.0
a_M1,libero_object,9,767,0.0,1.0
a_M1,libero_object,9,768,0.0,1.0
a_M1,libero_object,9,769,0.0,1.0
a_M1,libero_object,9,770,0.0,1.0
a_M1,libero_object,9,771,0.0,1.0
a_M1,libero_object,9,772,0.0,1.0
a_M1,libero_object,9,773,0.0,1.0
a_M1,libero_object,9,774,0.0,1.0
a_M1,libero_object,9,775,0.0,1.0
a_M1,libero_object,9,776,0.0,1.0
a_M1,libero_object,9,777,0.0,1.0
a_M1,libero_object,9,778,0.0,1.0
a_M1,libero_object,9,779,0.0,1.0
a_M1,libero_object,9,780,0.0,1.0
a_M1,libero_object,9,781,0.0,1.0
a_M1,libero_object,9,782,0.0,1.0
a_M1,libero_object,9,783,0.78125,0.21875
a_M1,libero_object,9,784,0.71875,0.28125
a_M1,libero_object,9,785,0.0,1.0
a_M1,libero_object,9,786,0.0,1.0
a_M1,libero_object,9,787,0.0,1.0
a_M1,libero_object,9,788,0.0,1.0
a_M1,libero_object,9,789,0.0,1.0
a_M1,libero_object,9,790,0.6875,0.3125
a_M1,libero_object,9,791,0.0,1.0
a_M1,libero_object,9,792,0.0,1.0
a_M1,libero_object,9,793,0.0,1.0
a_M1,libero_object,9,794,0.0,1.0
a_M1,libero_object,9,795,0.0,1.0
a_M1,libero_object,9,796,0.0,1.0
a_M1,libero_object,9,797,0.0,1.0
a_M1,libero_object,9,798,0.0,1.0
a_M1,libero_object,9,799,0.0,1.0
a_M1,libero_spatial,0,0,0.0,1.0
a_M1,libero_spatial,0,1,0.0,1.0
a_M1,libero_spatial,0,2,0.0,1.0
a_M1,libero_spatial,0,3,0.0,1.0
a_M1,libero_spatial,0,4,0.0,1.0
a_M1,libero_spatial,0,5,0.0,1.0
a_M1,libero_spatial,0,6,0.0,1.0
a_M1,libero_spatial,0,7,0.0,1.0
a_M1,libero_spatial,0,8,0.0,1.0
a_M1,libero_spatial,0,9,0.0,1.0
a_M1,libero_spatial,0,10,0.0,1.0
a_M1,libero_spatial,0,11,0.0,1.0
a_M1,libero_spatial,0,12,0.0,1.0
a_M1,libero_spatial,0,13,0.0,1.0
a_M1,libero_spatial,0,14,0.0,1.0
a_M1,libero_spatial,0,15,0.0,1.0
a_M1,libero_spatial,0,16,0.0,1.0
a_M1,libero_spatial,0,17,0.0,1.0
a_M1,libero_spatial,0,18,0.0,1.0
a_M1,libero_spatial,0,19,0.0,1.0
a_M1,libero_spatial,0,20,0.0,1.0
a_M1,libero_spatial,0,21,0.0,1.0
a_M1,libero_spatial,0,22,0.0,1.0
a_M1,libero_spatial,0,23,0.0,1.0
a_M1,libero_spatial,0,24,0.0,1.0
a_M1,libero_spatial,0,25,0.0,1.0
a_M1,libero_spatial,0,26,0.0,1.0
a_M1,libero_spatial,0,27,0.0,1.0
a_M1,libero_spatial,0,28,0.0,1.0
a_M1,libero_spatial,0,29,0.0,1.0
a_M1,libero_spatial,0,30,0.0,1.0
a_M1,libero_spatial,0,31,0.0,1.0
a_M1,libero_spatial,0,32,0.0,1.0
a_M1,libero_spatial,0,33,0.0,1.0
a_M1,libero_spatial,0,34,0.0,1.0
a_M1,libero_spatial,0,35,0.0,1.0
a_M1,libero_spatial,0,36,0.0,1.0
a_M1,libero_spatial,0,37,0.0,1.0
a_M1,libero_spatial,0,38,0.0,1.0
a_M1,libero_spatial,0,39,0.0,1.0
a_M1,libero_spatial,1,40,0.0,1.0
a_M1,libero_spatial,1,41,0.0,1.0
a_M1,libero_spatial,1,42,0.0,1.0
a_M1,libero_spatial,1,43,0.8125,0.1875
a_M1,libero_spatial,1,44,0.0,1.0
a_M1,libero_spatial,1,45,0.0,1.0
a_M1,libero_spatial,1,46,0.0,1.0
a_M1,libero_spatial,1,47,0.0,1.0
a_M1,libero_spatial,1,48,0.0,1.0
a_M1,libero_spatial,1,49,0.0,1.0
a_M1,libero_spatial,1,50,0.0,1.0
a_M1,libero_spatial,1,51,1.0,0.0
a_M1,libero_spatial,1,52,0.0,1.0
a_M1,libero_spatial,1,53,0.0,1.0
a_M1,libero_spatial,1,54,0.0,1.0
a_M1,libero_spatial,1,55,0.0,1.0
a_M1,libero_spatial,1,56,0.0,1.0
a_M1,libero_spatial,1,57,0.0,1.0
a_M1,libero_spatial,1,58,0.0,1.0
a_M1,libero_spatial,1,59,1.0,0.0
a_M1,libero_spatial,1,60,0.0,1.0
a_M1,libero_spatial,1,61,0.96875,0.03125
a_M1,libero_spatial,1,62,0.90625,0.09375
a_M1,libero_spatial,1,63,0.0,1.0
a_M1,libero_spatial,1,64,0.0,1.0
a_M1,libero_spatial,1,65,0.0,1.0
a_M1,libero_spatial,1,66,0.0,1.0
a_M1,libero_spatial,1,67,1.0,0.0
a_M1,libero_spatial,1,68,0.0,1.0
a_M1,libero_spatial,1,69,0.0,1.0
a_M1,libero_spatial,1,70,0.0,1.0
a_M1,libero_spatial,1,71,0.0,1.0
a_M1,libero_spatial,1,72,0.0,1.0
a_M1,libero_spatial,1,73,0.0,1.0
a_M1,libero_spatial,1,74,1.0,0.0
a_M1,libero_spatial,1,75,0.0,1.0
a_M1,libero_spatial,1,76,0.0,1.0
a_M1,libero_spatial,1,77,0.0,1.0
a_M1,libero_spatial,1,78,0.90625,0.09375
a_M1,libero_spatial,1,79,0.0,1.0
a_M1,libero_spatial,2,80,0.0,1.0
a_M1,libero_spatial,2,81,0.0,1.0
a_M1,libero_spatial,2,82,0.0,1.0
a_M1,libero_spatial,2,83,0.0,1.0
a_M1,libero_spatial,2,84,0.0,1.0
a_M1,libero_spatial,2,85,0.0,1.0
a_M1,libero_spatial,2,86,0.96875,0.03125
a_M1,libero_spatial,2,87,0.0,1.0
a_M1,libero_spatial,2,88,0.0,1.0
a_M1,libero_spatial,2,89,0.0,1.0
a_M1,libero_spatial,2,90,0.0,1.0
a_M1,libero_spatial,2,91,0.0,1.0
a_M1,libero_spatial,2,92,0.0,1.0
a_M1,libero_spatial,2,93,0.0,1.0
a_M1,libero_spatial,2,94,0.03125,0.96875
a_M1,libero_spatial,2,95,0.0,1.0
a_M1,libero_spatial,2,96,0.0,1.0
a_M1,libero_spatial,2,97,0.0,1.0
a_M1,libero_spatial,2,98,0.0,1.0
a_M1,libero_spatial,2,99,0.84375,0.15625
a_M1,libero_spatial,2,100,0.0,1.0
a_M1,libero_spatial,2,101,0.71875,0.28125
a_M1,libero_spatial,2,102,0.0,1.0
a_M1,libero_spatial,2,103,0.0,1.0
a_M1,libero_spatial,2,104,0.0,1.0
a_M1,libero_spatial,2,105,0.0,1.0
a_M1,libero_spatial,2,106,0.0,1.0
a_M1,libero_spatial,2,107,0.0,1.0
a_M1,libero_spatial,2,108,0.0,1.0
a_M1,libero_spatial,2,109,0.0,1.0
a_M1,libero_spatial,2,110,0.0,1.0
a_M1,libero_spatial,2,111,0.0,1.0
a_M1,libero_spatial,2,112,0.0,1.0
a_M1,libero_spatial,2,113,0.0,1.0
a_M1,libero_spatial,2,114,0.0,1.0
a_M1,libero_spatial,2,115,0.0,1.0
a_M1,libero_spatial,2,116,0.0,1.0
a_M1,libero_spatial,2,117,0.0,1.0
a_M1,libero_spatial,2,118,0.0,1.0
a_M1,libero_spatial,2,119,0.0,1.0
a_M1,libero_spatial,3,120,0.0,1.0
a_M1,libero_spatial,3,121,0.0,1.0
a_M1,libero_spatial,3,122,0.0,1.0
a_M1,libero_spatial,3,123,0.0,1.0
a_M1,libero_spatial,3,124,0.0,1.0
a_M1,libero_spatial,3,125,0.0,1.0
a_M1,libero_spatial,3,126,0.0,1.0
a_M1,libero_spatial,3,127,0.3125,0.6875
a_M1,libero_spatial,3,128,0.0,1.0
a_M1,libero_spatial,3,129,0.0,1.0
a_M1,libero_spatial,3,130,0.0,1.0
a_M1,libero_spatial,3,131,0.0,1.0
a_M1,libero_spatial,3,132,0.0,1.0
a_M1,libero_spatial,3,133,0.0,1.0
a_M1,libero_spatial,3,134,0.0,1.0
a_M1,libero_spatial,3,135,0.0,1.0
a_M1,libero_spatial,3,136,0.0,1.0
a_M1,libero_spatial,3,137,0.0,1.0
a_M1,libero_spatial,3,138,0.0,1.0
a_M1,libero_spatial,3,139,0.0,1.0
a_M1,libero_spatial,3,140,0.0,1.0
a_M1,libero_spatial,3,141,0.0,1.0
a_M1,libero_spatial,3,142,0.0,1.0
a_M1,libero_spatial,3,143,0.0,1.0
a_M1,libero_spatial,3,144,0.0,1.0
a_M1,libero_spatial,3,145,0.0,1.0
a_M1,libero_spatial,3,146,0.0,1.0
a_M1,libero_spatial,3,147,0.0,1.0
a_M1,libero_spatial,3,148,0.0,1.0
a_M1,libero_spatial,3,149,0.0,1.0
a_M1,libero_spatial,3,150,0.0,1.0
a_M1,libero_spatial,3,151,0.0,1.0
a_M1,libero_spatial,3,152,0.0,1.0
a_M1,libero_spatial,3,153,0.0,1.0
a_M1,libero_spatial,3,154,1.0,0.0
a_M1,libero_spatial,3,155,0.0,1.0
a_M1,libero_spatial,3,156,0.0,1.0
a_M1,libero_spatial,3,157,0.0,1.0
a_M1,libero_spatial,3,158,0.0,1.0
a_M1,libero_spatial,3,159,0.0,1.0
a_M1,libero_spatial,4,160,0.0,1.0
a_M1,libero_spatial,4,161,0.0,1.0
a_M1,libero_spatial,4,162,0.0,1.0
a_M1,libero_spatial,4,163,0.0,1.0
a_M1,libero_spatial,4,164,0.0,1.0
a_M1,libero_spatial,4,165,0.0,1.0
a_M1,libero_spatial,4,166,0.0,1.0
a_M1,libero_spatial,4,167,0.0,1.0
a_M1,libero_spatial,4,168,0.0,1.0
a_M1,libero_spatial,4,169,0.0,1.0
a_M1,libero_spatial,4,170,0.0,1.0
a_M1,libero_spatial,4,171,0.0,1.0
a_M1,libero_spatial,4,172,0.0,1.0
a_M1,libero_spatial,4,173,0.0,1.0
a_M1,libero_spatial,4,174,0.0,1.0
a_M1,libero_spatial,4,175,0.0,1.0
a_M1,libero_spatial,4,176,0.0,1.0
a_M1,libero_spatial,4,177,0.0,1.0
a_M1,libero_spatial,4,178,0.0,1.0
a_M1,libero_spatial,4,179,0.0,1.0
a_M1,libero_spatial,4,180,0.0,1.0
a_M1,libero_spatial,4,181,0.0,1.0
a_M1,libero_spatial,4,182,0.0,1.0
a_M1,libero_spatial,4,183,0.0,1.0
a_M1,libero_spatial,4,184,0.0,1.0
a_M1,libero_spatial,4,185,0.0,1.0
a_M1,libero_spatial,4,186,0.0,1.0
a_M1,libero_spatial,4,187,0.0,1.0
a_M1,libero_spatial,4,188,0.0,1.0
a_M1,libero_spatial,4,189,0.0,1.0
a_M1,libero_spatial,4,190,0.0,1.0
a_M1,libero_spatial,4,191,0.0,1.0
a_M1,libero_spatial,4,192,0.0,1.0
a_M1,libero_spatial,4,193,0.0,1.0
a_M1,libero_spatial,4,194,0.0,1.0
a_M1,libero_spatial,4,195,0.0,1.0
a_M1,libero_spatial,4,196,0.0,1.0
a_M1,libero_spatial,4,197,0.0,1.0
a_M1,libero_spatial,4,198,0.0,1.0
a_M1,libero_spatial,4,199,0.0,1.0
a_M1,libero_spatial,5,200,0.0,1.0
a_M1,libero_spatial,5,201,0.0,1.0
a_M1,libero_spatial,5,202,0.0,1.0
a_M1,libero_spatial,5,203,0.0,1.0
a_M1,libero_spatial,5,204,0.0,1.0
a_M1,libero_spatial,5,205,0.0,1.0
a_M1,libero_spatial,5,206,0.0,1.0
a_M1,libero_spatial,5,207,0.0,1.0
a_M1,libero_spatial,5,208,0.0,1.0
a_M1,libero_spatial,5,209,0.0,1.0
a_M1,libero_spatial,5,210,0.0,1.0
a_M1,libero_spatial,5,211,0.0,1.0
a_M1,libero_spatial,5,212,0.0,1.0
a_M1,libero_spatial,5,213,0.0,1.0
a_M1,libero_spatial,5,214,0.0,1.0
a_M1,libero_spatial,5,215,0.0,1.0
a_M1,libero_spatial,5,216,0.0,1.0
a_M1,libero_spatial,5,217,0.0,1.0
a_M1,libero_spatial,5,218,0.0,1.0
a_M1,libero_spatial,5,219,0.0,1.0
a_M1,libero_spatial,5,220,0.0,1.0
a_M1,libero_spatial,5,221,0.0,1.0
a_M1,libero_spatial,5,222,0.0,1.0
a_M1,libero_spatial,5,223,0.0,1.0
a_M1,libero_spatial,5,224,0.0,1.0
a_M1,libero_spatial,5,225,0.0,1.0
a_M1,libero_spatial,5,226,0.0,1.0
a_M1,libero_spatial,5,227,0.0,1.0
a_M1,libero_spatial,5,228,0.0,1.0
a_M1,libero_spatial,5,229,0.0,1.0
a_M1,libero_spatial,5,230,0.0,1.0
a_M1,libero_spatial,5,231,0.0,1.0
a_M1,libero_spatial,5,232,0.0,1.0
a_M1,libero_spatial,5,233,0.0,1.0
a_M1,libero_spatial,5,234,0.0,1.0
a_M1,libero_spatial,5,235,0.0,1.0
a_M1,libero_spatial,5,236,0.0,1.0
a_M1,libero_spatial,5,237,0.0,1.0
a_M1,libero_spatial,5,238,0.0,1.0
a_M1,libero_spatial,5,239,0.0,1.0
a_M1,libero_spatial,6,240,0.75,0.25
a_M1,libero_spatial,6,241,0.0,1.0
a_M1,libero_spatial,6,242,0.0,1.0
a_M1,libero_spatial,6,243,0.0,1.0
a_M1,libero_spatial,6,244,0.0,1.0
a_M1,libero_spatial,6,245,0.0,1.0
a_M1,libero_spatial,6,246,0.0,1.0
a_M1,libero_spatial,6,247,0.0,1.0
a_M1,libero_spatial,6,248,0.0,1.0
a_M1,libero_spatial,6,249,0.0,1.0
a_M1,libero_spatial,6,250,0.0,1.0
a_M1,libero_spatial,6,251,0.0,1.0
a_M1,libero_spatial,6,252,0.0,1.0
a_M1,libero_spatial,6,253,0.0,1.0
a_M1,libero_spatial,6,254,0.0,1.0
a_M1,libero_spatial,6,255,0.0,1.0
a_M1,libero_spatial,6,256,0.0,1.0
a_M1,libero_spatial,6,257,0.0,1.0
a_M1,libero_spatial,6,258,0.0,1.0
a_M1,libero_spatial,6,259,0.0,1.0
a_M1,libero_spatial,6,260,0.0,1.0
a_M1,libero_spatial,6,261,0.5625,0.4375
a_M1,libero_spatial,6,262,0.0,1.0
a_M1,libero_spatial,6,263,0.0,1.0
a_M1,libero_spatial,6,264,0.0,1.0
a_M1,libero_spatial,6,265,0.0,1.0
a_M1,libero_spatial,6,266,0.0,1.0
a_M1,libero_spatial,6,267,0.0,1.0
a_M1,libero_spatial,6,268,0.0,1.0
a_M1,libero_spatial,6,269,0.0,1.0
a_M1,libero_spatial,6,270,0.0,1.0
a_M1,libero_spatial,6,271,0.0,1.0
a_M1,libero_spatial,6,272,0.0,1.0
a_M1,libero_spatial,6,273,0.0,1.0
a_M1,libero_spatial,6,274,0.0,1.0
a_M1,libero_spatial,6,275,0.375,0.625
a_M1,libero_spatial,6,276,0.0,1.0
a_M1,libero_spatial,6,277,0.0,1.0
a_M1,libero_spatial,6,278,0.0,1.0
a_M1,libero_spatial,6,279,0.0,1.0
a_M1,libero_spatial,7,280,0.0,1.0
a_M1,libero_spatial,7,281,0.0,1.0
a_M1,libero_spatial,7,282,0.0,1.0
a_M1,libero_spatial,7,283,0.0,1.0
a_M1,libero_spatial,7,284,0.9375,0.0625
a_M1,libero_spatial,7,285,0.0,1.0
a_M1,libero_spatial,7,286,0.0,1.0
a_M1,libero_spatial,7,287,0.0,1.0
a_M1,libero_spatial,7,288,0.0,1.0
a_M1,libero_spatial,7,289,0.0,1.0
a_M1,libero_spatial,7,290,0.0,1.0
a_M1,libero_spatial,7,291,0.0,1.0
a_M1,libero_spatial,7,292,1.0,0.0
a_M1,libero_spatial,7,293,0.0,1.0
a_M1,libero_spatial,7,294,1.0,0.0
a_M1,libero_spatial,7,295,0.0,1.0
a_M1,libero_spatial,7,296,0.0,1.0
a_M1,libero_spatial,7,297,0.0,1.0
a_M1,libero_spatial,7,298,0.0,1.0
a_M1,libero_spatial,7,299,0.0,1.0
a_M1,libero_spatial,7,300,0.0,1.0
a_M1,libero_spatial,7,301,0.0,1.0
a_M1,libero_spatial,7,302,0.0,1.0
a_M1,libero_spatial,7,303,0.0,1.0
a_M1,libero_spatial,7,304,0.0,1.0
a_M1,libero_spatial,7,305,0.0,1.0
a_M1,libero_spatial,7,306,0.0,1.0
a_M1,libero_spatial,7,307,0.0,1.0
a_M1,libero_spatial,7,308,0.0,1.0
a_M1,libero_spatial,7,309,0.0,1.0
a_M1,libero_spatial,7,310,0.0,1.0
a_M1,libero_spatial,7,311,0.0,1.0
a_M1,libero_spatial,7,312,0.0,1.0
a_M1,libero_spatial,7,313,0.0,1.0
a_M1,libero_spatial,7,314,0.0,1.0
a_M1,libero_spatial,7,315,0.0,1.0
a_M1,libero_spatial,7,316,0.0,1.0
a_M1,libero_spatial,7,317,0.0,1.0
a_M1,libero_spatial,7,318,0.0,1.0
a_M1,libero_spatial,7,319,0.0,1.0
a_M1,libero_spatial,8,320,0.0,1.0
a_M1,libero_spatial,8,321,0.0,1.0
a_M1,libero_spatial,8,322,0.0,1.0
a_M1,libero_spatial,8,323,0.0,1.0
a_M1,libero_spatial,8,324,0.0,1.0
a_M1,libero_spatial,8,325,0.0,1.0
a_M1,libero_spatial,8,326,0.0,1.0
a_M1,libero_spatial,8,327,0.0,1.0
a_M1,libero_spatial,8,328,0.0,1.0
a_M1,libero_spatial,8,329,0.0,1.0
a_M1,libero_spatial,8,330,0.0,1.0
a_M1,libero_spatial,8,331,0.0,1.0
a_M1,libero_spatial,8,332,0.0,1.0
a_M1,libero_spatial,8,333,0.0,1.0
a_M1,libero_spatial,8,334,0.0,1.0
a_M1,libero_spatial,8,335,0.0,1.0
a_M1,libero_spatial,8,336,0.0,1.0
a_M1,libero_spatial,8,337,0.3125,0.6875
a_M1,libero_spatial,8,338,0.0,1.0
a_M1,libero_spatial,8,339,0.4375,0.5625
a_M1,libero_spatial,8,340,0.0,1.0
a_M1,libero_spatial,8,341,0.0,1.0
a_M1,libero_spatial,8,342,0.0,1.0
a_M1,libero_spatial,8,343,0.0,1.0
a_M1,libero_spatial,8,344,0.0,1.0
a_M1,libero_spatial,8,345,0.0,1.0
a_M1,libero_spatial,8,346,0.0,1.0
a_M1,libero_spatial,8,347,0.0,1.0
a_M1,libero_spatial,8,348,0.0,1.0
a_M1,libero_spatial,8,349,0.0,1.0
a_M1,libero_spatial,8,350,0.0,1.0
a_M1,libero_spatial,8,351,0.0,1.0
a_M1,libero_spatial,8,352,0.0,1.0
a_M1,libero_spatial,8,353,0.0,1.0
a_M1,libero_spatial,8,354,0.0,1.0
a_M1,libero_spatial,8,355,0.0,1.0
a_M1,libero_spatial,8,356,0.0,1.0
a_M1,libero_spatial,8,357,0.0,1.0
a_M1,libero_spatial,8,358,0.0,1.0
a_M1,libero_spatial,8,359,0.0,1.0
a_M1,libero_spatial,9,360,0.0,1.0
a_M1,libero_spatial,9,361,0.0,1.0
a_M1,libero_spatial,9,362,0.0,1.0
a_M1,libero_spatial,9,363,0.0,1.0
a_M1,libero_spatial,9,364,0.0,1.0
a_M1,libero_spatial,9,365,0.0,1.0
a_M1,libero_spatial,9,366,0.0,1.0
a_M1,libero_spatial,9,367,0.0,1.0
a_M1,libero_spatial,9,368,0.0,1.0
a_M1,libero_spatial,9,369,0.0,1.0
a_M1,libero_spatial,9,370,0.0,1.0
a_M1,libero_spatial,9,371,0.0,1.0
a_M1,libero_spatial,9,372,0.0,1.0
a_M1,libero_spatial,9,373,0.0,1.0
a_M1,libero_spatial,9,374,0.0,1.0
a_M1,libero_spatial,9,375,0.0,1.0
a_M1,libero_spatial,9,376,0.0,1.0
a_M1,libero_spatial,9,377,0.0,1.0
a_M1,libero_spatial,9,378,0.0,1.0
a_M1,libero_spatial,9,379,0.0,1.0
a_M1,libero_spatial,9,380,0.0,1.0
a_M1,libero_spatial,9,381,0.0,1.0
a_M1,libero_spatial,9,382,0.0,1.0
a_M1,libero_spatial,9,383,0.0,1.0
a_M1,libero_spatial,9,384,0.0,1.0
a_M1,libero_spatial,9,385,0.0,1.0
a_M1,libero_spatial,9,386,0.0,1.0
a_M1,libero_spatial,9,387,0.0,1.0
a_M1,libero_spatial,9,388,0.0,1.0
a_M1,libero_spatial,9,389,0.0,1.0
a_M1,libero_spatial,9,390,0.0,1.0
a_M1,libero_spatial,9,391,0.0,1.0
a_M1,libero_spatial,9,392,0.9375,0.0625
a_M1,libero_spatial,9,393,0.0,1.0
a_M1,libero_spatial,9,394,0.0,1.0
a_M1,libero_spatial,9,395,0.0,1.0
a_M1,libero_spatial,9,396,0.0,1.0
a_M1,libero_spatial,9,397,0.0,1.0
a_M1,libero_spatial,9,398,0.0,1.0
a_M1,libero_spatial,9,399,0.0,1.0
h1a,libero_10,0,1200,0.0,1.0
h1a,libero_10,0,1201,0.0,1.0
h1a,libero_10,0,1202,0.0,1.0
h1a,libero_10,0,1203,0.0,1.0
h1a,libero_10,0,1204,0.0,1.0
h1a,libero_10,0,1205,0.0,1.0
h1a,libero_10,0,1206,0.0,1.0
h1a,libero_10,0,1207,0.0,1.0
h1a,libero_10,0,1208,0.0,1.0
h1a,libero_10,0,1209,0.0,1.0
h1a,libero_10,0,1210,0.0625,0.9375
h1a,libero_10,0,1211,0.0,1.0
h1a,libero_10,0,1212,0.0,1.0
h1a,libero_10,0,1213,0.0,1.0
h1a,libero_10,0,1214,0.0,1.0
h1a,libero_10,0,1215,0.0,1.0
h1a,libero_10,0,1216,0.0,1.0
h1a,libero_10,0,1217,0.0,1.0
h1a,libero_10,0,1218,0.0,1.0
h1a,libero_10,0,1219,0.0,1.0
h1a,libero_10,0,1220,0.0,1.0
h1a,libero_10,0,1221,0.0,1.0
h1a,libero_10,0,1222,0.0,1.0
h1a,libero_10,0,1223,0.0,1.0
h1a,libero_10,0,1224,0.0,1.0
h1a,libero_10,0,1225,0.0,1.0
h1a,libero_10,0,1226,0.0,1.0
h1a,libero_10,0,1227,0.0,1.0
h1a,libero_10,0,1228,0.0,1.0
h1a,libero_10,0,1229,0.0,1.0
h1a,libero_10,0,1230,0.0,1.0
h1a,libero_10,0,1231,0.0,1.0
h1a,libero_10,0,1232,0.0,1.0
h1a,libero_10,0,1233,0.0,1.0
h1a,libero_10,0,1234,0.0,1.0
h1a,libero_10,0,1235,0.0,1.0
h1a,libero_10,0,1236,0.0,1.0
h1a,libero_10,0,1237,0.0,1.0
h1a,libero_10,0,1238,0.0,1.0
h1a,libero_10,0,1239,0.0,1.0
h1a,libero_10,1,1240,0.0,1.0
h1a,libero_10,1,1241,0.0,1.0
h1a,libero_10,1,1242,0.0,1.0
h1a,libero_10,1,1243,0.0,1.0
h1a,libero_10,1,1244,0.0,1.0
h1a,libero_10,1,1245,0.03125,0.96875
h1a,libero_10,1,1246,0.0,1.0
h1a,libero_10,1,1247,0.0,1.0
h1a,libero_10,1,1248,0.0,1.0
h1a,libero_10,1,1249,0.0,1.0
h1a,libero_10,1,1250,0.0,1.0
h1a,libero_10,1,1251,0.0,1.0
h1a,libero_10,1,1252,0.0,1.0
h1a,libero_10,1,1253,0.0,1.0
h1a,libero_10,1,1254,0.0,1.0
h1a,libero_10,1,1255,0.0,1.0
h1a,libero_10,1,1256,0.0,1.0
h1a,libero_10,1,1257,0.0,1.0
h1a,libero_10,1,1258,0.0,1.0
h1a,libero_10,1,1259,0.0,1.0
h1a,libero_10,1,1260,0.0,1.0
h1a,libero_10,1,1261,0.03125,0.96875
h1a,libero_10,1,1262,0.0,1.0
h1a,libero_10,1,1263,0.0,1.0
h1a,libero_10,1,1264,0.0,1.0
h1a,libero_10,1,1265,0.0,1.0
h1a,libero_10,1,1266,0.0,1.0
h1a,libero_10,1,1267,0.0,1.0
h1a,libero_10,1,1268,0.0,1.0
h1a,libero_10,1,1269,0.0,1.0
h1a,libero_10,1,1270,0.0,1.0
h1a,libero_10,1,1271,0.0,1.0
h1a,libero_10,1,1272,0.0,1.0
h1a,libero_10,1,1273,0.0,1.0
h1a,libero_10,1,1274,0.0,1.0
h1a,libero_10,1,1275,0.0,1.0
h1a,libero_10,1,1276,0.0,1.0
h1a,libero_10,1,1277,0.0,1.0
h1a,libero_10,1,1278,0.0,1.0
h1a,libero_10,1,1279,0.0,1.0
h1a,libero_10,2,1280,0.0,1.0
h1a,libero_10,2,1281,0.0,1.0
h1a,libero_10,2,1282,0.0,1.0
h1a,libero_10,2,1283,0.0,1.0
h1a,libero_10,2,1284,0.0,1.0
h1a,libero_10,2,1285,0.0,1.0
h1a,libero_10,2,1286,0.0,1.0
h1a,libero_10,2,1287,0.0,1.0
h1a,libero_10,2,1288,0.0,1.0
h1a,libero_10,2,1289,0.0625,0.9375
h1a,libero_10,2,1290,0.0,1.0
h1a,libero_10,2,1291,0.03125,0.96875
h1a,libero_10,2,1292,0.0,1.0
h1a,libero_10,2,1293,0.0,1.0
h1a,libero_10,2,1294,0.0,1.0
h1a,libero_10,2,1295,0.0,1.0
h1a,libero_10,2,1296,0.0,1.0
h1a,libero_10,2,1297,0.0,1.0
h1a,libero_10,2,1298,0.0,1.0
h1a,libero_10,2,1299,0.0,1.0
h1a,libero_10,2,1300,0.0,1.0
h1a,libero_10,2,1301,0.0,1.0
h1a,libero_10,2,1302,0.0,1.0
h1a,libero_10,2,1303,0.0,1.0
h1a,libero_10,2,1304,0.0,1.0
h1a,libero_10,2,1305,0.0,1.0
h1a,libero_10,2,1306,0.0625,0.9375
h1a,libero_10,2,1307,0.0,1.0
h1a,libero_10,2,1308,0.0,1.0
h1a,libero_10,2,1309,0.0,1.0
h1a,libero_10,2,1310,0.0,1.0
h1a,libero_10,2,1311,0.0,1.0
h1a,libero_10,2,1312,0.0,1.0
h1a,libero_10,2,1313,0.0,1.0
h1a,libero_10,2,1314,0.0,1.0
h1a,libero_10,2,1315,0.0625,0.9375
h1a,libero_10,2,1316,0.0,1.0
h1a,libero_10,2,1317,0.0,1.0
h1a,libero_10,2,1318,0.0,1.0
h1a,libero_10,2,1319,0.0,1.0
h1a,libero_10,3,1320,0.0,1.0
h1a,libero_10,3,1321,0.0,1.0
h1a,libero_10,3,1322,0.0,1.0
h1a,libero_10,3,1323,0.0,1.0
h1a,libero_10,3,1324,0.0,1.0
h1a,libero_10,3,1325,0.0,1.0
h1a,libero_10,3,1326,0.0,1.0
h1a,libero_10,3,1327,0.0,1.0
h1a,libero_10,3,1328,0.0,1.0
h1a,libero_10,3,1329,0.0,1.0
h1a,libero_10,3,1330,0.0,1.0
h1a,libero_10,3,1331,0.0,1.0
h1a,libero_10,3,1332,0.03125,0.96875
h1a,libero_10,3,1333,0.0,1.0
h1a,libero_10,3,1334,0.0,1.0
h1a,libero_10,3,1335,0.0,1.0
h1a,libero_10,3,1336,0.0,1.0
h1a,libero_10,3,1337,0.0,1.0
h1a,libero_10,3,1338,0.0,1.0
h1a,libero_10,3,1339,0.0,1.0
h1a,libero_10,3,1340,0.0,1.0
h1a,libero_10,3,1341,0.0,1.0
h1a,libero_10,3,1342,0.0,1.0
h1a,libero_10,3,1343,0.03125,0.96875
h1a,libero_10,3,1344,0.0,1.0
h1a,libero_10,3,1345,0.0,1.0
h1a,libero_10,3,1346,0.0,1.0
h1a,libero_10,3,1347,0.0,1.0
h1a,libero_10,3,1348,0.0,1.0
h1a,libero_10,3,1349,0.0,1.0
h1a,libero_10,3,1350,0.0,1.0
h1a,libero_10,3,1351,0.0,1.0
h1a,libero_10,3,1352,0.0,1.0
h1a,libero_10,3,1353,0.0625,0.9375
h1a,libero_10,3,1354,0.0,1.0
h1a,libero_10,3,1355,0.0,1.0
h1a,libero_10,3,1356,0.0,1.0
h1a,libero_10,3,1357,0.0,1.0
h1a,libero_10,3,1358,0.0,1.0
h1a,libero_10,3,1359,0.0,1.0
h1a,libero_10,4,1360,0.0,1.0
h1a,libero_10,4,1361,0.0,1.0
h1a,libero_10,4,1362,0.0,1.0
h1a,libero_10,4,1363,0.0,1.0
h1a,libero_10,4,1364,0.0,1.0
h1a,libero_10,4,1365,0.0,1.0
h1a,libero_10,4,1366,0.0,1.0
h1a,libero_10,4,1367,0.0,1.0
h1a,libero_10,4,1368,0.0,1.0
h1a,libero_10,4,1369,0.0,1.0
h1a,libero_10,4,1370,0.0,1.0
h1a,libero_10,4,1371,0.0,1.0
h1a,libero_10,4,1372,0.0,1.0
h1a,libero_10,4,1373,0.0,1.0
h1a,libero_10,4,1374,0.0,1.0
h1a,libero_10,4,1375,0.0,1.0
h1a,libero_10,4,1376,0.0,1.0
h1a,libero_10,4,1377,0.0,1.0
h1a,libero_10,4,1378,0.0,1.0
h1a,libero_10,4,1379,0.0,1.0
h1a,libero_10,4,1380,0.0,1.0
h1a,libero_10,4,1381,0.0,1.0
h1a,libero_10,4,1382,0.0,1.0
h1a,libero_10,4,1383,0.0,1.0
h1a,libero_10,4,1384,0.0,1.0
h1a,libero_10,4,1385,0.0,1.0
h1a,libero_10,4,1386,0.0,1.0
h1a,libero_10,4,1387,0.0,1.0
h1a,libero_10,4,1388,0.0,1.0
h1a,libero_10,4,1389,0.0,1.0
h1a,libero_10,4,1390,0.0,1.0
h1a,libero_10,4,1391,0.0,1.0
h1a,libero_10,4,1392,0.0,1.0
h1a,libero_10,4,1393,0.0,1.0
h1a,libero_10,4,1394,0.0,1.0
h1a,libero_10,4,1395,0.0,1.0
h1a,libero_10,4,1396,0.0,1.0
h1a,libero_10,4,1397,0.0,1.0
h1a,libero_10,4,1398,0.0,1.0
h1a,libero_10,4,1399,0.0,1.0
h1a,libero_10,5,1400,0.0,1.0
h1a,libero_10,5,1401,0.0,1.0
h1a,libero_10,5,1402,0.0,1.0
h1a,libero_10,5,1403,0.0,1.0
h1a,libero_10,5,1404,0.0,1.0
h1a,libero_10,5,1405,0.0,1.0
h1a,libero_10,5,1406,0.0,1.0
h1a,libero_10,5,1407,0.0,1.0
h1a,libero_10,5,1408,0.0,1.0
h1a,libero_10,5,1409,0.0,1.0
h1a,libero_10,5,1410,0.0,1.0
h1a,libero_10,5,1411,0.0,1.0
h1a,libero_10,5,1412,0.0,1.0
h1a,libero_10,5,1413,0.0,1.0
h1a,libero_10,5,1414,0.0,1.0
h1a,libero_10,5,1415,0.0,1.0
h1a,libero_10,5,1416,0.0,1.0
h1a,libero_10,5,1417,0.0,1.0
h1a,libero_10,5,1418,0.0,1.0
h1a,libero_10,5,1419,0.0,1.0
h1a,libero_10,5,1420,0.0,1.0
h1a,libero_10,5,1421,0.0,1.0
h1a,libero_10,5,1422,0.0,1.0
h1a,libero_10,5,1423,0.0,1.0
h1a,libero_10,5,1424,0.0,1.0
h1a,libero_10,5,1425,0.0,1.0
h1a,libero_10,5,1426,0.0,1.0
h1a,libero_10,5,1427,0.0,1.0
h1a,libero_10,5,1428,0.0,1.0
h1a,libero_10,5,1429,0.0,1.0
h1a,libero_10,5,1430,0.0,1.0
h1a,libero_10,5,1431,0.0,1.0
h1a,libero_10,5,1432,0.0,1.0
h1a,libero_10,5,1433,0.0,1.0
h1a,libero_10,5,1434,0.0,1.0
h1a,libero_10,5,1435,0.0,1.0
h1a,libero_10,5,1436,0.0,1.0
h1a,libero_10,5,1437,0.0,1.0
h1a,libero_10,5,1438,0.0,1.0
h1a,libero_10,5,1439,0.0,1.0
h1a,libero_10,6,1440,0.0,1.0
h1a,libero_10,6,1441,0.0,1.0
h1a,libero_10,6,1442,0.0,1.0
h1a,libero_10,6,1443,0.0,1.0
h1a,libero_10,6,1444,0.0,1.0
h1a,libero_10,6,1445,0.0,1.0
h1a,libero_10,6,1446,0.0,1.0
h1a,libero_10,6,1447,0.0,1.0
h1a,libero_10,6,1448,0.0,1.0
h1a,libero_10,6,1449,0.0,1.0
h1a,libero_10,6,1450,0.0,1.0
h1a,libero_10,6,1451,0.0,1.0
h1a,libero_10,6,1452,0.0,1.0
h1a,libero_10,6,1453,0.0,1.0
h1a,libero_10,6,1454,0.0,1.0
h1a,libero_10,6,1455,0.0,1.0
h1a,libero_10,6,1456,0.0,1.0
h1a,libero_10,6,1457,0.0,1.0
h1a,libero_10,6,1458,0.0,1.0
h1a,libero_10,6,1459,0.0,1.0
h1a,libero_10,6,1460,0.0,1.0
h1a,libero_10,6,1461,0.0,1.0
h1a,libero_10,6,1462,0.0,1.0
h1a,libero_10,6,1463,0.0,1.0
h1a,libero_10,6,1464,0.0,1.0
h1a,libero_10,6,1465,0.0,1.0
h1a,libero_10,6,1466,0.0,1.0
h1a,libero_10,6,1467,0.0,1.0
h1a,libero_10,6,1468,0.0,1.0
h1a,libero_10,6,1469,0.0,1.0
h1a,libero_10,6,1470,0.0,1.0
h1a,libero_10,6,1471,0.0,1.0
h1a,libero_10,6,1472,0.0,1.0
h1a,libero_10,6,1473,0.0,1.0
h1a,libero_10,6,1474,0.0,1.0
h1a,libero_10,6,1475,0.0,1.0
h1a,libero_10,6,1476,0.0,1.0
h1a,libero_10,6,1477,0.0,1.0
h1a,libero_10,6,1478,0.0,1.0
h1a,libero_10,6,1479,0.0,1.0
h1a,libero_10,7,1480,0.0,1.0
h1a,libero_10,7,1481,0.0,1.0
h1a,libero_10,7,1482,0.0,1.0
h1a,libero_10,7,1483,0.0,1.0
h1a,libero_10,7,1484,0.0,1.0
h1a,libero_10,7,1485,0.0,1.0
h1a,libero_10,7,1486,0.0,1.0
h1a,libero_10,7,1487,0.0,1.0
h1a,libero_10,7,1488,0.0,1.0
h1a,libero_10,7,1489,0.0,1.0
h1a,libero_10,7,1490,0.0,1.0
h1a,libero_10,7,1491,0.0,1.0
h1a,libero_10,7,1492,0.0,1.0
h1a,libero_10,7,1493,0.0,1.0
h1a,libero_10,7,1494,0.0,1.0
h1a,libero_10,7,1495,0.0,1.0
h1a,libero_10,7,1496,0.0,1.0
h1a,libero_10,7,1497,0.0,1.0
h1a,libero_10,7,1498,0.0,1.0
h1a,libero_10,7,1499,0.0,1.0
h1a,libero_10,7,1500,0.0,1.0
h1a,libero_10,7,1501,0.0,1.0
h1a,libero_10,7,1502,0.0,1.0
h1a,libero_10,7,1503,0.0,1.0
h1a,libero_10,7,1504,0.0,1.0
h1a,libero_10,7,1505,0.0,1.0
h1a,libero_10,7,1506,0.0,1.0
h1a,libero_10,7,1507,0.0,1.0
h1a,libero_10,7,1508,0.0,1.0
h1a,libero_10,7,1509,0.0,1.0
h1a,libero_10,7,1510,0.0,1.0
h1a,libero_10,7,1511,0.0,1.0
h1a,libero_10,7,1512,0.0,1.0
h1a,libero_10,7,1513,0.0,1.0
h1a,libero_10,7,1514,0.0,1.0
h1a,libero_10,7,1515,0.0,1.0
h1a,libero_10,7,1516,0.0,1.0
h1a,libero_10,7,1517,0.0,1.0
h1a,libero_10,7,1518,0.0,1.0
h1a,libero_10,7,1519,0.0,1.0
h1a,libero_10,8,1520,0.0,1.0
h1a,libero_10,8,1521,0.0,1.0
h1a,libero_10,8,1522,0.0,1.0
h1a,libero_10,8,1523,0.0,1.0
h1a,libero_10,8,1524,0.0,1.0
h1a,libero_10,8,1525,0.0,1.0
h1a,libero_10,8,1526,0.0,1.0
h1a,libero_10,8,1527,0.0,1.0
h1a,libero_10,8,1528,0.0,1.0
h1a,libero_10,8,1529,0.0,1.0
h1a,libero_10,8,1530,0.0,1.0
h1a,libero_10,8,1531,0.0,1.0
h1a,libero_10,8,1532,0.0,1.0
h1a,libero_10,8,1533,0.0,1.0
h1a,libero_10,8,1534,0.0,1.0
h1a,libero_10,8,1535,0.0,1.0
h1a,libero_10,8,1536,0.0,1.0
h1a,libero_10,8,1537,0.0,1.0
h1a,libero_10,8,1538,0.0,1.0
h1a,libero_10,8,1539,0.0,1.0
h1a,libero_10,8,1540,0.0,1.0
h1a,libero_10,8,1541,0.0,1.0
h1a,libero_10,8,1542,0.0,1.0
h1a,libero_10,8,1543,0.0,1.0
h1a,libero_10,8,1544,0.0,1.0
h1a,libero_10,8,1545,0.0,1.0
h1a,libero_10,8,1546,0.0,1.0
h1a,libero_10,8,1547,0.0,1.0
h1a,libero_10,8,1548,0.0,1.0
h1a,libero_10,8,1549,0.0,1.0
h1a,libero_10,8,1550,0.0,1.0
h1a,libero_10,8,1551,0.0,1.0
h1a,libero_10,8,1552,0.0,1.0
h1a,libero_10,8,1553,0.0,1.0
h1a,libero_10,8,1554,0.0,1.0
h1a,libero_10,8,1555,0.0,1.0
h1a,libero_10,8,1556,0.0,1.0
h1a,libero_10,8,1557,0.0,1.0
h1a,libero_10,8,1558,0.0,1.0
h1a,libero_10,8,1559,0.0,1.0
h1a,libero_10,9,1560,0.0,1.0
h1a,libero_10,9,1561,0.0,1.0
h1a,libero_10,9,1562,0.0,1.0
h1a,libero_10,9,1563,0.0,1.0
h1a,libero_10,9,1564,0.0,1.0
h1a,libero_10,9,1565,0.0,1.0
h1a,libero_10,9,1566,0.0,1.0
h1a,libero_10,9,1567,0.0,1.0
h1a,libero_10,9,1568,0.0,1.0
h1a,libero_10,9,1569,0.0,1.0
h1a,libero_10,9,1570,0.0,1.0
h1a,libero_10,9,1571,0.0,1.0
h1a,libero_10,9,1572,0.0,1.0
h1a,libero_10,9,1573,0.0,1.0
h1a,libero_10,9,1574,0.0,1.0
h1a,libero_10,9,1575,0.0,1.0
h1a,libero_10,9,1576,0.0,1.0
h1a,libero_10,9,1577,0.0,1.0
h1a,libero_10,9,1578,0.0,1.0
h1a,libero_10,9,1579,0.0,1.0
h1a,libero_10,9,1580,0.0,1.0
h1a,libero_10,9,1581,0.0,1.0
h1a,libero_10,9,1582,0.0,1.0
h1a,libero_10,9,1583,0.0,1.0
h1a,libero_10,9,1584,0.0,1.0
h1a,libero_10,9,1585,0.0,1.0
h1a,libero_10,9,1586,0.0,1.0
h1a,libero_10,9,1587,0.0,1.0
h1a,libero_10,9,1588,0.0,1.0
h1a,libero_10,9,1589,0.0,1.0
h1a,libero_10,9,1590,0.0,1.0
h1a,libero_10,9,1591,0.0,1.0
h1a,libero_10,9,1592,0.0,1.0
h1a,libero_10,9,1593,0.0,1.0
h1a,libero_10,9,1594,0.0,1.0
h1a,libero_10,9,1595,0.0,1.0
h1a,libero_10,9,1596,0.0,1.0
h1a,libero_10,9,1597,0.0,1.0
h1a,libero_10,9,1598,0.0,1.0
h1a,libero_10,9,1599,0.0,1.0
h1a,libero_goal,0,800,0.0,1.0
h1a,libero_goal,0,801,0.0,1.0
h1a,libero_goal,0,802,0.0,1.0
h1a,libero_goal,0,803,0.0,1.0
h1a,libero_goal,0,804,0.0,1.0
h1a,libero_goal,0,805,0.0,1.0
h1a,libero_goal,0,806,0.0,1.0
h1a,libero_goal,0,807,0.0,1.0
h1a,libero_goal,0,808,0.0,1.0
h1a,libero_goal,0,809,0.0,1.0
h1a,libero_goal,0,810,0.0,1.0
h1a,libero_goal,0,811,0.0,1.0
h1a,libero_goal,0,812,0.0,1.0
h1a,libero_goal,0,813,0.0,1.0
h1a,libero_goal,0,814,0.0,1.0
h1a,libero_goal,0,815,0.0,1.0
h1a,libero_goal,0,816,0.0,1.0
h1a,libero_goal,0,817,0.0,1.0
h1a,libero_goal,0,818,0.0,1.0
h1a,libero_goal,0,819,0.0,1.0
h1a,libero_goal,0,820,0.0,1.0
h1a,libero_goal,0,821,0.0,1.0
h1a,libero_goal,0,822,0.0,1.0
h1a,libero_goal,0,823,0.0,1.0
h1a,libero_goal,0,824,0.0,1.0
h1a,libero_goal,0,825,0.0,1.0
h1a,libero_goal,0,826,0.0,1.0
h1a,libero_goal,0,827,0.0,1.0
h1a,libero_goal,0,828,0.0,1.0
h1a,libero_goal,0,829,0.0,1.0
h1a,libero_goal,0,830,0.0,1.0
h1a,libero_goal,0,831,0.0,1.0
h1a,libero_goal,0,832,0.0,1.0
h1a,libero_goal,0,833,0.0,1.0
h1a,libero_goal,0,834,0.0,1.0
h1a,libero_goal,0,835,0.0,1.0
h1a,libero_goal,0,836,0.0,1.0
h1a,libero_goal,0,837,0.0,1.0
h1a,libero_goal,0,838,0.0,1.0
h1a,libero_goal,0,839,0.0,1.0
h1a,libero_goal,1,840,0.0,1.0
h1a,libero_goal,1,841,0.0,1.0
h1a,libero_goal,1,842,0.0,1.0
h1a,libero_goal,1,843,0.0,1.0
h1a,libero_goal,1,844,0.0,1.0
h1a,libero_goal,1,845,0.0,1.0
h1a,libero_goal,1,846,0.0,1.0
h1a,libero_goal,1,847,0.0,1.0
h1a,libero_goal,1,848,0.0,1.0
h1a,libero_goal,1,849,0.0,1.0
h1a,libero_goal,1,850,0.0,1.0
h1a,libero_goal,1,851,0.0,1.0
h1a,libero_goal,1,852,0.0,1.0
h1a,libero_goal,1,853,0.0,1.0
h1a,libero_goal,1,854,0.0,1.0
h1a,libero_goal,1,855,0.0,1.0
h1a,libero_goal,1,856,0.0,1.0
h1a,libero_goal,1,857,0.0,1.0
h1a,libero_goal,1,858,0.0,1.0
h1a,libero_goal,1,859,0.0,1.0
h1a,libero_goal,1,860,0.0,1.0
h1a,libero_goal,1,861,0.0,1.0
h1a,libero_goal,1,862,0.0,1.0
h1a,libero_goal,1,863,0.0,1.0
h1a,libero_goal,1,864,0.0,1.0
h1a,libero_goal,1,865,0.0,1.0
h1a,libero_goal,1,866,0.0,1.0
h1a,libero_goal,1,867,0.0,1.0
h1a,libero_goal,1,868,0.0,1.0
h1a,libero_goal,1,869,0.0,1.0
h1a,libero_goal,1,870,0.0,1.0
h1a,libero_goal,1,871,0.0,1.0
h1a,libero_goal,1,872,0.0,1.0
h1a,libero_goal,1,873,0.0,1.0
h1a,libero_goal,1,874,0.0,1.0
h1a,libero_goal,1,875,0.0,1.0
h1a,libero_goal,1,876,0.0,1.0
h1a,libero_goal,1,877,0.0,1.0
h1a,libero_goal,1,878,0.0,1.0
h1a,libero_goal,1,879,0.0,1.0
h1a,libero_goal,2,880,0.0,1.0
h1a,libero_goal,2,881,0.0,1.0
h1a,libero_goal,2,882,0.0,1.0
h1a,libero_goal,2,883,0.0,1.0
h1a,libero_goal,2,884,0.0,1.0
h1a,libero_goal,2,885,0.0,1.0
h1a,libero_goal,2,886,0.03125,0.96875
h1a,libero_goal,2,887,0.0,1.0
h1a,libero_goal,2,888,0.0,1.0
h1a,libero_goal,2,889,0.0,1.0
h1a,libero_goal,2,890,0.0,1.0
h1a,libero_goal,2,891,0.0,1.0
h1a,libero_goal,2,892,0.0,1.0
h1a,libero_goal,2,893,0.0,1.0
h1a,libero_goal,2,894,0.0,1.0
h1a,libero_goal,2,895,0.0,1.0
h1a,libero_goal,2,896,0.0,1.0
h1a,libero_goal,2,897,0.0,1.0
h1a,libero_goal,2,898,0.0,1.0
h1a,libero_goal,2,899,0.0,1.0
h1a,libero_goal,2,900,0.0,1.0
h1a,libero_goal,2,901,0.0,1.0
h1a,libero_goal,2,902,0.0,1.0
h1a,libero_goal,2,903,0.0,1.0
h1a,libero_goal,2,904,0.0,1.0
h1a,libero_goal,2,905,0.0,1.0
h1a,libero_goal,2,906,0.0,1.0
h1a,libero_goal,2,907,0.0,1.0
h1a,libero_goal,2,908,0.0,1.0
h1a,libero_goal,2,909,0.0,1.0
h1a,libero_goal,2,910,0.0,1.0
h1a,libero_goal,2,911,0.0,1.0
h1a,libero_goal,2,912,0.0,1.0
h1a,libero_goal,2,913,0.0,1.0
h1a,libero_goal,2,914,0.0,1.0
h1a,libero_goal,2,915,0.0,1.0
h1a,libero_goal,2,916,0.0,1.0
h1a,libero_goal,2,917,0.0,1.0
h1a,libero_goal,2,918,0.0,1.0
h1a,libero_goal,2,919,0.0,1.0
h1a,libero_goal,3,920,0.0,1.0
h1a,libero_goal,3,921,0.0,1.0
h1a,libero_goal,3,922,0.0,1.0
h1a,libero_goal,3,923,0.0,1.0
h1a,libero_goal,3,924,0.0,1.0
h1a,libero_goal,3,925,0.0,1.0
h1a,libero_goal,3,926,0.0,1.0
h1a,libero_goal,3,927,0.0,1.0
h1a,libero_goal,3,928,0.0,1.0
h1a,libero_goal,3,929,0.0,1.0
h1a,libero_goal,3,930,0.0,1.0
h1a,libero_goal,3,931,0.0,1.0
h1a,libero_goal,3,932,0.0,1.0
h1a,libero_goal,3,933,0.0,1.0
h1a,libero_goal,3,934,0.0,1.0
h1a,libero_goal,3,935,0.0,1.0
h1a,libero_goal,3,936,0.0,1.0
h1a,libero_goal,3,937,0.0,1.0
h1a,libero_goal,3,938,0.0,1.0
h1a,libero_goal,3,939,0.0,1.0
h1a,libero_goal,3,940,0.0,1.0
h1a,libero_goal,3,941,0.0,1.0
h1a,libero_goal,3,942,0.0,1.0
h1a,libero_goal,3,943,0.0,1.0
h1a,libero_goal,3,944,0.0,1.0
h1a,libero_goal,3,945,0.0,1.0
h1a,libero_goal,3,946,0.0,1.0
h1a,libero_goal,3,947,0.0,1.0
h1a,libero_goal,3,948,0.0,1.0
h1a,libero_goal,3,949,0.0,1.0
h1a,libero_goal,3,950,0.0,1.0
h1a,libero_goal,3,951,0.0,1.0
h1a,libero_goal,3,952,0.0,1.0
h1a,libero_goal,3,953,0.0,1.0
h1a,libero_goal,3,954,0.0,1.0
h1a,libero_goal,3,955,0.0,1.0
h1a,libero_goal,3,956,0.0,1.0
h1a,libero_goal,3,957,0.0,1.0
h1a,libero_goal,3,958,0.0,1.0
h1a,libero_goal,3,959,0.0,1.0
h1a,libero_goal,4,960,0.0,1.0
h1a,libero_goal,4,961,0.0,1.0
h1a,libero_goal,4,962,0.0,1.0
h1a,libero_goal,4,963,0.0,1.0
h1a,libero_goal,4,964,0.0,1.0
h1a,libero_goal,4,965,0.0,1.0
h1a,libero_goal,4,966,0.0,1.0
h1a,libero_goal,4,967,0.0,1.0
h1a,libero_goal,4,968,0.0,1.0
h1a,libero_goal,4,969,0.0,1.0
h1a,libero_goal,4,970,0.0,1.0
h1a,libero_goal,4,971,0.0,1.0
h1a,libero_goal,4,972,0.0,1.0
h1a,libero_goal,4,973,0.0,1.0
h1a,libero_goal,4,974,0.0,1.0
h1a,libero_goal,4,975,0.0,1.0
h1a,libero_goal,4,976,0.0,1.0
h1a,libero_goal,4,977,0.0,1.0
h1a,libero_goal,4,978,0.0,1.0
h1a,libero_goal,4,979,0.0,1.0
h1a,libero_goal,4,980,0.0,1.0
h1a,libero_goal,4,981,0.0,1.0
h1a,libero_goal,4,982,0.0,1.0
h1a,libero_goal,4,983,0.0,1.0
h1a,libero_goal,4,984,0.0,1.0
h1a,libero_goal,4,985,0.0,1.0
h1a,libero_goal,4,986,0.0,1.0
h1a,libero_goal,4,987,0.0,1.0
h1a,libero_goal,4,988,0.0,1.0
h1a,libero_goal,4,989,0.0,1.0
h1a,libero_goal,4,990,0.0625,0.9375
h1a,libero_goal,4,991,0.0,1.0
h1a,libero_goal,4,992,0.0,1.0
h1a,libero_goal,4,993,0.0,1.0
h1a,libero_goal,4,994,0.0,1.0
h1a,libero_goal,4,995,0.0,1.0
h1a,libero_goal,4,996,0.0,1.0
h1a,libero_goal,4,997,0.0,1.0
h1a,libero_goal,4,998,0.0,1.0
h1a,libero_goal,4,999,0.0,1.0
h1a,libero_goal,5,1000,0.0,1.0
h1a,libero_goal,5,1001,0.0,1.0
h1a,libero_goal,5,1002,0.0,1.0
h1a,libero_goal,5,1003,0.0,1.0
h1a,libero_goal,5,1004,0.0,1.0
h1a,libero_goal,5,1005,0.0,1.0
h1a,libero_goal,5,1006,0.0,1.0
h1a,libero_goal,5,1007,0.0,1.0
h1a,libero_goal,5,1008,0.0,1.0
h1a,libero_goal,5,1009,0.0,1.0
h1a,libero_goal,5,1010,0.0,1.0
h1a,libero_goal,5,1011,0.0,1.0
h1a,libero_goal,5,1012,0.0,1.0
h1a,libero_goal,5,1013,0.0,1.0
h1a,libero_goal,5,1014,0.0,1.0
h1a,libero_goal,5,1015,0.0,1.0
h1a,libero_goal,5,1016,0.0,1.0
h1a,libero_goal,5,1017,0.0,1.0
h1a,libero_goal,5,1018,0.0,1.0
h1a,libero_goal,5,1019,0.0,1.0
h1a,libero_goal,5,1020,0.0,1.0
h1a,libero_goal,5,1021,0.0,1.0
h1a,libero_goal,5,1022,0.0,1.0
h1a,libero_goal,5,1023,0.0,1.0
h1a,libero_goal,5,1024,0.0,1.0
h1a,libero_goal,5,1025,0.0,1.0
h1a,libero_goal,5,1026,0.0,1.0
h1a,libero_goal,5,1027,0.0,1.0
h1a,libero_goal,5,1028,0.0,1.0
h1a,libero_goal,5,1029,0.0,1.0
h1a,libero_goal,5,1030,0.0,1.0
h1a,libero_goal,5,1031,0.0,1.0
h1a,libero_goal,5,1032,0.0,1.0
h1a,libero_goal,5,1033,0.0,1.0
h1a,libero_goal,5,1034,0.0,1.0
h1a,libero_goal,5,1035,0.0,1.0
h1a,libero_goal,5,1036,0.0,1.0
h1a,libero_goal,5,1037,0.0,1.0
h1a,libero_goal,5,1038,0.0,1.0
h1a,libero_goal,5,1039,0.0,1.0
h1a,libero_goal,6,1040,0.0,1.0
h1a,libero_goal,6,1041,0.0,1.0
h1a,libero_goal,6,1042,0.0,1.0
h1a,libero_goal,6,1043,0.0,1.0
h1a,libero_goal,6,1044,0.0,1.0
h1a,libero_goal,6,1045,0.0,1.0
h1a,libero_goal,6,1046,0.03125,0.96875
h1a,libero_goal,6,1047,0.0,1.0
h1a,libero_goal,6,1048,0.0,1.0
h1a,libero_goal,6,1049,0.0,1.0
h1a,libero_goal,6,1050,0.0,1.0
h1a,libero_goal,6,1051,0.0,1.0
h1a,libero_goal,6,1052,0.0,1.0
h1a,libero_goal,6,1053,0.0,1.0
h1a,libero_goal,6,1054,0.0,1.0
h1a,libero_goal,6,1055,0.0,1.0
h1a,libero_goal,6,1056,0.0,1.0
h1a,libero_goal,6,1057,0.0,1.0
h1a,libero_goal,6,1058,0.0,1.0
h1a,libero_goal,6,1059,0.0,1.0
h1a,libero_goal,6,1060,0.0,1.0
h1a,libero_goal,6,1061,0.0,1.0
h1a,libero_goal,6,1062,0.0,1.0
h1a,libero_goal,6,1063,0.0,1.0
h1a,libero_goal,6,1064,0.0,1.0
h1a,libero_goal,6,1065,0.03125,0.96875
h1a,libero_goal,6,1066,0.0,1.0
h1a,libero_goal,6,1067,0.0,1.0
h1a,libero_goal,6,1068,0.0,1.0
h1a,libero_goal,6,1069,0.0,1.0
h1a,libero_goal,6,1070,0.0,1.0
h1a,libero_goal,6,1071,0.0,1.0
h1a,libero_goal,6,1072,0.0,1.0
h1a,libero_goal,6,1073,0.0,1.0
h1a,libero_goal,6,1074,0.0,1.0
h1a,libero_goal,6,1075,0.0,1.0
h1a,libero_goal,6,1076,0.0,1.0
h1a,libero_goal,6,1077,0.0,1.0
h1a,libero_goal,6,1078,0.0,1.0
h1a,libero_goal,6,1079,0.0,1.0
h1a,libero_goal,7,1080,0.0,1.0
h1a,libero_goal,7,1081,0.0,1.0
h1a,libero_goal,7,1082,0.0,1.0
h1a,libero_goal,7,1083,0.0,1.0
h1a,libero_goal,7,1084,0.0,1.0
h1a,libero_goal,7,1085,0.0,1.0
h1a,libero_goal,7,1086,0.0,1.0
h1a,libero_goal,7,1087,0.0,1.0
h1a,libero_goal,7,1088,0.0,1.0
h1a,libero_goal,7,1089,0.0,1.0
h1a,libero_goal,7,1090,0.0,1.0
h1a,libero_goal,7,1091,0.0,1.0
h1a,libero_goal,7,1092,0.0,1.0
h1a,libero_goal,7,1093,0.0,1.0
h1a,libero_goal,7,1094,0.0,1.0
h1a,libero_goal,7,1095,0.0,1.0
h1a,libero_goal,7,1096,0.0,1.0
h1a,libero_goal,7,1097,0.0,1.0
h1a,libero_goal,7,1098,0.0,1.0
h1a,libero_goal,7,1099,0.0,1.0
h1a,libero_goal,7,1100,0.0,1.0
h1a,libero_goal,7,1101,0.0,1.0
h1a,libero_goal,7,1102,0.0,1.0
h1a,libero_goal,7,1103,0.0,1.0
h1a,libero_goal,7,1104,0.0,1.0
h1a,libero_goal,7,1105,0.0,1.0
h1a,libero_goal,7,1106,0.0,1.0
h1a,libero_goal,7,1107,0.0,1.0
h1a,libero_goal,7,1108,0.0,1.0
h1a,libero_goal,7,1109,0.0,1.0
h1a,libero_goal,7,1110,0.0,1.0
h1a,libero_goal,7,1111,0.0,1.0
h1a,libero_goal,7,1112,0.0,1.0
h1a,libero_goal,7,1113,0.0,1.0
h1a,libero_goal,7,1114,0.0,1.0
h1a,libero_goal,7,1115,0.0,1.0
h1a,libero_goal,7,1116,0.0,1.0
h1a,libero_goal,7,1117,0.0,1.0
h1a,libero_goal,7,1118,0.0,1.0
h1a,libero_goal,7,1119,0.0,1.0
h1a,libero_goal,8,1120,0.0,1.0
h1a,libero_goal,8,1121,0.0,1.0
h1a,libero_goal,8,1122,0.0,1.0
h1a,libero_goal,8,1123,0.0,1.0
h1a,libero_goal,8,1124,0.0,1.0
h1a,libero_goal,8,1125,0.0,1.0
h1a,libero_goal,8,1126,0.0,1.0
h1a,libero_goal,8,1127,0.0,1.0
h1a,libero_goal,8,1128,0.0,1.0
h1a,libero_goal,8,1129,0.0,1.0
h1a,libero_goal,8,1130,0.0,1.0
h1a,libero_goal,8,1131,0.0,1.0
h1a,libero_goal,8,1132,0.0,1.0
h1a,libero_goal,8,1133,0.0,1.0
h1a,libero_goal,8,1134,0.0,1.0
h1a,libero_goal,8,1135,0.0,1.0
h1a,libero_goal,8,1136,0.0,1.0
h1a,libero_goal,8,1137,0.0,1.0
h1a,libero_goal,8,1138,0.0,1.0
h1a,libero_goal,8,1139,0.0,1.0
h1a,libero_goal,8,1140,0.0,1.0
h1a,libero_goal,8,1141,0.0,1.0
h1a,libero_goal,8,1142,0.0625,0.9375
h1a,libero_goal,8,1143,0.0,1.0
h1a,libero_goal,8,1144,0.0,1.0
h1a,libero_goal,8,1145,0.0,1.0
h1a,libero_goal,8,1146,0.03125,0.96875
h1a,libero_goal,8,1147,0.0,1.0
h1a,libero_goal,8,1148,0.0,1.0
h1a,libero_goal,8,1149,0.0,1.0
h1a,libero_goal,8,1150,0.03125,0.96875
h1a,libero_goal,8,1151,0.0,1.0
h1a,libero_goal,8,1152,0.0,1.0
h1a,libero_goal,8,1153,0.0,1.0
h1a,libero_goal,8,1154,0.0,1.0
h1a,libero_goal,8,1155,0.0,1.0
h1a,libero_goal,8,1156,0.0,1.0
h1a,libero_goal,8,1157,0.0,1.0
h1a,libero_goal,8,1158,0.03125,0.96875
h1a,libero_goal,8,1159,0.0,1.0
h1a,libero_goal,9,1160,0.0,1.0
h1a,libero_goal,9,1161,0.0,1.0
h1a,libero_goal,9,1162,0.0,1.0
h1a,libero_goal,9,1163,0.0,1.0
h1a,libero_goal,9,1164,0.0,1.0
h1a,libero_goal,9,1165,0.0,1.0
h1a,libero_goal,9,1166,0.0,1.0
h1a,libero_goal,9,1167,0.0,1.0
h1a,libero_goal,9,1168,0.0,1.0
h1a,libero_goal,9,1169,0.0,1.0
h1a,libero_goal,9,1170,0.0,1.0
h1a,libero_goal,9,1171,0.0,1.0
h1a,libero_goal,9,1172,0.0,1.0
h1a,libero_goal,9,1173,0.0,1.0
h1a,libero_goal,9,1174,0.0,1.0
h1a,libero_goal,9,1175,0.0,1.0
h1a,libero_goal,9,1176,0.0,1.0
h1a,libero_goal,9,1177,0.0,1.0
h1a,libero_goal,9,1178,0.0,1.0
h1a,libero_goal,9,1179,0.0,1.0
h1a,libero_goal,9,1180,0.0,1.0
h1a,libero_goal,9,1181,0.0,1.0
h1a,libero_goal,9,1182,0.0,1.0
h1a,libero_goal,9,1183,0.0,1.0
h1a,libero_goal,9,1184,0.0,1.0
h1a,libero_goal,9,1185,0.0,1.0
h1a,libero_goal,9,1186,0.0,1.0
h1a,libero_goal,9,1187,0.0,1.0
h1a,libero_goal,9,1188,0.0,1.0
h1a,libero_goal,9,1189,0.0,1.0
h1a,libero_goal,9,1190,0.0,1.0
h1a,libero_goal,9,1191,0.0,1.0
h1a,libero_goal,9,1192,0.0,1.0
h1a,libero_goal,9,1193,0.0,1.0
h1a,libero_goal,9,1194,0.0,1.0
h1a,libero_goal,9,1195,0.0,1.0
h1a,libero_goal,9,1196,0.0,1.0
h1a,libero_goal,9,1197,0.0,1.0
h1a,libero_goal,9,1198,0.0,1.0
h1a,libero_goal,9,1199,0.0,1.0
h1a,libero_object,0,400,0.0,1.0
h1a,libero_object,0,401,0.0,1.0
h1a,libero_object,0,402,0.0,1.0
h1a,libero_object,0,403,0.0,1.0
h1a,libero_object,0,404,0.0,1.0
h1a,libero_object,0,405,0.0,1.0
h1a,libero_object,0,406,0.0,1.0
h1a,libero_object,0,407,0.0,1.0
h1a,libero_object,0,408,0.0,1.0
h1a,libero_object,0,409,0.0,1.0
h1a,libero_object,0,410,0.0,1.0
h1a,libero_object,0,411,0.0,1.0
h1a,libero_object,0,412,0.0,1.0
h1a,libero_object,0,413,0.0,1.0
h1a,libero_object,0,414,0.0,1.0
h1a,libero_object,0,415,0.0,1.0
h1a,libero_object,0,416,0.0,1.0
h1a,libero_object,0,417,0.0,1.0
h1a,libero_object,0,418,0.0,1.0
h1a,libero_object,0,419,0.0,1.0
h1a,libero_object,0,420,0.0,1.0
h1a,libero_object,0,421,0.0,1.0
h1a,libero_object,0,422,0.0,1.0
h1a,libero_object,0,423,0.0,1.0
h1a,libero_object,0,424,0.0,1.0
h1a,libero_object,0,425,0.0,1.0
h1a,libero_object,0,426,0.0,1.0
h1a,libero_object,0,427,0.0,1.0
h1a,libero_object,0,428,0.0,1.0
h1a,libero_object,0,429,0.0,1.0
h1a,libero_object,0,430,0.0,1.0
h1a,libero_object,0,431,0.0,1.0
h1a,libero_object,0,432,0.0,1.0
h1a,libero_object,0,433,0.0,1.0
h1a,libero_object,0,434,0.0,1.0
h1a,libero_object,0,435,0.0,1.0
h1a,libero_object,0,436,0.0,1.0
h1a,libero_object,0,437,0.0,1.0
h1a,libero_object,0,438,0.0,1.0
h1a,libero_object,0,439,0.0,1.0
h1a,libero_object,1,440,0.0,1.0
h1a,libero_object,1,441,0.0,1.0
h1a,libero_object,1,442,0.0,1.0
h1a,libero_object,1,443,0.0,1.0
h1a,libero_object,1,444,0.0,1.0
h1a,libero_object,1,445,0.0,1.0
h1a,libero_object,1,446,0.0,1.0
h1a,libero_object,1,447,0.0,1.0
h1a,libero_object,1,448,0.0,1.0
h1a,libero_object,1,449,0.0,1.0
h1a,libero_object,1,450,0.0,1.0
h1a,libero_object,1,451,0.0,1.0
h1a,libero_object,1,452,0.0,1.0
h1a,libero_object,1,453,0.0,1.0
h1a,libero_object,1,454,0.0,1.0
h1a,libero_object,1,455,0.0,1.0
h1a,libero_object,1,456,0.0,1.0
h1a,libero_object,1,457,0.0,1.0
h1a,libero_object,1,458,0.0,1.0
h1a,libero_object,1,459,0.0,1.0
h1a,libero_object,1,460,0.0,1.0
h1a,libero_object,1,461,0.0,1.0
h1a,libero_object,1,462,0.0,1.0
h1a,libero_object,1,463,0.0,1.0
h1a,libero_object,1,464,0.0,1.0
h1a,libero_object,1,465,0.0,1.0
h1a,libero_object,1,466,0.0,1.0
h1a,libero_object,1,467,0.0,1.0
h1a,libero_object,1,468,0.0,1.0
h1a,libero_object,1,469,0.0,1.0
h1a,libero_object,1,470,0.0,1.0
h1a,libero_object,1,471,0.0,1.0
h1a,libero_object,1,472,0.0,1.0
h1a,libero_object,1,473,0.0,1.0
h1a,libero_object,1,474,0.0,1.0
h1a,libero_object,1,475,0.0,1.0
h1a,libero_object,1,476,0.0,1.0
h1a,libero_object,1,477,0.0,1.0
h1a,libero_object,1,478,0.0,1.0
h1a,libero_object,1,479,0.0,1.0
h1a,libero_object,2,480,0.0,1.0
h1a,libero_object,2,481,0.0,1.0
h1a,libero_object,2,482,0.0,1.0
h1a,libero_object,2,483,0.0,1.0
h1a,libero_object,2,484,0.0,1.0
h1a,libero_object,2,485,0.0,1.0
h1a,libero_object,2,486,0.0,1.0
h1a,libero_object,2,487,0.0,1.0
h1a,libero_object,2,488,0.0,1.0
h1a,libero_object,2,489,0.0,1.0
h1a,libero_object,2,490,0.0,1.0
h1a,libero_object,2,491,0.0,1.0
h1a,libero_object,2,492,0.0,1.0
h1a,libero_object,2,493,0.0,1.0
h1a,libero_object,2,494,0.0,1.0
h1a,libero_object,2,495,0.0,1.0
h1a,libero_object,2,496,0.0,1.0
h1a,libero_object,2,497,0.0,1.0
h1a,libero_object,2,498,0.0,1.0
h1a,libero_object,2,499,0.0,1.0
h1a,libero_object,2,500,0.0,1.0
h1a,libero_object,2,501,0.0,1.0
h1a,libero_object,2,502,0.0,1.0
h1a,libero_object,2,503,0.0,1.0
h1a,libero_object,2,504,0.0,1.0
h1a,libero_object,2,505,0.0,1.0
h1a,libero_object,2,506,0.0,1.0
h1a,libero_object,2,507,0.0,1.0
h1a,libero_object,2,508,0.0,1.0
h1a,libero_object,2,509,0.0,1.0
h1a,libero_object,2,510,0.0,1.0
h1a,libero_object,2,511,0.0,1.0
h1a,libero_object,2,512,0.0,1.0
h1a,libero_object,2,513,0.0,1.0
h1a,libero_object,2,514,0.0,1.0
h1a,libero_object,2,515,0.0,1.0
h1a,libero_object,2,516,0.0,1.0
h1a,libero_object,2,517,0.0,1.0
h1a,libero_object,2,518,0.0,1.0
h1a,libero_object,2,519,0.0,1.0
h1a,libero_object,3,520,0.0,1.0
h1a,libero_object,3,521,0.0,1.0
h1a,libero_object,3,522,0.0,1.0
h1a,libero_object,3,523,0.0,1.0
h1a,libero_object,3,524,0.0,1.0
h1a,libero_object,3,525,0.0,1.0
h1a,libero_object,3,526,0.0,1.0
h1a,libero_object,3,527,0.0,1.0
h1a,libero_object,3,528,0.0,1.0
h1a,libero_object,3,529,0.0,1.0
h1a,libero_object,3,530,0.0,1.0
h1a,libero_object,3,531,0.0,1.0
h1a,libero_object,3,532,0.0,1.0
h1a,libero_object,3,533,0.0,1.0
h1a,libero_object,3,534,0.0,1.0
h1a,libero_object,3,535,0.0,1.0
h1a,libero_object,3,536,0.0,1.0
h1a,libero_object,3,537,0.0,1.0
h1a,libero_object,3,538,0.0,1.0
h1a,libero_object,3,539,0.0,1.0
h1a,libero_object,3,540,0.0,1.0
h1a,libero_object,3,541,0.0,1.0
h1a,libero_object,3,542,0.0,1.0
h1a,libero_object,3,543,0.0,1.0
h1a,libero_object,3,544,0.0,1.0
h1a,libero_object,3,545,0.0,1.0
h1a,libero_object,3,546,0.0,1.0
h1a,libero_object,3,547,0.0,1.0
h1a,libero_object,3,548,0.0,1.0
h1a,libero_object,3,549,0.0,1.0
h1a,libero_object,3,550,0.0,1.0
h1a,libero_object,3,551,0.0,1.0
h1a,libero_object,3,552,0.0,1.0
h1a,libero_object,3,553,0.0,1.0
h1a,libero_object,3,554,0.0,1.0
h1a,libero_object,3,555,0.0,1.0
h1a,libero_object,3,556,0.0,1.0
h1a,libero_object,3,557,0.0,1.0
h1a,libero_object,3,558,0.0,1.0
h1a,libero_object,3,559,0.0,1.0
h1a,libero_object,4,560,0.0,1.0
h1a,libero_object,4,561,0.0,1.0
h1a,libero_object,4,562,0.0,1.0
h1a,libero_object,4,563,0.0,1.0
h1a,libero_object,4,564,0.0,1.0
h1a,libero_object,4,565,0.0,1.0
h1a,libero_object,4,566,0.0,1.0
h1a,libero_object,4,567,0.0,1.0
h1a,libero_object,4,568,0.0,1.0
h1a,libero_object,4,569,0.0,1.0
h1a,libero_object,4,570,0.0,1.0
h1a,libero_object,4,571,0.0,1.0
h1a,libero_object,4,572,0.03125,0.96875
h1a,libero_object,4,573,0.0,1.0
h1a,libero_object,4,574,0.0,1.0
h1a,libero_object,4,575,0.0,1.0
h1a,libero_object,4,576,0.0,1.0
h1a,libero_object,4,577,0.0,1.0
h1a,libero_object,4,578,0.0,1.0
h1a,libero_object,4,579,0.0,1.0
h1a,libero_object,4,580,0.0,1.0
h1a,libero_object,4,581,0.0,1.0
h1a,libero_object,4,582,0.0,1.0
h1a,libero_object,4,583,0.0,1.0
h1a,libero_object,4,584,0.0,1.0
h1a,libero_object,4,585,0.0,1.0
h1a,libero_object,4,586,0.0,1.0
h1a,libero_object,4,587,0.0,1.0
h1a,libero_object,4,588,0.0,1.0
h1a,libero_object,4,589,0.0,1.0
h1a,libero_object,4,590,0.0,1.0
h1a,libero_object,4,591,0.0,1.0
h1a,libero_object,4,592,0.0,1.0
h1a,libero_object,4,593,0.0,1.0
h1a,libero_object,4,594,0.0,1.0
h1a,libero_object,4,595,0.0,1.0
h1a,libero_object,4,596,0.0,1.0
h1a,libero_object,4,597,0.0,1.0
h1a,libero_object,4,598,0.0,1.0
h1a,libero_object,4,599,0.0,1.0
h1a,libero_object,5,600,0.0,1.0
h1a,libero_object,5,601,0.0,1.0
h1a,libero_object,5,602,0.0,1.0
h1a,libero_object,5,603,0.0,1.0
h1a,libero_object,5,604,0.0,1.0
h1a,libero_object,5,605,0.0,1.0
h1a,libero_object,5,606,0.0,1.0
h1a,libero_object,5,607,0.0,1.0
h1a,libero_object,5,608,0.0,1.0
h1a,libero_object,5,609,0.0,1.0
h1a,libero_object,5,610,0.0,1.0
h1a,libero_object,5,611,0.0,1.0
h1a,libero_object,5,612,0.0,1.0
h1a,libero_object,5,613,0.0,1.0
h1a,libero_object,5,614,0.0,1.0
h1a,libero_object,5,615,0.0,1.0
h1a,libero_object,5,616,0.0,1.0
h1a,libero_object,5,617,0.0,1.0
h1a,libero_object,5,618,0.0,1.0
h1a,libero_object,5,619,0.0,1.0
h1a,libero_object,5,620,0.0,1.0
h1a,libero_object,5,621,0.0,1.0
h1a,libero_object,5,622,0.0,1.0
h1a,libero_object,5,623,0.0,1.0
h1a,libero_object,5,624,0.0,1.0
h1a,libero_object,5,625,0.0,1.0
h1a,libero_object,5,626,0.0,1.0
h1a,libero_object,5,627,0.0,1.0
h1a,libero_object,5,628,0.0,1.0
h1a,libero_object,5,629,0.0,1.0
h1a,libero_object,5,630,0.0,1.0
h1a,libero_object,5,631,0.0,1.0
h1a,libero_object,5,632,0.0,1.0
h1a,libero_object,5,633,0.0,1.0
h1a,libero_object,5,634,0.0,1.0
h1a,libero_object,5,635,0.0,1.0
h1a,libero_object,5,636,0.0,1.0
h1a,libero_object,5,637,0.0,1.0
h1a,libero_object,5,638,0.0,1.0
h1a,libero_object,5,639,0.0,1.0
h1a,libero_object,6,640,0.0,1.0
h1a,libero_object,6,641,0.0,1.0
h1a,libero_object,6,642,0.0,1.0
h1a,libero_object,6,643,0.0,1.0
h1a,libero_object,6,644,0.0,1.0
h1a,libero_object,6,645,0.0,1.0
h1a,libero_object,6,646,0.0,1.0
h1a,libero_object,6,647,0.0,1.0
h1a,libero_object,6,648,0.0,1.0
h1a,libero_object,6,649,0.0,1.0
h1a,libero_object,6,650,0.0,1.0
h1a,libero_object,6,651,0.0,1.0
h1a,libero_object,6,652,0.0,1.0
h1a,libero_object,6,653,0.0,1.0
h1a,libero_object,6,654,0.0,1.0
h1a,libero_object,6,655,0.0,1.0
h1a,libero_object,6,656,0.0,1.0
h1a,libero_object,6,657,0.0,1.0
h1a,libero_object,6,658,0.0,1.0
h1a,libero_object,6,659,0.0,1.0
h1a,libero_object,6,660,0.0,1.0
h1a,libero_object,6,661,0.0,1.0
h1a,libero_object,6,662,0.0,1.0
h1a,libero_object,6,663,0.0,1.0
h1a,libero_object,6,664,0.0,1.0
h1a,libero_object,6,665,0.0,1.0
h1a,libero_object,6,666,0.0,1.0
h1a,libero_object,6,667,0.0,1.0
h1a,libero_object,6,668,0.0,1.0
h1a,libero_object,6,669,0.0,1.0
h1a,libero_object,6,670,0.0,1.0
h1a,libero_object,6,671,0.0,1.0
h1a,libero_object,6,672,0.0,1.0
h1a,libero_object,6,673,0.0,1.0
h1a,libero_object,6,674,0.0,1.0
h1a,libero_object,6,675,0.0,1.0
h1a,libero_object,6,676,0.0,1.0
h1a,libero_object,6,677,0.0,1.0
h1a,libero_object,6,678,0.0,1.0
h1a,libero_object,6,679,0.0,1.0
h1a,libero_object,7,680,0.0,1.0
h1a,libero_object,7,681,0.0,1.0
h1a,libero_object,7,682,0.0,1.0
h1a,libero_object,7,683,0.0,1.0
h1a,libero_object,7,684,0.0,1.0
h1a,libero_object,7,685,0.0,1.0
h1a,libero_object,7,686,0.0,1.0
h1a,libero_object,7,687,0.0,1.0
h1a,libero_object,7,688,0.0,1.0
h1a,libero_object,7,689,0.0,1.0
h1a,libero_object,7,690,0.0,1.0
h1a,libero_object,7,691,0.0,1.0
h1a,libero_object,7,692,0.0,1.0
h1a,libero_object,7,693,0.0,1.0
h1a,libero_object,7,694,0.0,1.0
h1a,libero_object,7,695,0.0,1.0
h1a,libero_object,7,696,0.03125,0.96875
h1a,libero_object,7,697,0.0,1.0
h1a,libero_object,7,698,0.0,1.0
h1a,libero_object,7,699,0.0,1.0
h1a,libero_object,7,700,0.03125,0.96875
h1a,libero_object,7,701,0.0,1.0
h1a,libero_object,7,702,0.0,1.0
h1a,libero_object,7,703,0.0,1.0
h1a,libero_object,7,704,0.0,1.0
h1a,libero_object,7,705,0.0,1.0
h1a,libero_object,7,706,0.0,1.0
h1a,libero_object,7,707,0.0,1.0
h1a,libero_object,7,708,0.0,1.0
h1a,libero_object,7,709,0.0,1.0
h1a,libero_object,7,710,0.0,1.0
h1a,libero_object,7,711,0.0,1.0
h1a,libero_object,7,712,0.0,1.0
h1a,libero_object,7,713,0.0,1.0
h1a,libero_object,7,714,0.0,1.0
h1a,libero_object,7,715,0.0,1.0
h1a,libero_object,7,716,0.0,1.0
h1a,libero_object,7,717,0.0,1.0
h1a,libero_object,7,718,0.0,1.0
h1a,libero_object,7,719,0.0,1.0
h1a,libero_object,8,720,0.0,1.0
h1a,libero_object,8,721,0.0,1.0
h1a,libero_object,8,722,0.0,1.0
h1a,libero_object,8,723,0.0,1.0
h1a,libero_object,8,724,0.0,1.0
h1a,libero_object,8,725,0.0,1.0
h1a,libero_object,8,726,0.0,1.0
h1a,libero_object,8,727,0.0,1.0
h1a,libero_object,8,728,0.0,1.0
h1a,libero_object,8,729,0.0,1.0
h1a,libero_object,8,730,0.0,1.0
h1a,libero_object,8,731,0.0,1.0
h1a,libero_object,8,732,0.0,1.0
h1a,libero_object,8,733,0.0,1.0
h1a,libero_object,8,734,0.0,1.0
h1a,libero_object,8,735,0.0,1.0
h1a,libero_object,8,736,0.0,1.0
h1a,libero_object,8,737,0.0,1.0
h1a,libero_object,8,738,0.0,1.0
h1a,libero_object,8,739,0.03125,0.96875
h1a,libero_object,8,740,0.0,1.0
h1a,libero_object,8,741,0.0,1.0
h1a,libero_object,8,742,0.0,1.0
h1a,libero_object,8,743,0.0,1.0
h1a,libero_object,8,744,0.0,1.0
h1a,libero_object,8,745,0.0,1.0
h1a,libero_object,8,746,0.0,1.0
h1a,libero_object,8,747,0.0,1.0
h1a,libero_object,8,748,0.0,1.0
h1a,libero_object,8,749,0.0,1.0
h1a,libero_object,8,750,0.0,1.0
h1a,libero_object,8,751,0.0,1.0
h1a,libero_object,8,752,0.0,1.0
h1a,libero_object,8,753,0.0,1.0
h1a,libero_object,8,754,0.0,1.0
h1a,libero_object,8,755,0.0,1.0
h1a,libero_object,8,756,0.0,1.0
h1a,libero_object,8,757,0.0,1.0
h1a,libero_object,8,758,0.0,1.0
h1a,libero_object,8,759,0.0,1.0
h1a,libero_object,9,760,0.0,1.0
h1a,libero_object,9,761,0.0,1.0
h1a,libero_object,9,762,0.0,1.0
h1a,libero_object,9,763,0.0,1.0
h1a,libero_object,9,764,0.0,1.0
h1a,libero_object,9,765,0.0,1.0
h1a,libero_object,9,766,0.0,1.0
h1a,libero_object,9,767,0.0,1.0
h1a,libero_object,9,768,0.0,1.0
h1a,libero_object,9,769,0.0,1.0
h1a,libero_object,9,770,0.0,1.0
h1a,libero_object,9,771,0.0,1.0
h1a,libero_object,9,772,0.0,1.0
h1a,libero_object,9,773,0.0,1.0
h1a,libero_object,9,774,0.0,1.0
h1a,libero_object,9,775,0.0,1.0
h1a,libero_object,9,776,0.0,1.0
h1a,libero_object,9,777,0.0,1.0
h1a,libero_object,9,778,0.0,1.0
h1a,libero_object,9,779,0.0,1.0
h1a,libero_object,9,780,0.0,1.0
h1a,libero_object,9,781,0.0,1.0
h1a,libero_object,9,782,0.0,1.0
h1a,libero_object,9,783,0.0,1.0
h1a,libero_object,9,784,0.0,1.0
h1a,libero_object,9,785,0.0,1.0
h1a,libero_object,9,786,0.0,1.0
h1a,libero_object,9,787,0.0,1.0
h1a,libero_object,9,788,0.0,1.0
h1a,libero_object,9,789,0.0,1.0
h1a,libero_object,9,790,0.0,1.0
h1a,libero_object,9,791,0.0,1.0
h1a,libero_object,9,792,0.0,1.0
h1a,libero_object,9,793,0.0,1.0
h1a,libero_object,9,794,0.0,1.0
h1a,libero_object,9,795,0.0,1.0
h1a,libero_object,9,796,0.0,1.0
h1a,libero_object,9,797,0.0,1.0
h1a,libero_object,9,798,0.0,1.0
h1a,libero_object,9,799,0.0,1.0
h1a,libero_spatial,0,0,0.0,1.0
h1a,libero_spatial,0,1,0.0,1.0
h1a,libero_spatial,0,2,0.0,1.0
h1a,libero_spatial,0,3,0.0,1.0
h1a,libero_spatial,0,4,0.0,1.0
h1a,libero_spatial,0,5,0.0,1.0
h1a,libero_spatial,0,6,0.0,1.0
h1a,libero_spatial,0,7,0.0,1.0
h1a,libero_spatial,0,8,0.0,1.0
h1a,libero_spatial,0,9,0.0,1.0
h1a,libero_spatial,0,10,0.0,1.0
h1a,libero_spatial,0,11,0.0,1.0
h1a,libero_spatial,0,12,0.0,1.0
h1a,libero_spatial,0,13,0.0,1.0
h1a,libero_spatial,0,14,0.0,1.0
h1a,libero_spatial,0,15,0.0,1.0
h1a,libero_spatial,0,16,0.0,1.0
h1a,libero_spatial,0,17,0.0,1.0
h1a,libero_spatial,0,18,0.0,1.0
h1a,libero_spatial,0,19,0.0,1.0
h1a,libero_spatial,0,20,0.0,1.0
h1a,libero_spatial,0,21,0.0,1.0
h1a,libero_spatial,0,22,0.0,1.0
h1a,libero_spatial,0,23,0.0,1.0
h1a,libero_spatial,0,24,0.0,1.0
h1a,libero_spatial,0,25,0.0,1.0
h1a,libero_spatial,0,26,0.0,1.0
h1a,libero_spatial,0,27,0.0,1.0
h1a,libero_spatial,0,28,0.0,1.0
h1a,libero_spatial,0,29,0.0,1.0
h1a,libero_spatial,0,30,0.0,1.0
h1a,libero_spatial,0,31,0.0,1.0
h1a,libero_spatial,0,32,0.0,1.0
h1a,libero_spatial,0,33,0.0,1.0
h1a,libero_spatial,0,34,0.0,1.0
h1a,libero_spatial,0,35,0.0,1.0
h1a,libero_spatial,0,36,0.0,1.0
h1a,libero_spatial,0,37,0.0,1.0
h1a,libero_spatial,0,38,0.0,1.0
h1a,libero_spatial,0,39,0.0,1.0
h1a,libero_spatial,1,40,0.0,1.0
h1a,libero_spatial,1,41,0.0,1.0
h1a,libero_spatial,1,42,0.03125,0.96875
h1a,libero_spatial,1,43,0.0,1.0
h1a,libero_spatial,1,44,0.0,1.0
h1a,libero_spatial,1,45,0.0,1.0
h1a,libero_spatial,1,46,0.0,1.0
h1a,libero_spatial,1,47,0.0,1.0
h1a,libero_spatial,1,48,0.0,1.0
h1a,libero_spatial,1,49,0.03125,0.96875
h1a,libero_spatial,1,50,0.0,1.0
h1a,libero_spatial,1,51,0.0,1.0
h1a,libero_spatial,1,52,0.0,1.0
h1a,libero_spatial,1,53,0.0,1.0
h1a,libero_spatial,1,54,0.0,1.0
h1a,libero_spatial,1,55,0.0,1.0
h1a,libero_spatial,1,56,0.0,1.0
h1a,libero_spatial,1,57,0.0,1.0
h1a,libero_spatial,1,58,0.0,1.0
h1a,libero_spatial,1,59,0.0,1.0
h1a,libero_spatial,1,60,0.0,1.0
h1a,libero_spatial,1,61,0.0,1.0
h1a,libero_spatial,1,62,0.0,1.0
h1a,libero_spatial,1,63,0.0,1.0
h1a,libero_spatial,1,64,0.0,1.0
h1a,libero_spatial,1,65,0.0,1.0
h1a,libero_spatial,1,66,0.0,1.0
h1a,libero_spatial,1,67,0.0,1.0
h1a,libero_spatial,1,68,0.0,1.0
h1a,libero_spatial,1,69,0.0,1.0
h1a,libero_spatial,1,70,0.0,1.0
h1a,libero_spatial,1,71,0.0,1.0
h1a,libero_spatial,1,72,0.0,1.0
h1a,libero_spatial,1,73,0.0,1.0
h1a,libero_spatial,1,74,0.0,1.0
h1a,libero_spatial,1,75,0.0,1.0
h1a,libero_spatial,1,76,0.0,1.0
h1a,libero_spatial,1,77,0.0,1.0
h1a,libero_spatial,1,78,0.0,1.0
h1a,libero_spatial,1,79,0.0,1.0
h1a,libero_spatial,2,80,0.03125,0.96875
h1a,libero_spatial,2,81,0.0,1.0
h1a,libero_spatial,2,82,0.0,1.0
h1a,libero_spatial,2,83,0.0,1.0
h1a,libero_spatial,2,84,0.0,1.0
h1a,libero_spatial,2,85,0.0,1.0
h1a,libero_spatial,2,86,0.0,1.0
h1a,libero_spatial,2,87,0.0625,0.9375
h1a,libero_spatial,2,88,0.0,1.0
h1a,libero_spatial,2,89,0.0,1.0
h1a,libero_spatial,2,90,0.0,1.0
h1a,libero_spatial,2,91,0.03125,0.96875
h1a,libero_spatial,2,92,0.0,1.0
h1a,libero_spatial,2,93,0.0,1.0
h1a,libero_spatial,2,94,0.0,1.0
h1a,libero_spatial,2,95,0.0,1.0
h1a,libero_spatial,2,96,0.0,1.0
h1a,libero_spatial,2,97,0.0,1.0
h1a,libero_spatial,2,98,0.0,1.0
h1a,libero_spatial,2,99,0.0,1.0
h1a,libero_spatial,2,100,0.03125,0.96875
h1a,libero_spatial,2,101,0.03125,0.96875
h1a,libero_spatial,2,102,0.0,1.0
h1a,libero_spatial,2,103,0.0,1.0
h1a,libero_spatial,2,104,0.0,1.0
h1a,libero_spatial,2,105,0.0,1.0
h1a,libero_spatial,2,106,0.0,1.0
h1a,libero_spatial,2,107,0.0,1.0
h1a,libero_spatial,2,108,0.0,1.0
h1a,libero_spatial,2,109,0.0,1.0
h1a,libero_spatial,2,110,0.0,1.0
h1a,libero_spatial,2,111,0.0,1.0
h1a,libero_spatial,2,112,0.0,1.0
h1a,libero_spatial,2,113,0.0,1.0
h1a,libero_spatial,2,114,0.0,1.0
h1a,libero_spatial,2,115,0.0,1.0
h1a,libero_spatial,2,116,0.0,1.0
h1a,libero_spatial,2,117,0.0,1.0
h1a,libero_spatial,2,118,0.0,1.0
h1a,libero_spatial,2,119,0.0,1.0
h1a,libero_spatial,3,120,0.0,1.0
h1a,libero_spatial,3,121,0.0,1.0
h1a,libero_spatial,3,122,0.0,1.0
h1a,libero_spatial,3,123,0.0,1.0
h1a,libero_spatial,3,124,0.0,1.0
h1a,libero_spatial,3,125,0.0,1.0
h1a,libero_spatial,3,126,0.0,1.0
h1a,libero_spatial,3,127,0.0,1.0
h1a,libero_spatial,3,128,0.0,1.0
h1a,libero_spatial,3,129,0.0,1.0
h1a,libero_spatial,3,130,0.0,1.0
h1a,libero_spatial,3,131,0.0,1.0
h1a,libero_spatial,3,132,0.0,1.0
h1a,libero_spatial,3,133,0.0,1.0
h1a,libero_spatial,3,134,0.0,1.0
h1a,libero_spatial,3,135,0.0,1.0
h1a,libero_spatial,3,136,0.0,1.0
h1a,libero_spatial,3,137,0.0,1.0
h1a,libero_spatial,3,138,0.0,1.0
h1a,libero_spatial,3,139,0.0,1.0
h1a,libero_spatial,3,140,0.0,1.0
h1a,libero_spatial,3,141,0.0,1.0
h1a,libero_spatial,3,142,0.0,1.0
h1a,libero_spatial,3,143,0.0,1.0
h1a,libero_spatial,3,144,0.0,1.0
h1a,libero_spatial,3,145,0.0,1.0
h1a,libero_spatial,3,146,0.0,1.0
h1a,libero_spatial,3,147,0.0,1.0
h1a,libero_spatial,3,148,0.0,1.0
h1a,libero_spatial,3,149,0.0,1.0
h1a,libero_spatial,3,150,0.0,1.0
h1a,libero_spatial,3,151,0.0,1.0
h1a,libero_spatial,3,152,0.0,1.0
h1a,libero_spatial,3,153,0.0,1.0
h1a,libero_spatial,3,154,0.0,1.0
h1a,libero_spatial,3,155,0.0,1.0
h1a,libero_spatial,3,156,0.0,1.0
h1a,libero_spatial,3,157,0.0,1.0
h1a,libero_spatial,3,158,0.0,1.0
h1a,libero_spatial,3,159,0.0,1.0
h1a,libero_spatial,4,160,0.0,1.0
h1a,libero_spatial,4,161,0.0,1.0
h1a,libero_spatial,4,162,0.0,1.0
h1a,libero_spatial,4,163,0.0,1.0
h1a,libero_spatial,4,164,0.0,1.0
h1a,libero_spatial,4,165,0.0,1.0
h1a,libero_spatial,4,166,0.0,1.0
h1a,libero_spatial,4,167,0.0,1.0
h1a,libero_spatial,4,168,0.0,1.0
h1a,libero_spatial,4,169,0.0,1.0
h1a,libero_spatial,4,170,0.0,1.0
h1a,libero_spatial,4,171,0.0,1.0
h1a,libero_spatial,4,172,0.0,1.0
h1a,libero_spatial,4,173,0.0,1.0
h1a,libero_spatial,4,174,0.0,1.0
h1a,libero_spatial,4,175,0.0,1.0
h1a,libero_spatial,4,176,0.0,1.0
h1a,libero_spatial,4,177,0.0,1.0
h1a,libero_spatial,4,178,0.0,1.0
h1a,libero_spatial,4,179,0.0,1.0
h1a,libero_spatial,4,180,0.0,1.0
h1a,libero_spatial,4,181,0.0,1.0
h1a,libero_spatial,4,182,0.0,1.0
h1a,libero_spatial,4,183,0.0,1.0
h1a,libero_spatial,4,184,0.0,1.0
h1a,libero_spatial,4,185,0.0,1.0
h1a,libero_spatial,4,186,0.0,1.0
h1a,libero_spatial,4,187,0.0,1.0
h1a,libero_spatial,4,188,0.0,1.0
h1a,libero_spatial,4,189,0.0,1.0
h1a,libero_spatial,4,190,0.0,1.0
h1a,libero_spatial,4,191,0.0,1.0
h1a,libero_spatial,4,192,0.0,1.0
h1a,libero_spatial,4,193,0.0,1.0
h1a,libero_spatial,4,194,0.0,1.0
h1a,libero_spatial,4,195,0.0,1.0
h1a,libero_spatial,4,196,0.0,1.0
h1a,libero_spatial,4,197,0.0,1.0
h1a,libero_spatial,4,198,0.0,1.0
h1a,libero_spatial,4,199,0.0,1.0
h1a,libero_spatial,5,200,0.0,1.0
h1a,libero_spatial,5,201,0.0,1.0
h1a,libero_spatial,5,202,0.0,1.0
h1a,libero_spatial,5,203,0.0,1.0
h1a,libero_spatial,5,204,0.0,1.0
h1a,libero_spatial,5,205,0.0,1.0
h1a,libero_spatial,5,206,0.0,1.0
h1a,libero_spatial,5,207,0.0,1.0
h1a,libero_spatial,5,208,0.0,1.0
h1a,libero_spatial,5,209,0.0,1.0
h1a,libero_spatial,5,210,0.0,1.0
h1a,libero_spatial,5,211,0.0,1.0
h1a,libero_spatial,5,212,0.0,1.0
h1a,libero_spatial,5,213,0.0,1.0
h1a,libero_spatial,5,214,0.0,1.0
h1a,libero_spatial,5,215,0.0,1.0
h1a,libero_spatial,5,216,0.0,1.0
h1a,libero_spatial,5,217,0.0,1.0
h1a,libero_spatial,5,218,0.0,1.0
h1a,libero_spatial,5,219,0.0,1.0
h1a,libero_spatial,5,220,0.0,1.0
h1a,libero_spatial,5,221,0.0,1.0
h1a,libero_spatial,5,222,0.0,1.0
h1a,libero_spatial,5,223,0.0,1.0
h1a,libero_spatial,5,224,0.0,1.0
h1a,libero_spatial,5,225,0.0,1.0
h1a,libero_spatial,5,226,0.0,1.0
h1a,libero_spatial,5,227,0.0,1.0
h1a,libero_spatial,5,228,0.0,1.0
h1a,libero_spatial,5,229,0.0,1.0
h1a,libero_spatial,5,230,0.0,1.0
h1a,libero_spatial,5,231,0.0,1.0
h1a,libero_spatial,5,232,0.0,1.0
h1a,libero_spatial,5,233,0.0,1.0
h1a,libero_spatial,5,234,0.0,1.0
h1a,libero_spatial,5,235,0.0,1.0
h1a,libero_spatial,5,236,0.0,1.0
h1a,libero_spatial,5,237,0.0,1.0
h1a,libero_spatial,5,238,0.0,1.0
h1a,libero_spatial,5,239,0.0,1.0
h1a,libero_spatial,6,240,0.0,1.0
h1a,libero_spatial,6,241,0.0,1.0
h1a,libero_spatial,6,242,0.0,1.0
h1a,libero_spatial,6,243,0.0,1.0
h1a,libero_spatial,6,244,0.0,1.0
h1a,libero_spatial,6,245,0.0,1.0
h1a,libero_spatial,6,246,0.0,1.0
h1a,libero_spatial,6,247,0.0,1.0
h1a,libero_spatial,6,248,0.0,1.0
h1a,libero_spatial,6,249,0.0,1.0
h1a,libero_spatial,6,250,0.0,1.0
h1a,libero_spatial,6,251,0.0,1.0
h1a,libero_spatial,6,252,0.0,1.0
h1a,libero_spatial,6,253,0.0,1.0
h1a,libero_spatial,6,254,0.0,1.0
h1a,libero_spatial,6,255,0.0,1.0
h1a,libero_spatial,6,256,0.0,1.0
h1a,libero_spatial,6,257,0.0,1.0
h1a,libero_spatial,6,258,0.0,1.0
h1a,libero_spatial,6,259,0.0,1.0
h1a,libero_spatial,6,260,0.0,1.0
h1a,libero_spatial,6,261,0.0,1.0
h1a,libero_spatial,6,262,0.0,1.0
h1a,libero_spatial,6,263,0.0,1.0
h1a,libero_spatial,6,264,0.0,1.0
h1a,libero_spatial,6,265,0.0,1.0
h1a,libero_spatial,6,266,0.0,1.0
h1a,libero_spatial,6,267,0.0,1.0
h1a,libero_spatial,6,268,0.0,1.0
h1a,libero_spatial,6,269,0.0,1.0
h1a,libero_spatial,6,270,0.0,1.0
h1a,libero_spatial,6,271,0.0,1.0
h1a,libero_spatial,6,272,0.0,1.0
h1a,libero_spatial,6,273,0.0,1.0
h1a,libero_spatial,6,274,0.0,1.0
h1a,libero_spatial,6,275,0.0,1.0
h1a,libero_spatial,6,276,0.0,1.0
h1a,libero_spatial,6,277,0.0,1.0
h1a,libero_spatial,6,278,0.0,1.0
h1a,libero_spatial,6,279,0.0,1.0
h1a,libero_spatial,7,280,0.0,1.0
h1a,libero_spatial,7,281,0.0,1.0
h1a,libero_spatial,7,282,0.0,1.0
h1a,libero_spatial,7,283,0.0,1.0
h1a,libero_spatial,7,284,0.0,1.0
h1a,libero_spatial,7,285,0.0,1.0
h1a,libero_spatial,7,286,0.0,1.0
h1a,libero_spatial,7,287,0.0,1.0
h1a,libero_spatial,7,288,0.0,1.0
h1a,libero_spatial,7,289,0.0,1.0
h1a,libero_spatial,7,290,0.0,1.0
h1a,libero_spatial,7,291,0.0,1.0
h1a,libero_spatial,7,292,0.0,1.0
h1a,libero_spatial,7,293,0.0,1.0
h1a,libero_spatial,7,294,0.0,1.0
h1a,libero_spatial,7,295,0.0,1.0
h1a,libero_spatial,7,296,0.0,1.0
h1a,libero_spatial,7,297,0.0,1.0
h1a,libero_spatial,7,298,0.0,1.0
h1a,libero_spatial,7,299,0.0,1.0
h1a,libero_spatial,7,300,0.0,1.0
h1a,libero_spatial,7,301,0.0,1.0
h1a,libero_spatial,7,302,0.0,1.0
h1a,libero_spatial,7,303,0.0,1.0
h1a,libero_spatial,7,304,0.0,1.0
h1a,libero_spatial,7,305,0.0,1.0
h1a,libero_spatial,7,306,0.0,1.0
h1a,libero_spatial,7,307,0.0,1.0
h1a,libero_spatial,7,308,0.0,1.0
h1a,libero_spatial,7,309,0.0,1.0
h1a,libero_spatial,7,310,0.0,1.0
h1a,libero_spatial,7,311,0.0,1.0
h1a,libero_spatial,7,312,0.0,1.0
h1a,libero_spatial,7,313,0.0,1.0
h1a,libero_spatial,7,314,0.0,1.0
h1a,libero_spatial,7,315,0.0,1.0
h1a,libero_spatial,7,316,0.0,1.0
h1a,libero_spatial,7,317,0.0,1.0
h1a,libero_spatial,7,318,0.0,1.0
h1a,libero_spatial,7,319,0.0,1.0
h1a,libero_spatial,8,320,0.0,1.0
h1a,libero_spatial,8,321,0.0,1.0
h1a,libero_spatial,8,322,0.0,1.0
h1a,libero_spatial,8,323,0.0,1.0
h1a,libero_spatial,8,324,0.0,1.0
h1a,libero_spatial,8,325,0.0,1.0
h1a,libero_spatial,8,326,0.0,1.0
h1a,libero_spatial,8,327,0.0,1.0
h1a,libero_spatial,8,328,0.0,1.0
h1a,libero_spatial,8,329,0.0,1.0
h1a,libero_spatial,8,330,0.0,1.0
h1a,libero_spatial,8,331,0.0,1.0
h1a,libero_spatial,8,332,0.0,1.0
h1a,libero_spatial,8,333,0.0,1.0
h1a,libero_spatial,8,334,0.0,1.0
h1a,libero_spatial,8,335,0.0,1.0
h1a,libero_spatial,8,336,0.0,1.0
h1a,libero_spatial,8,337,0.0,1.0
h1a,libero_spatial,8,338,0.0,1.0
h1a,libero_spatial,8,339,0.0,1.0
h1a,libero_spatial,8,340,0.0,1.0
h1a,libero_spatial,8,341,0.0,1.0
h1a,libero_spatial,8,342,0.0,1.0
h1a,libero_spatial,8,343,0.0,1.0
h1a,libero_spatial,8,344,0.0,1.0
h1a,libero_spatial,8,345,0.0,1.0
h1a,libero_spatial,8,346,0.0,1.0
h1a,libero_spatial,8,347,0.0,1.0
h1a,libero_spatial,8,348,0.0,1.0
h1a,libero_spatial,8,349,0.0,1.0
h1a,libero_spatial,8,350,0.0,1.0
h1a,libero_spatial,8,351,0.0,1.0
h1a,libero_spatial,8,352,0.0,1.0
h1a,libero_spatial,8,353,0.0,1.0
h1a,libero_spatial,8,354,0.0,1.0
h1a,libero_spatial,8,355,0.0,1.0
h1a,libero_spatial,8,356,0.0,1.0
h1a,libero_spatial,8,357,0.0,1.0
h1a,libero_spatial,8,358,0.0,1.0
h1a,libero_spatial,8,359,0.0,1.0
h1a,libero_spatial,9,360,0.0,1.0
h1a,libero_spatial,9,361,0.0,1.0
h1a,libero_spatial,9,362,0.0,1.0
h1a,libero_spatial,9,363,0.0,1.0
h1a,libero_spatial,9,364,0.0,1.0
h1a,libero_spatial,9,365,0.0,1.0
h1a,libero_spatial,9,366,0.0,1.0
h1a,libero_spatial,9,367,0.0,1.0
h1a,libero_spatial,9,368,0.0,1.0
h1a,libero_spatial,9,369,0.0,1.0
h1a,libero_spatial,9,370,0.0,1.0
h1a,libero_spatial,9,371,0.0,1.0
h1a,libero_spatial,9,372,0.0,1.0
h1a,libero_spatial,9,373,0.0,1.0
h1a,libero_spatial,9,374,0.0,1.0
h1a,libero_spatial,9,375,0.0,1.0
h1a,libero_spatial,9,376,0.0,1.0
h1a,libero_spatial,9,377,0.0,1.0
h1a,libero_spatial,9,378,0.0,1.0
h1a,libero_spatial,9,379,0.0,1.0
h1a,libero_spatial,9,380,0.0,1.0
h1a,libero_spatial,9,381,0.0,1.0
h1a,libero_spatial,9,382,0.0,1.0
h1a,libero_spatial,9,383,0.0,1.0
h1a,libero_spatial,9,384,0.0,1.0
h1a,libero_spatial,9,385,0.0,1.0
h1a,libero_spatial,9,386,0.0,1.0
h1a,libero_spatial,9,387,0.0,1.0
h1a,libero_spatial,9,388,0.0,1.0
h1a,libero_spatial,9,389,0.0,1.0
h1a,libero_spatial,9,390,0.0,1.0
h1a,libero_spatial,9,391,0.0,1.0
h1a,libero_spatial,9,392,0.0,1.0
h1a,libero_spatial,9,393,0.0,1.0
h1a,libero_spatial,9,394,0.0,1.0
h1a,libero_spatial,9,395,0.0,1.0
h1a,libero_spatial,9,396,0.0,1.0
h1a,libero_spatial,9,397,0.0,1.0
h1a,libero_spatial,9,398,0.0,1.0
h1a,libero_spatial,9,399,0.0,1.0
h1d,libero_10,0,1200,0.0,1.0
h1d,libero_10,0,1201,0.0,1.0
h1d,libero_10,0,1202,0.0,1.0
h1d,libero_10,0,1203,0.0,1.0
h1d,libero_10,0,1204,0.0,1.0
h1d,libero_10,0,1205,0.0,1.0
h1d,libero_10,0,1206,0.0,1.0
h1d,libero_10,0,1207,0.0,1.0
h1d,libero_10,0,1208,0.0,1.0
h1d,libero_10,0,1209,0.0,1.0
h1d,libero_10,0,1210,0.0625,0.9375
h1d,libero_10,0,1211,0.0,1.0
h1d,libero_10,0,1212,0.0,1.0
h1d,libero_10,0,1213,0.0,1.0
h1d,libero_10,0,1214,0.0,1.0
h1d,libero_10,0,1215,0.0,1.0
h1d,libero_10,0,1216,0.0,1.0
h1d,libero_10,0,1217,0.0,1.0
h1d,libero_10,0,1218,0.0,1.0
h1d,libero_10,0,1219,0.0,1.0
h1d,libero_10,0,1220,0.0,1.0
h1d,libero_10,0,1221,0.0,1.0
h1d,libero_10,0,1222,0.0,1.0
h1d,libero_10,0,1223,0.0,1.0
h1d,libero_10,0,1224,0.0,1.0
h1d,libero_10,0,1225,0.0,1.0
h1d,libero_10,0,1226,0.0,1.0
h1d,libero_10,0,1227,0.0,1.0
h1d,libero_10,0,1228,0.0,1.0
h1d,libero_10,0,1229,0.0,1.0
h1d,libero_10,0,1230,0.0,1.0
h1d,libero_10,0,1231,0.0,1.0
h1d,libero_10,0,1232,0.0,1.0
h1d,libero_10,0,1233,0.0,1.0
h1d,libero_10,0,1234,0.0,1.0
h1d,libero_10,0,1235,0.0,1.0
h1d,libero_10,0,1236,0.0,1.0
h1d,libero_10,0,1237,0.0,1.0
h1d,libero_10,0,1238,0.0,1.0
h1d,libero_10,0,1239,0.0,1.0
h1d,libero_10,1,1240,0.0,1.0
h1d,libero_10,1,1241,0.0,1.0
h1d,libero_10,1,1242,0.0,1.0
h1d,libero_10,1,1243,0.0,1.0
h1d,libero_10,1,1244,0.0,1.0
h1d,libero_10,1,1245,0.0625,0.9375
h1d,libero_10,1,1246,0.0,1.0
h1d,libero_10,1,1247,0.0,1.0
h1d,libero_10,1,1248,0.0,1.0
h1d,libero_10,1,1249,0.0,1.0
h1d,libero_10,1,1250,0.0,1.0
h1d,libero_10,1,1251,0.0,1.0
h1d,libero_10,1,1252,0.0,1.0
h1d,libero_10,1,1253,0.0,1.0
h1d,libero_10,1,1254,0.0,1.0
h1d,libero_10,1,1255,0.0,1.0
h1d,libero_10,1,1256,0.0,1.0
h1d,libero_10,1,1257,0.0,1.0
h1d,libero_10,1,1258,0.0,1.0
h1d,libero_10,1,1259,0.0,1.0
h1d,libero_10,1,1260,0.0,1.0
h1d,libero_10,1,1261,0.03125,0.96875
h1d,libero_10,1,1262,0.0,1.0
h1d,libero_10,1,1263,0.0,1.0
h1d,libero_10,1,1264,0.0,1.0
h1d,libero_10,1,1265,0.0,1.0
h1d,libero_10,1,1266,0.0,1.0
h1d,libero_10,1,1267,0.0,1.0
h1d,libero_10,1,1268,0.0,1.0
h1d,libero_10,1,1269,0.0,1.0
h1d,libero_10,1,1270,0.0,1.0
h1d,libero_10,1,1271,0.0,1.0
h1d,libero_10,1,1272,0.0,1.0
h1d,libero_10,1,1273,0.0,1.0
h1d,libero_10,1,1274,0.0,1.0
h1d,libero_10,1,1275,0.0,1.0
h1d,libero_10,1,1276,0.0,1.0
h1d,libero_10,1,1277,0.0,1.0
h1d,libero_10,1,1278,0.0,1.0
h1d,libero_10,1,1279,0.0,1.0
h1d,libero_10,2,1280,0.0,1.0
h1d,libero_10,2,1281,0.0,1.0
h1d,libero_10,2,1282,0.0,1.0
h1d,libero_10,2,1283,0.0,1.0
h1d,libero_10,2,1284,0.0,1.0
h1d,libero_10,2,1285,0.0,1.0
h1d,libero_10,2,1286,0.0,1.0
h1d,libero_10,2,1287,0.0,1.0
h1d,libero_10,2,1288,0.03125,0.96875
h1d,libero_10,2,1289,0.125,0.875
h1d,libero_10,2,1290,0.0,1.0
h1d,libero_10,2,1291,0.0625,0.9375
h1d,libero_10,2,1292,0.0,1.0
h1d,libero_10,2,1293,0.0,1.0
h1d,libero_10,2,1294,0.0,1.0
h1d,libero_10,2,1295,0.0,1.0
h1d,libero_10,2,1296,0.09375,0.90625
h1d,libero_10,2,1297,0.03125,0.96875
h1d,libero_10,2,1298,0.0,1.0
h1d,libero_10,2,1299,0.0625,0.9375
h1d,libero_10,2,1300,0.0,1.0
h1d,libero_10,2,1301,0.0,1.0
h1d,libero_10,2,1302,0.0,1.0
h1d,libero_10,2,1303,0.03125,0.96875
h1d,libero_10,2,1304,0.03125,0.96875
h1d,libero_10,2,1305,0.0,1.0
h1d,libero_10,2,1306,0.0,1.0
h1d,libero_10,2,1307,0.0,1.0
h1d,libero_10,2,1308,0.0,1.0
h1d,libero_10,2,1309,0.0,1.0
h1d,libero_10,2,1310,0.0,1.0
h1d,libero_10,2,1311,0.0,1.0
h1d,libero_10,2,1312,0.0,1.0
h1d,libero_10,2,1313,0.0,1.0
h1d,libero_10,2,1314,0.0,1.0
h1d,libero_10,2,1315,0.125,0.875
h1d,libero_10,2,1316,0.0,1.0
h1d,libero_10,2,1317,0.0,1.0
h1d,libero_10,2,1318,0.0,1.0
h1d,libero_10,2,1319,0.0,1.0
h1d,libero_10,3,1320,0.0,1.0
h1d,libero_10,3,1321,0.0,1.0
h1d,libero_10,3,1322,0.0,1.0
h1d,libero_10,3,1323,0.0,1.0
h1d,libero_10,3,1324,0.0,1.0
h1d,libero_10,3,1325,0.0,1.0
h1d,libero_10,3,1326,0.0,1.0
h1d,libero_10,3,1327,0.03125,0.96875
h1d,libero_10,3,1328,0.0,1.0
h1d,libero_10,3,1329,0.0,1.0
h1d,libero_10,3,1330,0.0,1.0
h1d,libero_10,3,1331,0.0,1.0
h1d,libero_10,3,1332,0.09375,0.90625
h1d,libero_10,3,1333,0.0,1.0
h1d,libero_10,3,1334,0.0,1.0
h1d,libero_10,3,1335,0.0,1.0
h1d,libero_10,3,1336,0.0,1.0
h1d,libero_10,3,1337,0.0,1.0
h1d,libero_10,3,1338,0.0,1.0
h1d,libero_10,3,1339,0.0,1.0
h1d,libero_10,3,1340,0.0,1.0
h1d,libero_10,3,1341,0.0,1.0
h1d,libero_10,3,1342,0.0,1.0
h1d,libero_10,3,1343,0.0,1.0
h1d,libero_10,3,1344,0.0,1.0
h1d,libero_10,3,1345,0.0,1.0
h1d,libero_10,3,1346,0.0,1.0
h1d,libero_10,3,1347,0.0,1.0
h1d,libero_10,3,1348,0.0,1.0
h1d,libero_10,3,1349,0.03125,0.96875
h1d,libero_10,3,1350,0.0,1.0
h1d,libero_10,3,1351,0.0,1.0
h1d,libero_10,3,1352,0.0,1.0
h1d,libero_10,3,1353,0.15625,0.84375
h1d,libero_10,3,1354,0.03125,0.96875
h1d,libero_10,3,1355,0.0,1.0
h1d,libero_10,3,1356,0.0,1.0
h1d,libero_10,3,1357,0.0,1.0
h1d,libero_10,3,1358,0.0,1.0
h1d,libero_10,3,1359,0.0,1.0
h1d,libero_10,4,1360,0.0,1.0
h1d,libero_10,4,1361,0.0,1.0
h1d,libero_10,4,1362,0.0,1.0
h1d,libero_10,4,1363,0.0,1.0
h1d,libero_10,4,1364,0.0,1.0
h1d,libero_10,4,1365,0.0,1.0
h1d,libero_10,4,1366,0.0,1.0
h1d,libero_10,4,1367,0.0,1.0
h1d,libero_10,4,1368,0.03125,0.96875
h1d,libero_10,4,1369,0.0,1.0
h1d,libero_10,4,1370,0.0,1.0
h1d,libero_10,4,1371,0.0,1.0
h1d,libero_10,4,1372,0.0,1.0
h1d,libero_10,4,1373,0.0,1.0
h1d,libero_10,4,1374,0.0,1.0
h1d,libero_10,4,1375,0.0,1.0
h1d,libero_10,4,1376,0.15625,0.84375
h1d,libero_10,4,1377,0.0,1.0
h1d,libero_10,4,1378,0.03125,0.96875
h1d,libero_10,4,1379,0.0,1.0
h1d,libero_10,4,1380,0.0,1.0
h1d,libero_10,4,1381,0.0,1.0
h1d,libero_10,4,1382,0.0,1.0
h1d,libero_10,4,1383,0.0,1.0
h1d,libero_10,4,1384,0.0,1.0
h1d,libero_10,4,1385,0.0,1.0
h1d,libero_10,4,1386,0.0,1.0
h1d,libero_10,4,1387,0.0,1.0
h1d,libero_10,4,1388,0.0,1.0
h1d,libero_10,4,1389,0.0,1.0
h1d,libero_10,4,1390,0.0,1.0
h1d,libero_10,4,1391,0.0,1.0
h1d,libero_10,4,1392,0.0,1.0
h1d,libero_10,4,1393,0.0,1.0
h1d,libero_10,4,1394,0.0,1.0
h1d,libero_10,4,1395,0.0,1.0
h1d,libero_10,4,1396,0.0,1.0
h1d,libero_10,4,1397,0.0,1.0
h1d,libero_10,4,1398,0.0,1.0
h1d,libero_10,4,1399,0.0,1.0
h1d,libero_10,5,1400,0.0,1.0
h1d,libero_10,5,1401,0.0,1.0
h1d,libero_10,5,1402,0.0,1.0
h1d,libero_10,5,1403,0.0,1.0
h1d,libero_10,5,1404,0.0,1.0
h1d,libero_10,5,1405,0.0,1.0
h1d,libero_10,5,1406,0.0,1.0
h1d,libero_10,5,1407,0.0,1.0
h1d,libero_10,5,1408,0.0,1.0
h1d,libero_10,5,1409,0.0,1.0
h1d,libero_10,5,1410,0.0,1.0
h1d,libero_10,5,1411,0.0,1.0
h1d,libero_10,5,1412,0.0,1.0
h1d,libero_10,5,1413,0.0,1.0
h1d,libero_10,5,1414,0.0,1.0
h1d,libero_10,5,1415,0.0,1.0
h1d,libero_10,5,1416,0.0,1.0
h1d,libero_10,5,1417,0.0,1.0
h1d,libero_10,5,1418,0.0,1.0
h1d,libero_10,5,1419,0.0,1.0
h1d,libero_10,5,1420,0.0,1.0
h1d,libero_10,5,1421,0.0,1.0
h1d,libero_10,5,1422,0.0,1.0
h1d,libero_10,5,1423,0.0,1.0
h1d,libero_10,5,1424,0.0,1.0
h1d,libero_10,5,1425,0.0,1.0
h1d,libero_10,5,1426,0.0,1.0
h1d,libero_10,5,1427,0.0,1.0
h1d,libero_10,5,1428,0.0,1.0
h1d,libero_10,5,1429,0.0,1.0
h1d,libero_10,5,1430,0.0,1.0
h1d,libero_10,5,1431,0.0,1.0
h1d,libero_10,5,1432,0.0,1.0
h1d,libero_10,5,1433,0.0,1.0
h1d,libero_10,5,1434,0.15625,0.84375
h1d,libero_10,5,1435,0.0,1.0
h1d,libero_10,5,1436,0.0,1.0
h1d,libero_10,5,1437,0.0,1.0
h1d,libero_10,5,1438,0.0,1.0
h1d,libero_10,5,1439,0.0,1.0
h1d,libero_10,6,1440,0.0,1.0
h1d,libero_10,6,1441,0.0,1.0
h1d,libero_10,6,1442,0.03125,0.96875
h1d,libero_10,6,1443,0.0,1.0
h1d,libero_10,6,1444,0.0,1.0
h1d,libero_10,6,1445,0.0,1.0
h1d,libero_10,6,1446,0.0,1.0
h1d,libero_10,6,1447,0.0,1.0
h1d,libero_10,6,1448,0.0,1.0
h1d,libero_10,6,1449,0.0,1.0
h1d,libero_10,6,1450,0.0,1.0
h1d,libero_10,6,1451,0.0,1.0
h1d,libero_10,6,1452,0.0,1.0
h1d,libero_10,6,1453,0.0,1.0
h1d,libero_10,6,1454,0.0,1.0
h1d,libero_10,6,1455,0.0,1.0
h1d,libero_10,6,1456,0.0,1.0
h1d,libero_10,6,1457,0.0,1.0
h1d,libero_10,6,1458,0.0,1.0
h1d,libero_10,6,1459,0.0,1.0
h1d,libero_10,6,1460,0.0,1.0
h1d,libero_10,6,1461,0.0,1.0
h1d,libero_10,6,1462,0.0,1.0
h1d,libero_10,6,1463,0.0,1.0
h1d,libero_10,6,1464,0.0,1.0
h1d,libero_10,6,1465,0.0,1.0
h1d,libero_10,6,1466,0.0,1.0
h1d,libero_10,6,1467,0.0,1.0
h1d,libero_10,6,1468,0.0,1.0
h1d,libero_10,6,1469,0.0,1.0
h1d,libero_10,6,1470,0.0,1.0
h1d,libero_10,6,1471,0.0,1.0
h1d,libero_10,6,1472,0.0,1.0
h1d,libero_10,6,1473,0.0,1.0
h1d,libero_10,6,1474,0.0,1.0
h1d,libero_10,6,1475,0.0,1.0
h1d,libero_10,6,1476,0.0,1.0
h1d,libero_10,6,1477,0.0,1.0
h1d,libero_10,6,1478,0.0,1.0
h1d,libero_10,6,1479,0.0,1.0
h1d,libero_10,7,1480,0.0,1.0
h1d,libero_10,7,1481,0.0,1.0
h1d,libero_10,7,1482,0.0,1.0
h1d,libero_10,7,1483,0.0,1.0
h1d,libero_10,7,1484,0.0,1.0
h1d,libero_10,7,1485,0.0,1.0
h1d,libero_10,7,1486,0.0,1.0
h1d,libero_10,7,1487,0.0,1.0
h1d,libero_10,7,1488,0.0,1.0
h1d,libero_10,7,1489,0.0,1.0
h1d,libero_10,7,1490,0.0,1.0
h1d,libero_10,7,1491,0.0,1.0
h1d,libero_10,7,1492,0.0,1.0
h1d,libero_10,7,1493,0.0,1.0
h1d,libero_10,7,1494,0.0,1.0
h1d,libero_10,7,1495,0.0,1.0
h1d,libero_10,7,1496,0.0,1.0
h1d,libero_10,7,1497,0.0,1.0
h1d,libero_10,7,1498,0.0,1.0
h1d,libero_10,7,1499,0.0,1.0
h1d,libero_10,7,1500,0.0,1.0
h1d,libero_10,7,1501,0.0,1.0
h1d,libero_10,7,1502,0.0,1.0
h1d,libero_10,7,1503,0.0,1.0
h1d,libero_10,7,1504,0.0,1.0
h1d,libero_10,7,1505,0.0,1.0
h1d,libero_10,7,1506,0.0,1.0
h1d,libero_10,7,1507,0.0,1.0
h1d,libero_10,7,1508,0.0,1.0
h1d,libero_10,7,1509,0.0,1.0
h1d,libero_10,7,1510,0.0,1.0
h1d,libero_10,7,1511,0.0,1.0
h1d,libero_10,7,1512,0.0,1.0
h1d,libero_10,7,1513,0.0,1.0
h1d,libero_10,7,1514,0.0,1.0
h1d,libero_10,7,1515,0.0,1.0
h1d,libero_10,7,1516,0.0,1.0
h1d,libero_10,7,1517,0.0,1.0
h1d,libero_10,7,1518,0.0,1.0
h1d,libero_10,7,1519,0.0,1.0
h1d,libero_10,8,1520,0.0,1.0
h1d,libero_10,8,1521,0.0,1.0
h1d,libero_10,8,1522,0.0,1.0
h1d,libero_10,8,1523,0.0,1.0
h1d,libero_10,8,1524,0.03125,0.96875
h1d,libero_10,8,1525,0.0,1.0
h1d,libero_10,8,1526,0.0,1.0
h1d,libero_10,8,1527,0.0,1.0
h1d,libero_10,8,1528,0.0,1.0
h1d,libero_10,8,1529,0.03125,0.96875
h1d,libero_10,8,1530,0.0,1.0
h1d,libero_10,8,1531,0.0,1.0
h1d,libero_10,8,1532,0.0,1.0
h1d,libero_10,8,1533,0.0,1.0
h1d,libero_10,8,1534,0.0,1.0
h1d,libero_10,8,1535,0.0,1.0
h1d,libero_10,8,1536,0.0,1.0
h1d,libero_10,8,1537,0.0,1.0
h1d,libero_10,8,1538,0.0,1.0
h1d,libero_10,8,1539,0.0,1.0
h1d,libero_10,8,1540,0.0,1.0
h1d,libero_10,8,1541,0.0,1.0
h1d,libero_10,8,1542,0.0,1.0
h1d,libero_10,8,1543,0.0,1.0
h1d,libero_10,8,1544,0.0625,0.9375
h1d,libero_10,8,1545,0.0,1.0
h1d,libero_10,8,1546,0.03125,0.96875
h1d,libero_10,8,1547,0.0,1.0
h1d,libero_10,8,1548,0.0,1.0
h1d,libero_10,8,1549,0.0,1.0
h1d,libero_10,8,1550,0.0,1.0
h1d,libero_10,8,1551,0.0,1.0
h1d,libero_10,8,1552,0.0,1.0
h1d,libero_10,8,1553,0.0,1.0
h1d,libero_10,8,1554,0.0,1.0
h1d,libero_10,8,1555,0.0,1.0
h1d,libero_10,8,1556,0.0,1.0
h1d,libero_10,8,1557,0.0,1.0
h1d,libero_10,8,1558,0.0,1.0
h1d,libero_10,8,1559,0.0,1.0
h1d,libero_10,9,1560,0.0,1.0
h1d,libero_10,9,1561,0.0,1.0
h1d,libero_10,9,1562,0.0,1.0
h1d,libero_10,9,1563,0.0,1.0
h1d,libero_10,9,1564,0.0,1.0
h1d,libero_10,9,1565,0.0,1.0
h1d,libero_10,9,1566,0.0,1.0
h1d,libero_10,9,1567,0.0,1.0
h1d,libero_10,9,1568,0.0,1.0
h1d,libero_10,9,1569,0.0,1.0
h1d,libero_10,9,1570,0.0,1.0
h1d,libero_10,9,1571,0.0,1.0
h1d,libero_10,9,1572,0.0,1.0
h1d,libero_10,9,1573,0.0,1.0
h1d,libero_10,9,1574,0.125,0.875
h1d,libero_10,9,1575,0.0625,0.9375
h1d,libero_10,9,1576,0.0,1.0
h1d,libero_10,9,1577,0.0,1.0
h1d,libero_10,9,1578,0.0,1.0
h1d,libero_10,9,1579,0.0,1.0
h1d,libero_10,9,1580,0.0,1.0
h1d,libero_10,9,1581,0.03125,0.96875
h1d,libero_10,9,1582,0.125,0.875
h1d,libero_10,9,1583,0.0,1.0
h1d,libero_10,9,1584,0.0,1.0
h1d,libero_10,9,1585,0.0,1.0
h1d,libero_10,9,1586,0.0,1.0
h1d,libero_10,9,1587,0.0625,0.9375
h1d,libero_10,9,1588,0.0,1.0
h1d,libero_10,9,1589,0.0,1.0
h1d,libero_10,9,1590,0.0,1.0
h1d,libero_10,9,1591,0.0,1.0
h1d,libero_10,9,1592,0.03125,0.96875
h1d,libero_10,9,1593,0.0,1.0
h1d,libero_10,9,1594,0.0,1.0
h1d,libero_10,9,1595,0.03125,0.96875
h1d,libero_10,9,1596,0.0,1.0
h1d,libero_10,9,1597,0.0,1.0
h1d,libero_10,9,1598,0.0,1.0
h1d,libero_10,9,1599,0.0,1.0
h1d,libero_goal,0,800,0.0,1.0
h1d,libero_goal,0,801,0.0,1.0
h1d,libero_goal,0,802,0.0,1.0
h1d,libero_goal,0,803,0.0,1.0
h1d,libero_goal,0,804,0.0,1.0
h1d,libero_goal,0,805,0.0,1.0
h1d,libero_goal,0,806,0.0,1.0
h1d,libero_goal,0,807,0.0,1.0
h1d,libero_goal,0,808,0.0,1.0
h1d,libero_goal,0,809,0.0,1.0
h1d,libero_goal,0,810,0.0,1.0
h1d,libero_goal,0,811,0.0,1.0
h1d,libero_goal,0,812,0.0,1.0
h1d,libero_goal,0,813,0.0,1.0
h1d,libero_goal,0,814,0.0,1.0
h1d,libero_goal,0,815,0.0,1.0
h1d,libero_goal,0,816,0.0,1.0
h1d,libero_goal,0,817,0.0,1.0
h1d,libero_goal,0,818,0.0,1.0
h1d,libero_goal,0,819,0.0,1.0
h1d,libero_goal,0,820,0.0,1.0
h1d,libero_goal,0,821,0.0,1.0
h1d,libero_goal,0,822,0.0625,0.9375
h1d,libero_goal,0,823,0.0,1.0
h1d,libero_goal,0,824,0.0,1.0
h1d,libero_goal,0,825,0.0,1.0
h1d,libero_goal,0,826,0.0,1.0
h1d,libero_goal,0,827,0.0,1.0
h1d,libero_goal,0,828,0.0,1.0
h1d,libero_goal,0,829,0.0,1.0
h1d,libero_goal,0,830,0.0,1.0
h1d,libero_goal,0,831,0.0,1.0
h1d,libero_goal,0,832,0.0,1.0
h1d,libero_goal,0,833,0.0,1.0
h1d,libero_goal,0,834,0.0,1.0
h1d,libero_goal,0,835,0.0,1.0
h1d,libero_goal,0,836,0.0,1.0
h1d,libero_goal,0,837,0.0,1.0
h1d,libero_goal,0,838,0.0,1.0
h1d,libero_goal,0,839,0.0,1.0
h1d,libero_goal,1,840,0.0,1.0
h1d,libero_goal,1,841,0.0,1.0
h1d,libero_goal,1,842,0.0,1.0
h1d,libero_goal,1,843,0.0,1.0
h1d,libero_goal,1,844,0.0,1.0
h1d,libero_goal,1,845,0.0,1.0
h1d,libero_goal,1,846,0.0,1.0
h1d,libero_goal,1,847,0.0,1.0
h1d,libero_goal,1,848,0.0,1.0
h1d,libero_goal,1,849,0.0,1.0
h1d,libero_goal,1,850,0.0,1.0
h1d,libero_goal,1,851,0.0,1.0
h1d,libero_goal,1,852,0.0,1.0
h1d,libero_goal,1,853,0.0,1.0
h1d,libero_goal,1,854,0.0,1.0
h1d,libero_goal,1,855,0.0,1.0
h1d,libero_goal,1,856,0.0,1.0
h1d,libero_goal,1,857,0.0,1.0
h1d,libero_goal,1,858,0.0,1.0
h1d,libero_goal,1,859,0.0,1.0
h1d,libero_goal,1,860,0.0,1.0
h1d,libero_goal,1,861,0.0,1.0
h1d,libero_goal,1,862,0.0,1.0
h1d,libero_goal,1,863,0.0,1.0
h1d,libero_goal,1,864,0.0,1.0
h1d,libero_goal,1,865,0.0,1.0
h1d,libero_goal,1,866,0.0,1.0
h1d,libero_goal,1,867,0.0,1.0
h1d,libero_goal,1,868,0.0,1.0
h1d,libero_goal,1,869,0.0,1.0
h1d,libero_goal,1,870,0.0625,0.9375
h1d,libero_goal,1,871,0.0,1.0
h1d,libero_goal,1,872,0.0,1.0
h1d,libero_goal,1,873,0.0,1.0
h1d,libero_goal,1,874,0.0,1.0
h1d,libero_goal,1,875,0.0,1.0
h1d,libero_goal,1,876,0.0,1.0
h1d,libero_goal,1,877,0.0,1.0
h1d,libero_goal,1,878,0.0,1.0
h1d,libero_goal,1,879,0.0,1.0
h1d,libero_goal,2,880,0.0,1.0
h1d,libero_goal,2,881,0.0,1.0
h1d,libero_goal,2,882,0.0,1.0
h1d,libero_goal,2,883,0.0,1.0
h1d,libero_goal,2,884,0.0,1.0
h1d,libero_goal,2,885,0.03125,0.96875
h1d,libero_goal,2,886,0.125,0.875
h1d,libero_goal,2,887,0.03125,0.96875
h1d,libero_goal,2,888,0.09375,0.90625
h1d,libero_goal,2,889,0.0,1.0
h1d,libero_goal,2,890,0.0,1.0
h1d,libero_goal,2,891,0.0,1.0
h1d,libero_goal,2,892,0.0,1.0
h1d,libero_goal,2,893,0.03125,0.96875
h1d,libero_goal,2,894,0.0,1.0
h1d,libero_goal,2,895,0.03125,0.96875
h1d,libero_goal,2,896,0.03125,0.96875
h1d,libero_goal,2,897,0.0,1.0
h1d,libero_goal,2,898,0.0625,0.9375
h1d,libero_goal,2,899,0.0,1.0
h1d,libero_goal,2,900,0.0,1.0
h1d,libero_goal,2,901,0.0,1.0
h1d,libero_goal,2,902,0.0,1.0
h1d,libero_goal,2,903,0.03125,0.96875
h1d,libero_goal,2,904,0.03125,0.96875
h1d,libero_goal,2,905,0.0,1.0
h1d,libero_goal,2,906,0.0,1.0
h1d,libero_goal,2,907,0.0,1.0
h1d,libero_goal,2,908,0.0,1.0
h1d,libero_goal,2,909,0.0,1.0
h1d,libero_goal,2,910,0.0,1.0
h1d,libero_goal,2,911,0.0,1.0
h1d,libero_goal,2,912,0.03125,0.96875
h1d,libero_goal,2,913,0.0,1.0
h1d,libero_goal,2,914,0.0,1.0
h1d,libero_goal,2,915,0.0625,0.9375
h1d,libero_goal,2,916,0.0,1.0
h1d,libero_goal,2,917,0.0,1.0
h1d,libero_goal,2,918,0.0,1.0
h1d,libero_goal,2,919,0.03125,0.96875
h1d,libero_goal,3,920,0.0,1.0
h1d,libero_goal,3,921,0.0,1.0
h1d,libero_goal,3,922,0.0,1.0
h1d,libero_goal,3,923,0.0,1.0
h1d,libero_goal,3,924,0.0,1.0
h1d,libero_goal,3,925,0.0,1.0
h1d,libero_goal,3,926,0.0,1.0
h1d,libero_goal,3,927,0.0,1.0
h1d,libero_goal,3,928,0.0,1.0
h1d,libero_goal,3,929,0.0,1.0
h1d,libero_goal,3,930,0.0,1.0
h1d,libero_goal,3,931,0.0,1.0
h1d,libero_goal,3,932,0.0,1.0
h1d,libero_goal,3,933,0.0,1.0
h1d,libero_goal,3,934,0.0,1.0
h1d,libero_goal,3,935,0.0,1.0
h1d,libero_goal,3,936,0.0,1.0
h1d,libero_goal,3,937,0.0,1.0
h1d,libero_goal,3,938,0.0,1.0
h1d,libero_goal,3,939,0.0,1.0
h1d,libero_goal,3,940,0.0,1.0
h1d,libero_goal,3,941,0.0,1.0
h1d,libero_goal,3,942,0.0,1.0
h1d,libero_goal,3,943,0.0,1.0
h1d,libero_goal,3,944,0.0,1.0
h1d,libero_goal,3,945,0.0,1.0
h1d,libero_goal,3,946,0.0,1.0
h1d,libero_goal,3,947,0.0,1.0
h1d,libero_goal,3,948,0.03125,0.96875
h1d,libero_goal,3,949,0.0,1.0
h1d,libero_goal,3,950,0.0,1.0
h1d,libero_goal,3,951,0.0,1.0
h1d,libero_goal,3,952,0.0,1.0
h1d,libero_goal,3,953,0.0,1.0
h1d,libero_goal,3,954,0.0,1.0
h1d,libero_goal,3,955,0.0,1.0
h1d,libero_goal,3,956,0.0,1.0
h1d,libero_goal,3,957,0.0,1.0
h1d,libero_goal,3,958,0.0,1.0
h1d,libero_goal,3,959,0.0,1.0
h1d,libero_goal,4,960,0.03125,0.96875
h1d,libero_goal,4,961,0.0,1.0
h1d,libero_goal,4,962,0.0,1.0
h1d,libero_goal,4,963,0.0,1.0
h1d,libero_goal,4,964,0.0,1.0
h1d,libero_goal,4,965,0.0,1.0
h1d,libero_goal,4,966,0.0,1.0
h1d,libero_goal,4,967,0.0,1.0
h1d,libero_goal,4,968,0.0,1.0
h1d,libero_goal,4,969,0.0,1.0
h1d,libero_goal,4,970,0.0,1.0
h1d,libero_goal,4,971,0.0,1.0
h1d,libero_goal,4,972,0.0,1.0
h1d,libero_goal,4,973,0.0,1.0
h1d,libero_goal,4,974,0.0,1.0
h1d,libero_goal,4,975,0.0,1.0
h1d,libero_goal,4,976,0.0,1.0
h1d,libero_goal,4,977,0.0,1.0
h1d,libero_goal,4,978,0.0,1.0
h1d,libero_goal,4,979,0.0,1.0
h1d,libero_goal,4,980,0.0,1.0
h1d,libero_goal,4,981,0.0,1.0
h1d,libero_goal,4,982,0.0,1.0
h1d,libero_goal,4,983,0.0,1.0
h1d,libero_goal,4,984,0.0,1.0
h1d,libero_goal,4,985,0.0,1.0
h1d,libero_goal,4,986,0.0,1.0
h1d,libero_goal,4,987,0.0,1.0
h1d,libero_goal,4,988,0.0,1.0
h1d,libero_goal,4,989,0.0,1.0
h1d,libero_goal,4,990,0.0,1.0
h1d,libero_goal,4,991,0.0,1.0
h1d,libero_goal,4,992,0.0,1.0
h1d,libero_goal,4,993,0.0,1.0
h1d,libero_goal,4,994,0.0,1.0
h1d,libero_goal,4,995,0.0,1.0
h1d,libero_goal,4,996,0.0,1.0
h1d,libero_goal,4,997,0.0,1.0
h1d,libero_goal,4,998,0.0,1.0
h1d,libero_goal,4,999,0.0,1.0
h1d,libero_goal,5,1000,0.0,1.0
h1d,libero_goal,5,1001,0.0,1.0
h1d,libero_goal,5,1002,0.0,1.0
h1d,libero_goal,5,1003,0.0,1.0
h1d,libero_goal,5,1004,0.0,1.0
h1d,libero_goal,5,1005,0.0,1.0
h1d,libero_goal,5,1006,0.0,1.0
h1d,libero_goal,5,1007,0.03125,0.96875
h1d,libero_goal,5,1008,0.0,1.0
h1d,libero_goal,5,1009,0.0,1.0
h1d,libero_goal,5,1010,0.0,1.0
h1d,libero_goal,5,1011,0.0,1.0
h1d,libero_goal,5,1012,0.0,1.0
h1d,libero_goal,5,1013,0.0,1.0
h1d,libero_goal,5,1014,0.0,1.0
h1d,libero_goal,5,1015,0.0,1.0
h1d,libero_goal,5,1016,0.0,1.0
h1d,libero_goal,5,1017,0.0,1.0
h1d,libero_goal,5,1018,0.0,1.0
h1d,libero_goal,5,1019,0.0,1.0
h1d,libero_goal,5,1020,0.0,1.0
h1d,libero_goal,5,1021,0.0,1.0
h1d,libero_goal,5,1022,0.0,1.0
h1d,libero_goal,5,1023,0.0,1.0
h1d,libero_goal,5,1024,0.0,1.0
h1d,libero_goal,5,1025,0.0,1.0
h1d,libero_goal,5,1026,0.0,1.0
h1d,libero_goal,5,1027,0.0,1.0
h1d,libero_goal,5,1028,0.0,1.0
h1d,libero_goal,5,1029,0.0,1.0
h1d,libero_goal,5,1030,0.0,1.0
h1d,libero_goal,5,1031,0.0,1.0
h1d,libero_goal,5,1032,0.0,1.0
h1d,libero_goal,5,1033,0.0,1.0
h1d,libero_goal,5,1034,0.0,1.0
h1d,libero_goal,5,1035,0.0,1.0
h1d,libero_goal,5,1036,0.0,1.0
h1d,libero_goal,5,1037,0.0,1.0
h1d,libero_goal,5,1038,0.0,1.0
h1d,libero_goal,5,1039,0.0,1.0
h1d,libero_goal,6,1040,0.0,1.0
h1d,libero_goal,6,1041,0.0,1.0
h1d,libero_goal,6,1042,0.0,1.0
h1d,libero_goal,6,1043,0.0,1.0
h1d,libero_goal,6,1044,0.0,1.0
h1d,libero_goal,6,1045,0.0,1.0
h1d,libero_goal,6,1046,0.0625,0.9375
h1d,libero_goal,6,1047,0.0,1.0
h1d,libero_goal,6,1048,0.0,1.0
h1d,libero_goal,6,1049,0.0,1.0
h1d,libero_goal,6,1050,0.0,1.0
h1d,libero_goal,6,1051,0.0,1.0
h1d,libero_goal,6,1052,0.0,1.0
h1d,libero_goal,6,1053,0.0,1.0
h1d,libero_goal,6,1054,0.0,1.0
h1d,libero_goal,6,1055,0.0,1.0
h1d,libero_goal,6,1056,0.0,1.0
h1d,libero_goal,6,1057,0.0,1.0
h1d,libero_goal,6,1058,0.0,1.0
h1d,libero_goal,6,1059,0.0,1.0
h1d,libero_goal,6,1060,0.0,1.0
h1d,libero_goal,6,1061,0.0,1.0
h1d,libero_goal,6,1062,0.0,1.0
h1d,libero_goal,6,1063,0.0,1.0
h1d,libero_goal,6,1064,0.0,1.0
h1d,libero_goal,6,1065,0.15625,0.84375
h1d,libero_goal,6,1066,0.0,1.0
h1d,libero_goal,6,1067,0.0,1.0
h1d,libero_goal,6,1068,0.0,1.0
h1d,libero_goal,6,1069,0.0,1.0
h1d,libero_goal,6,1070,0.0,1.0
h1d,libero_goal,6,1071,0.0,1.0
h1d,libero_goal,6,1072,0.0,1.0
h1d,libero_goal,6,1073,0.0,1.0
h1d,libero_goal,6,1074,0.0,1.0
h1d,libero_goal,6,1075,0.09375,0.90625
h1d,libero_goal,6,1076,0.0,1.0
h1d,libero_goal,6,1077,0.0,1.0
h1d,libero_goal,6,1078,0.0,1.0
h1d,libero_goal,6,1079,0.0,1.0
h1d,libero_goal,7,1080,0.0,1.0
h1d,libero_goal,7,1081,0.0,1.0
h1d,libero_goal,7,1082,0.0,1.0
h1d,libero_goal,7,1083,0.03125,0.96875
h1d,libero_goal,7,1084,0.0,1.0
h1d,libero_goal,7,1085,0.0,1.0
h1d,libero_goal,7,1086,0.0,1.0
h1d,libero_goal,7,1087,0.0,1.0
h1d,libero_goal,7,1088,0.0,1.0
h1d,libero_goal,7,1089,0.0,1.0
h1d,libero_goal,7,1090,0.0,1.0
h1d,libero_goal,7,1091,0.0,1.0
h1d,libero_goal,7,1092,0.0,1.0
h1d,libero_goal,7,1093,0.0,1.0
h1d,libero_goal,7,1094,0.0,1.0
h1d,libero_goal,7,1095,0.0,1.0
h1d,libero_goal,7,1096,0.0,1.0
h1d,libero_goal,7,1097,0.0,1.0
h1d,libero_goal,7,1098,0.0,1.0
h1d,libero_goal,7,1099,0.0,1.0
h1d,libero_goal,7,1100,0.0,1.0
h1d,libero_goal,7,1101,0.0,1.0
h1d,libero_goal,7,1102,0.0,1.0
h1d,libero_goal,7,1103,0.0,1.0
h1d,libero_goal,7,1104,0.0,1.0
h1d,libero_goal,7,1105,0.0,1.0
h1d,libero_goal,7,1106,0.0,1.0
h1d,libero_goal,7,1107,0.0,1.0
h1d,libero_goal,7,1108,0.0,1.0
h1d,libero_goal,7,1109,0.0,1.0
h1d,libero_goal,7,1110,0.0,1.0
h1d,libero_goal,7,1111,0.0,1.0
h1d,libero_goal,7,1112,0.0,1.0
h1d,libero_goal,7,1113,0.0,1.0
h1d,libero_goal,7,1114,0.0,1.0
h1d,libero_goal,7,1115,0.0,1.0
h1d,libero_goal,7,1116,0.0,1.0
h1d,libero_goal,7,1117,0.0,1.0
h1d,libero_goal,7,1118,0.0,1.0
h1d,libero_goal,7,1119,0.0,1.0
h1d,libero_goal,8,1120,0.0,1.0
h1d,libero_goal,8,1121,0.0,1.0
h1d,libero_goal,8,1122,0.0,1.0
h1d,libero_goal,8,1123,0.0,1.0
h1d,libero_goal,8,1124,0.0,1.0
h1d,libero_goal,8,1125,0.03125,0.96875
h1d,libero_goal,8,1126,0.0,1.0
h1d,libero_goal,8,1127,0.0,1.0
h1d,libero_goal,8,1128,0.0,1.0
h1d,libero_goal,8,1129,0.0,1.0
h1d,libero_goal,8,1130,0.0,1.0
h1d,libero_goal,8,1131,0.09375,0.90625
h1d,libero_goal,8,1132,0.0,1.0
h1d,libero_goal,8,1133,0.0,1.0
h1d,libero_goal,8,1134,0.0,1.0
h1d,libero_goal,8,1135,0.0,1.0
h1d,libero_goal,8,1136,0.0,1.0
h1d,libero_goal,8,1137,0.0,1.0
h1d,libero_goal,8,1138,0.0,1.0
h1d,libero_goal,8,1139,0.0,1.0
h1d,libero_goal,8,1140,0.0,1.0
h1d,libero_goal,8,1141,0.0,1.0
h1d,libero_goal,8,1142,0.15625,0.84375
h1d,libero_goal,8,1143,0.0,1.0
h1d,libero_goal,8,1144,0.0,1.0
h1d,libero_goal,8,1145,0.0,1.0
h1d,libero_goal,8,1146,0.03125,0.96875
h1d,libero_goal,8,1147,0.0,1.0
h1d,libero_goal,8,1148,0.0,1.0
h1d,libero_goal,8,1149,0.0,1.0
h1d,libero_goal,8,1150,0.0,1.0
h1d,libero_goal,8,1151,0.0,1.0
h1d,libero_goal,8,1152,0.0,1.0
h1d,libero_goal,8,1153,0.0,1.0
h1d,libero_goal,8,1154,0.0,1.0
h1d,libero_goal,8,1155,0.0,1.0
h1d,libero_goal,8,1156,0.0,1.0
h1d,libero_goal,8,1157,0.0,1.0
h1d,libero_goal,8,1158,0.03125,0.96875
h1d,libero_goal,8,1159,0.03125,0.96875
h1d,libero_goal,9,1160,0.0,1.0
h1d,libero_goal,9,1161,0.0,1.0
h1d,libero_goal,9,1162,0.0,1.0
h1d,libero_goal,9,1163,0.0,1.0
h1d,libero_goal,9,1164,0.0,1.0
h1d,libero_goal,9,1165,0.0,1.0
h1d,libero_goal,9,1166,0.0,1.0
h1d,libero_goal,9,1167,0.0,1.0
h1d,libero_goal,9,1168,0.0,1.0
h1d,libero_goal,9,1169,0.0,1.0
h1d,libero_goal,9,1170,0.0,1.0
h1d,libero_goal,9,1171,0.0,1.0
h1d,libero_goal,9,1172,0.0,1.0
h1d,libero_goal,9,1173,0.0,1.0
h1d,libero_goal,9,1174,0.0,1.0
h1d,libero_goal,9,1175,0.03125,0.96875
h1d,libero_goal,9,1176,0.0,1.0
h1d,libero_goal,9,1177,0.0,1.0
h1d,libero_goal,9,1178,0.0,1.0
h1d,libero_goal,9,1179,0.0,1.0
h1d,libero_goal,9,1180,0.0,1.0
h1d,libero_goal,9,1181,0.0,1.0
h1d,libero_goal,9,1182,0.0,1.0
h1d,libero_goal,9,1183,0.03125,0.96875
h1d,libero_goal,9,1184,0.0,1.0
h1d,libero_goal,9,1185,0.0,1.0
h1d,libero_goal,9,1186,0.0,1.0
h1d,libero_goal,9,1187,0.0,1.0
h1d,libero_goal,9,1188,0.0,1.0
h1d,libero_goal,9,1189,0.0625,0.9375
h1d,libero_goal,9,1190,0.0,1.0
h1d,libero_goal,9,1191,0.0,1.0
h1d,libero_goal,9,1192,0.0,1.0
h1d,libero_goal,9,1193,0.0,1.0
h1d,libero_goal,9,1194,0.0,1.0
h1d,libero_goal,9,1195,0.0,1.0
h1d,libero_goal,9,1196,0.0,1.0
h1d,libero_goal,9,1197,0.03125,0.96875
h1d,libero_goal,9,1198,0.0,1.0
h1d,libero_goal,9,1199,0.0,1.0
h1d,libero_object,0,400,0.0,1.0
h1d,libero_object,0,401,0.0,1.0
h1d,libero_object,0,402,0.0,1.0
h1d,libero_object,0,403,0.0,1.0
h1d,libero_object,0,404,0.0,1.0
h1d,libero_object,0,405,0.0,1.0
h1d,libero_object,0,406,0.0,1.0
h1d,libero_object,0,407,0.0,1.0
h1d,libero_object,0,408,0.0,1.0
h1d,libero_object,0,409,0.0,1.0
h1d,libero_object,0,410,0.03125,0.96875
h1d,libero_object,0,411,0.0,1.0
h1d,libero_object,0,412,0.0,1.0
h1d,libero_object,0,413,0.0,1.0
h1d,libero_object,0,414,0.0,1.0
h1d,libero_object,0,415,0.0,1.0
h1d,libero_object,0,416,0.0,1.0
h1d,libero_object,0,417,0.0,1.0
h1d,libero_object,0,418,0.0,1.0
h1d,libero_object,0,419,0.0,1.0
h1d,libero_object,0,420,0.0,1.0
h1d,libero_object,0,421,0.0,1.0
h1d,libero_object,0,422,0.0,1.0
h1d,libero_object,0,423,0.0,1.0
h1d,libero_object,0,424,0.0,1.0
h1d,libero_object,0,425,0.0,1.0
h1d,libero_object,0,426,0.0,1.0
h1d,libero_object,0,427,0.0,1.0
h1d,libero_object,0,428,0.0,1.0
h1d,libero_object,0,429,0.0,1.0
h1d,libero_object,0,430,0.0,1.0
h1d,libero_object,0,431,0.0,1.0
h1d,libero_object,0,432,0.0,1.0
h1d,libero_object,0,433,0.0,1.0
h1d,libero_object,0,434,0.0,1.0
h1d,libero_object,0,435,0.0,1.0
h1d,libero_object,0,436,0.0,1.0
h1d,libero_object,0,437,0.0,1.0
h1d,libero_object,0,438,0.0,1.0
h1d,libero_object,0,439,0.0,1.0
h1d,libero_object,1,440,0.0,1.0
h1d,libero_object,1,441,0.0,1.0
h1d,libero_object,1,442,0.0,1.0
h1d,libero_object,1,443,0.0,1.0
h1d,libero_object,1,444,0.0,1.0
h1d,libero_object,1,445,0.0,1.0
h1d,libero_object,1,446,0.0,1.0
h1d,libero_object,1,447,0.0,1.0
h1d,libero_object,1,448,0.0,1.0
h1d,libero_object,1,449,0.0,1.0
h1d,libero_object,1,450,0.0,1.0
h1d,libero_object,1,451,0.0,1.0
h1d,libero_object,1,452,0.0,1.0
h1d,libero_object,1,453,0.0,1.0
h1d,libero_object,1,454,0.0,1.0
h1d,libero_object,1,455,0.0,1.0
h1d,libero_object,1,456,0.0,1.0
h1d,libero_object,1,457,0.0,1.0
h1d,libero_object,1,458,0.0,1.0
h1d,libero_object,1,459,0.0,1.0
h1d,libero_object,1,460,0.0,1.0
h1d,libero_object,1,461,0.0,1.0
h1d,libero_object,1,462,0.0,1.0
h1d,libero_object,1,463,0.0,1.0
h1d,libero_object,1,464,0.0,1.0
h1d,libero_object,1,465,0.0,1.0
h1d,libero_object,1,466,0.0,1.0
h1d,libero_object,1,467,0.0,1.0
h1d,libero_object,1,468,0.0,1.0
h1d,libero_object,1,469,0.03125,0.96875
h1d,libero_object,1,470,0.0,1.0
h1d,libero_object,1,471,0.0,1.0
h1d,libero_object,1,472,0.0,1.0
h1d,libero_object,1,473,0.0,1.0
h1d,libero_object,1,474,0.0,1.0
h1d,libero_object,1,475,0.0,1.0
h1d,libero_object,1,476,0.0,1.0
h1d,libero_object,1,477,0.0,1.0
h1d,libero_object,1,478,0.0,1.0
h1d,libero_object,1,479,0.0,1.0
h1d,libero_object,2,480,0.0,1.0
h1d,libero_object,2,481,0.0,1.0
h1d,libero_object,2,482,0.0,1.0
h1d,libero_object,2,483,0.0,1.0
h1d,libero_object,2,484,0.0,1.0
h1d,libero_object,2,485,0.0,1.0
h1d,libero_object,2,486,0.0,1.0
h1d,libero_object,2,487,0.0,1.0
h1d,libero_object,2,488,0.0,1.0
h1d,libero_object,2,489,0.0,1.0
h1d,libero_object,2,490,0.0,1.0
h1d,libero_object,2,491,0.0,1.0
h1d,libero_object,2,492,0.0,1.0
h1d,libero_object,2,493,0.0,1.0
h1d,libero_object,2,494,0.0,1.0
h1d,libero_object,2,495,0.0,1.0
h1d,libero_object,2,496,0.0,1.0
h1d,libero_object,2,497,0.0,1.0
h1d,libero_object,2,498,0.0,1.0
h1d,libero_object,2,499,0.0,1.0
h1d,libero_object,2,500,0.0,1.0
h1d,libero_object,2,501,0.0,1.0
h1d,libero_object,2,502,0.0,1.0
h1d,libero_object,2,503,0.0,1.0
h1d,libero_object,2,504,0.0,1.0
h1d,libero_object,2,505,0.0,1.0
h1d,libero_object,2,506,0.0,1.0
h1d,libero_object,2,507,0.0,1.0
h1d,libero_object,2,508,0.0,1.0
h1d,libero_object,2,509,0.0,1.0
h1d,libero_object,2,510,0.0,1.0
h1d,libero_object,2,511,0.0,1.0
h1d,libero_object,2,512,0.0,1.0
h1d,libero_object,2,513,0.0,1.0
h1d,libero_object,2,514,0.0,1.0
h1d,libero_object,2,515,0.0,1.0
h1d,libero_object,2,516,0.0,1.0
h1d,libero_object,2,517,0.0,1.0
h1d,libero_object,2,518,0.0,1.0
h1d,libero_object,2,519,0.0,1.0
h1d,libero_object,3,520,0.0,1.0
h1d,libero_object,3,521,0.0,1.0
h1d,libero_object,3,522,0.0,1.0
h1d,libero_object,3,523,0.0,1.0
h1d,libero_object,3,524,0.0,1.0
h1d,libero_object,3,525,0.0,1.0
h1d,libero_object,3,526,0.0,1.0
h1d,libero_object,3,527,0.0,1.0
h1d,libero_object,3,528,0.0,1.0
h1d,libero_object,3,529,0.0,1.0
h1d,libero_object,3,530,0.0,1.0
h1d,libero_object,3,531,0.0,1.0
h1d,libero_object,3,532,0.0,1.0
h1d,libero_object,3,533,0.0,1.0
h1d,libero_object,3,534,0.03125,0.96875
h1d,libero_object,3,535,0.0,1.0
h1d,libero_object,3,536,0.0,1.0
h1d,libero_object,3,537,0.0,1.0
h1d,libero_object,3,538,0.0,1.0
h1d,libero_object,3,539,0.0,1.0
h1d,libero_object,3,540,0.0,1.0
h1d,libero_object,3,541,0.0,1.0
h1d,libero_object,3,542,0.0,1.0
h1d,libero_object,3,543,0.0,1.0
h1d,libero_object,3,544,0.0,1.0
h1d,libero_object,3,545,0.0,1.0
h1d,libero_object,3,546,0.0,1.0
h1d,libero_object,3,547,0.0,1.0
h1d,libero_object,3,548,0.0,1.0
h1d,libero_object,3,549,0.0,1.0
h1d,libero_object,3,550,0.0,1.0
h1d,libero_object,3,551,0.0,1.0
h1d,libero_object,3,552,0.0,1.0
h1d,libero_object,3,553,0.0,1.0
h1d,libero_object,3,554,0.0,1.0
h1d,libero_object,3,555,0.0,1.0
h1d,libero_object,3,556,0.0,1.0
h1d,libero_object,3,557,0.0,1.0
h1d,libero_object,3,558,0.0,1.0
h1d,libero_object,3,559,0.0,1.0
h1d,libero_object,4,560,0.0,1.0
h1d,libero_object,4,561,0.0,1.0
h1d,libero_object,4,562,0.0,1.0
h1d,libero_object,4,563,0.0,1.0
h1d,libero_object,4,564,0.0,1.0
h1d,libero_object,4,565,0.0,1.0
h1d,libero_object,4,566,0.0,1.0
h1d,libero_object,4,567,0.0,1.0
h1d,libero_object,4,568,0.0,1.0
h1d,libero_object,4,569,0.0,1.0
h1d,libero_object,4,570,0.0,1.0
h1d,libero_object,4,571,0.0,1.0
h1d,libero_object,4,572,0.0,1.0
h1d,libero_object,4,573,0.0,1.0
h1d,libero_object,4,574,0.0,1.0
h1d,libero_object,4,575,0.0,1.0
h1d,libero_object,4,576,0.0,1.0
h1d,libero_object,4,577,0.0,1.0
h1d,libero_object,4,578,0.0,1.0
h1d,libero_object,4,579,0.0,1.0
h1d,libero_object,4,580,0.0,1.0
h1d,libero_object,4,581,0.0,1.0
h1d,libero_object,4,582,0.0,1.0
h1d,libero_object,4,583,0.0,1.0
h1d,libero_object,4,584,0.0,1.0
h1d,libero_object,4,585,0.0,1.0
h1d,libero_object,4,586,0.0,1.0
h1d,libero_object,4,587,0.0,1.0
h1d,libero_object,4,588,0.0,1.0
h1d,libero_object,4,589,0.0,1.0
h1d,libero_object,4,590,0.0,1.0
h1d,libero_object,4,591,0.0,1.0
h1d,libero_object,4,592,0.0,1.0
h1d,libero_object,4,593,0.0,1.0
h1d,libero_object,4,594,0.0,1.0
h1d,libero_object,4,595,0.0,1.0
h1d,libero_object,4,596,0.0,1.0
h1d,libero_object,4,597,0.0,1.0
h1d,libero_object,4,598,0.0,1.0
h1d,libero_object,4,599,0.0,1.0
h1d,libero_object,5,600,0.0,1.0
h1d,libero_object,5,601,0.0,1.0
h1d,libero_object,5,602,0.0,1.0
h1d,libero_object,5,603,0.0,1.0
h1d,libero_object,5,604,0.0,1.0
h1d,libero_object,5,605,0.0,1.0
h1d,libero_object,5,606,0.0,1.0
h1d,libero_object,5,607,0.0,1.0
h1d,libero_object,5,608,0.0,1.0
h1d,libero_object,5,609,0.0,1.0
h1d,libero_object,5,610,0.0,1.0
h1d,libero_object,5,611,0.0,1.0
h1d,libero_object,5,612,0.0,1.0
h1d,libero_object,5,613,0.0,1.0
h1d,libero_object,5,614,0.0,1.0
h1d,libero_object,5,615,0.0,1.0
h1d,libero_object,5,616,0.0,1.0
h1d,libero_object,5,617,0.0,1.0
h1d,libero_object,5,618,0.0,1.0
h1d,libero_object,5,619,0.0,1.0
h1d,libero_object,5,620,0.0,1.0
h1d,libero_object,5,621,0.0,1.0
h1d,libero_object,5,622,0.0,1.0
h1d,libero_object,5,623,0.0,1.0
h1d,libero_object,5,624,0.0,1.0
h1d,libero_object,5,625,0.0,1.0
h1d,libero_object,5,626,0.0,1.0
h1d,libero_object,5,627,0.0,1.0
h1d,libero_object,5,628,0.0,1.0
h1d,libero_object,5,629,0.0,1.0
h1d,libero_object,5,630,0.0,1.0
h1d,libero_object,5,631,0.0,1.0
h1d,libero_object,5,632,0.0,1.0
h1d,libero_object,5,633,0.0,1.0
h1d,libero_object,5,634,0.0,1.0
h1d,libero_object,5,635,0.0,1.0
h1d,libero_object,5,636,0.0,1.0
h1d,libero_object,5,637,0.09375,0.90625
h1d,libero_object,5,638,0.0,1.0
h1d,libero_object,5,639,0.0,1.0
h1d,libero_object,6,640,0.0,1.0
h1d,libero_object,6,641,0.0,1.0
h1d,libero_object,6,642,0.0,1.0
h1d,libero_object,6,643,0.0,1.0
h1d,libero_object,6,644,0.0,1.0
h1d,libero_object,6,645,0.0,1.0
h1d,libero_object,6,646,0.0,1.0
h1d,libero_object,6,647,0.0,1.0
h1d,libero_object,6,648,0.0,1.0
h1d,libero_object,6,649,0.0,1.0
h1d,libero_object,6,650,0.0,1.0
h1d,libero_object,6,651,0.0,1.0
h1d,libero_object,6,652,0.0,1.0
h1d,libero_object,6,653,0.0,1.0
h1d,libero_object,6,654,0.0,1.0
h1d,libero_object,6,655,0.0,1.0
h1d,libero_object,6,656,0.0,1.0
h1d,libero_object,6,657,0.0,1.0
h1d,libero_object,6,658,0.0,1.0
h1d,libero_object,6,659,0.0,1.0
h1d,libero_object,6,660,0.0,1.0
h1d,libero_object,6,661,0.03125,0.96875
h1d,libero_object,6,662,0.0,1.0
h1d,libero_object,6,663,0.0,1.0
h1d,libero_object,6,664,0.03125,0.96875
h1d,libero_object,6,665,0.0,1.0
h1d,libero_object,6,666,0.0,1.0
h1d,libero_object,6,667,0.0,1.0
h1d,libero_object,6,668,0.0,1.0
h1d,libero_object,6,669,0.0,1.0
h1d,libero_object,6,670,0.0,1.0
h1d,libero_object,6,671,0.0,1.0
h1d,libero_object,6,672,0.0,1.0
h1d,libero_object,6,673,0.0,1.0
h1d,libero_object,6,674,0.0,1.0
h1d,libero_object,6,675,0.0,1.0
h1d,libero_object,6,676,0.0,1.0
h1d,libero_object,6,677,0.0,1.0
h1d,libero_object,6,678,0.0,1.0
h1d,libero_object,6,679,0.0,1.0
h1d,libero_object,7,680,0.0,1.0
h1d,libero_object,7,681,0.0,1.0
h1d,libero_object,7,682,0.0,1.0
h1d,libero_object,7,683,0.0,1.0
h1d,libero_object,7,684,0.0,1.0
h1d,libero_object,7,685,0.0,1.0
h1d,libero_object,7,686,0.0,1.0
h1d,libero_object,7,687,0.0,1.0
h1d,libero_object,7,688,0.0,1.0
h1d,libero_object,7,689,0.0,1.0
h1d,libero_object,7,690,0.0,1.0
h1d,libero_object,7,691,0.0,1.0
h1d,libero_object,7,692,0.0,1.0
h1d,libero_object,7,693,0.0,1.0
h1d,libero_object,7,694,0.0,1.0
h1d,libero_object,7,695,0.0,1.0
h1d,libero_object,7,696,0.0625,0.9375
h1d,libero_object,7,697,0.0,1.0
h1d,libero_object,7,698,0.0,1.0
h1d,libero_object,7,699,0.0,1.0
h1d,libero_object,7,700,0.03125,0.96875
h1d,libero_object,7,701,0.0,1.0
h1d,libero_object,7,702,0.0,1.0
h1d,libero_object,7,703,0.0,1.0
h1d,libero_object,7,704,0.0,1.0
h1d,libero_object,7,705,0.0,1.0
h1d,libero_object,7,706,0.0,1.0
h1d,libero_object,7,707,0.0,1.0
h1d,libero_object,7,708,0.0,1.0
h1d,libero_object,7,709,0.0,1.0
h1d,libero_object,7,710,0.0,1.0
h1d,libero_object,7,711,0.0,1.0
h1d,libero_object,7,712,0.0,1.0
h1d,libero_object,7,713,0.0,1.0
h1d,libero_object,7,714,0.0,1.0
h1d,libero_object,7,715,0.0,1.0
h1d,libero_object,7,716,0.0,1.0
h1d,libero_object,7,717,0.0,1.0
h1d,libero_object,7,718,0.0,1.0
h1d,libero_object,7,719,0.0,1.0
h1d,libero_object,8,720,0.0,1.0
h1d,libero_object,8,721,0.0,1.0
h1d,libero_object,8,722,0.0,1.0
h1d,libero_object,8,723,0.0,1.0
h1d,libero_object,8,724,0.0,1.0
h1d,libero_object,8,725,0.0,1.0
h1d,libero_object,8,726,0.0,1.0
h1d,libero_object,8,727,0.0,1.0
h1d,libero_object,8,728,0.0,1.0
h1d,libero_object,8,729,0.0,1.0
h1d,libero_object,8,730,0.0,1.0
h1d,libero_object,8,731,0.0,1.0
h1d,libero_object,8,732,0.0,1.0
h1d,libero_object,8,733,0.0,1.0
h1d,libero_object,8,734,0.0,1.0
h1d,libero_object,8,735,0.0,1.0
h1d,libero_object,8,736,0.0,1.0
h1d,libero_object,8,737,0.0,1.0
h1d,libero_object,8,738,0.0,1.0
h1d,libero_object,8,739,0.09375,0.90625
h1d,libero_object,8,740,0.0,1.0
h1d,libero_object,8,741,0.0,1.0
h1d,libero_object,8,742,0.0,1.0
h1d,libero_object,8,743,0.0,1.0
h1d,libero_object,8,744,0.0,1.0
h1d,libero_object,8,745,0.0,1.0
h1d,libero_object,8,746,0.0,1.0
h1d,libero_object,8,747,0.03125,0.96875
h1d,libero_object,8,748,0.0,1.0
h1d,libero_object,8,749,0.0,1.0
h1d,libero_object,8,750,0.0,1.0
h1d,libero_object,8,751,0.0,1.0
h1d,libero_object,8,752,0.0,1.0
h1d,libero_object,8,753,0.0,1.0
h1d,libero_object,8,754,0.0,1.0
h1d,libero_object,8,755,0.0,1.0
h1d,libero_object,8,756,0.0,1.0
h1d,libero_object,8,757,0.0,1.0
h1d,libero_object,8,758,0.0,1.0
h1d,libero_object,8,759,0.0,1.0
h1d,libero_object,9,760,0.0,1.0
h1d,libero_object,9,761,0.0,1.0
h1d,libero_object,9,762,0.0,1.0
h1d,libero_object,9,763,0.0,1.0
h1d,libero_object,9,764,0.0,1.0
h1d,libero_object,9,765,0.0,1.0
h1d,libero_object,9,766,0.0,1.0
h1d,libero_object,9,767,0.0,1.0
h1d,libero_object,9,768,0.0,1.0
h1d,libero_object,9,769,0.0,1.0
h1d,libero_object,9,770,0.0,1.0
h1d,libero_object,9,771,0.0,1.0
h1d,libero_object,9,772,0.0,1.0
h1d,libero_object,9,773,0.0,1.0
h1d,libero_object,9,774,0.0,1.0
h1d,libero_object,9,775,0.0,1.0
h1d,libero_object,9,776,0.0,1.0
h1d,libero_object,9,777,0.0,1.0
h1d,libero_object,9,778,0.0,1.0
h1d,libero_object,9,779,0.0,1.0
h1d,libero_object,9,780,0.0,1.0
h1d,libero_object,9,781,0.0,1.0
h1d,libero_object,9,782,0.0,1.0
h1d,libero_object,9,783,0.0,1.0
h1d,libero_object,9,784,0.0,1.0
h1d,libero_object,9,785,0.0,1.0
h1d,libero_object,9,786,0.0,1.0
h1d,libero_object,9,787,0.0,1.0
h1d,libero_object,9,788,0.0,1.0
h1d,libero_object,9,789,0.0,1.0
h1d,libero_object,9,790,0.0,1.0
h1d,libero_object,9,791,0.0,1.0
h1d,libero_object,9,792,0.0,1.0
h1d,libero_object,9,793,0.0,1.0
h1d,libero_object,9,794,0.0,1.0
h1d,libero_object,9,795,0.0,1.0
h1d,libero_object,9,796,0.0,1.0
h1d,libero_object,9,797,0.0,1.0
h1d,libero_object,9,798,0.0,1.0
h1d,libero_object,9,799,0.0,1.0
h1d,libero_spatial,0,0,0.0,1.0
h1d,libero_spatial,0,1,0.0,1.0
h1d,libero_spatial,0,2,0.0,1.0
h1d,libero_spatial,0,3,0.0625,0.9375
h1d,libero_spatial,0,4,0.0,1.0
h1d,libero_spatial,0,5,0.0,1.0
h1d,libero_spatial,0,6,0.0,1.0
h1d,libero_spatial,0,7,0.0,1.0
h1d,libero_spatial,0,8,0.0,1.0
h1d,libero_spatial,0,9,0.0,1.0
h1d,libero_spatial,0,10,0.0,1.0
h1d,libero_spatial,0,11,0.0,1.0
h1d,libero_spatial,0,12,0.0,1.0
h1d,libero_spatial,0,13,0.0,1.0
h1d,libero_spatial,0,14,0.0,1.0
h1d,libero_spatial,0,15,0.0,1.0
h1d,libero_spatial,0,16,0.0,1.0
h1d,libero_spatial,0,17,0.0,1.0
h1d,libero_spatial,0,18,0.0,1.0
h1d,libero_spatial,0,19,0.0,1.0
h1d,libero_spatial,0,20,0.0,1.0
h1d,libero_spatial,0,21,0.0,1.0
h1d,libero_spatial,0,22,0.0,1.0
h1d,libero_spatial,0,23,0.0,1.0
h1d,libero_spatial,0,24,0.0,1.0
h1d,libero_spatial,0,25,0.0,1.0
h1d,libero_spatial,0,26,0.0,1.0
h1d,libero_spatial,0,27,0.0,1.0
h1d,libero_spatial,0,28,0.0,1.0
h1d,libero_spatial,0,29,0.0,1.0
h1d,libero_spatial,0,30,0.0,1.0
h1d,libero_spatial,0,31,0.0,1.0
h1d,libero_spatial,0,32,0.0,1.0
h1d,libero_spatial,0,33,0.0,1.0
h1d,libero_spatial,0,34,0.0,1.0
h1d,libero_spatial,0,35,0.0,1.0
h1d,libero_spatial,0,36,0.0,1.0
h1d,libero_spatial,0,37,0.0,1.0
h1d,libero_spatial,0,38,0.0,1.0
h1d,libero_spatial,0,39,0.0,1.0
h1d,libero_spatial,1,40,0.0,1.0
h1d,libero_spatial,1,41,0.0,1.0
h1d,libero_spatial,1,42,0.09375,0.90625
h1d,libero_spatial,1,43,0.0,1.0
h1d,libero_spatial,1,44,0.0,1.0
h1d,libero_spatial,1,45,0.0,1.0
h1d,libero_spatial,1,46,0.0,1.0
h1d,libero_spatial,1,47,0.0,1.0
h1d,libero_spatial,1,48,0.0,1.0
h1d,libero_spatial,1,49,0.0,1.0
h1d,libero_spatial,1,50,0.0,1.0
h1d,libero_spatial,1,51,0.0,1.0
h1d,libero_spatial,1,52,0.0,1.0
h1d,libero_spatial,1,53,0.0,1.0
h1d,libero_spatial,1,54,0.0,1.0
h1d,libero_spatial,1,55,0.0,1.0
h1d,libero_spatial,1,56,0.0,1.0
h1d,libero_spatial,1,57,0.0,1.0
h1d,libero_spatial,1,58,0.0,1.0
h1d,libero_spatial,1,59,0.0,1.0
h1d,libero_spatial,1,60,0.0,1.0
h1d,libero_spatial,1,61,0.0,1.0
h1d,libero_spatial,1,62,0.0,1.0
h1d,libero_spatial,1,63,0.0,1.0
h1d,libero_spatial,1,64,0.0,1.0
h1d,libero_spatial,1,65,0.0,1.0
h1d,libero_spatial,1,66,0.0,1.0
h1d,libero_spatial,1,67,0.0,1.0
h1d,libero_spatial,1,68,0.0,1.0
h1d,libero_spatial,1,69,0.0,1.0
h1d,libero_spatial,1,70,0.0,1.0
h1d,libero_spatial,1,71,0.0,1.0
h1d,libero_spatial,1,72,0.0,1.0
h1d,libero_spatial,1,73,0.0,1.0
h1d,libero_spatial,1,74,0.0,1.0
h1d,libero_spatial,1,75,0.0,1.0
h1d,libero_spatial,1,76,0.0,1.0
h1d,libero_spatial,1,77,0.0,1.0
h1d,libero_spatial,1,78,0.0,1.0
h1d,libero_spatial,1,79,0.0,1.0
h1d,libero_spatial,2,80,0.125,0.875
h1d,libero_spatial,2,81,0.0,1.0
h1d,libero_spatial,2,82,0.0,1.0
h1d,libero_spatial,2,83,0.0,1.0
h1d,libero_spatial,2,84,0.0,1.0
h1d,libero_spatial,2,85,0.0,1.0
h1d,libero_spatial,2,86,0.0,1.0
h1d,libero_spatial,2,87,0.0625,0.9375
h1d,libero_spatial,2,88,0.0,1.0
h1d,libero_spatial,2,89,0.0,1.0
h1d,libero_spatial,2,90,0.0,1.0
h1d,libero_spatial,2,91,0.0,1.0
h1d,libero_spatial,2,92,0.0,1.0
h1d,libero_spatial,2,93,0.0,1.0
h1d,libero_spatial,2,94,0.0,1.0
h1d,libero_spatial,2,95,0.0,1.0
h1d,libero_spatial,2,96,0.0,1.0
h1d,libero_spatial,2,97,0.0625,0.9375
h1d,libero_spatial,2,98,0.0,1.0
h1d,libero_spatial,2,99,0.0,1.0
h1d,libero_spatial,2,100,0.03125,0.96875
h1d,libero_spatial,2,101,0.09375,0.90625
h1d,libero_spatial,2,102,0.0,1.0
h1d,libero_spatial,2,103,0.0,1.0
h1d,libero_spatial,2,104,0.0,1.0
h1d,libero_spatial,2,105,0.0,1.0
h1d,libero_spatial,2,106,0.0,1.0
h1d,libero_spatial,2,107,0.0,1.0
h1d,libero_spatial,2,108,0.0,1.0
h1d,libero_spatial,2,109,0.0,1.0
h1d,libero_spatial,2,110,0.0,1.0
h1d,libero_spatial,2,111,0.0,1.0
h1d,libero_spatial,2,112,0.0,1.0
h1d,libero_spatial,2,113,0.0,1.0
h1d,libero_spatial,2,114,0.0,1.0
h1d,libero_spatial,2,115,0.0,1.0
h1d,libero_spatial,2,116,0.0,1.0
h1d,libero_spatial,2,117,0.0,1.0
h1d,libero_spatial,2,118,0.03125,0.96875
h1d,libero_spatial,2,119,0.0,1.0
h1d,libero_spatial,3,120,0.0,1.0
h1d,libero_spatial,3,121,0.0,1.0
h1d,libero_spatial,3,122,0.0,1.0
h1d,libero_spatial,3,123,0.0,1.0
h1d,libero_spatial,3,124,0.0,1.0
h1d,libero_spatial,3,125,0.0,1.0
h1d,libero_spatial,3,126,0.0,1.0
h1d,libero_spatial,3,127,0.0,1.0
h1d,libero_spatial,3,128,0.0,1.0
h1d,libero_spatial,3,129,0.0,1.0
h1d,libero_spatial,3,130,0.0,1.0
h1d,libero_spatial,3,131,0.0,1.0
h1d,libero_spatial,3,132,0.0,1.0
h1d,libero_spatial,3,133,0.0,1.0
h1d,libero_spatial,3,134,0.0,1.0
h1d,libero_spatial,3,135,0.0,1.0
h1d,libero_spatial,3,136,0.0,1.0
h1d,libero_spatial,3,137,0.0,1.0
h1d,libero_spatial,3,138,0.0,1.0
h1d,libero_spatial,3,139,0.0,1.0
h1d,libero_spatial,3,140,0.0,1.0
h1d,libero_spatial,3,141,0.0,1.0
h1d,libero_spatial,3,142,0.0,1.0
h1d,libero_spatial,3,143,0.0,1.0
h1d,libero_spatial,3,144,0.0,1.0
h1d,libero_spatial,3,145,0.0,1.0
h1d,libero_spatial,3,146,0.0,1.0
h1d,libero_spatial,3,147,0.0,1.0
h1d,libero_spatial,3,148,0.0,1.0
h1d,libero_spatial,3,149,0.0,1.0
h1d,libero_spatial,3,150,0.0,1.0
h1d,libero_spatial,3,151,0.0,1.0
h1d,libero_spatial,3,152,0.0,1.0
h1d,libero_spatial,3,153,0.0,1.0
h1d,libero_spatial,3,154,0.0,1.0
h1d,libero_spatial,3,155,0.0,1.0
h1d,libero_spatial,3,156,0.0,1.0
h1d,libero_spatial,3,157,0.0,1.0
h1d,libero_spatial,3,158,0.03125,0.96875
h1d,libero_spatial,3,159,0.0,1.0
h1d,libero_spatial,4,160,0.0,1.0
h1d,libero_spatial,4,161,0.0,1.0
h1d,libero_spatial,4,162,0.0,1.0
h1d,libero_spatial,4,163,0.0,1.0
h1d,libero_spatial,4,164,0.0,1.0
h1d,libero_spatial,4,165,0.0,1.0
h1d,libero_spatial,4,166,0.0,1.0
h1d,libero_spatial,4,167,0.0,1.0
h1d,libero_spatial,4,168,0.0,1.0
h1d,libero_spatial,4,169,0.0,1.0
h1d,libero_spatial,4,170,0.0,1.0
h1d,libero_spatial,4,171,0.0,1.0
h1d,libero_spatial,4,172,0.0,1.0
h1d,libero_spatial,4,173,0.0,1.0
h1d,libero_spatial,4,174,0.0,1.0
h1d,libero_spatial,4,175,0.0,1.0
h1d,libero_spatial,4,176,0.0,1.0
h1d,libero_spatial,4,177,0.0,1.0
h1d,libero_spatial,4,178,0.0,1.0
h1d,libero_spatial,4,179,0.0,1.0
h1d,libero_spatial,4,180,0.0,1.0
h1d,libero_spatial,4,181,0.0,1.0
h1d,libero_spatial,4,182,0.0,1.0
h1d,libero_spatial,4,183,0.0,1.0
h1d,libero_spatial,4,184,0.0,1.0
h1d,libero_spatial,4,185,0.0,1.0
h1d,libero_spatial,4,186,0.0,1.0
h1d,libero_spatial,4,187,0.0,1.0
h1d,libero_spatial,4,188,0.0,1.0
h1d,libero_spatial,4,189,0.0,1.0
h1d,libero_spatial,4,190,0.0,1.0
h1d,libero_spatial,4,191,0.0,1.0
h1d,libero_spatial,4,192,0.0,1.0
h1d,libero_spatial,4,193,0.0,1.0
h1d,libero_spatial,4,194,0.0,1.0
h1d,libero_spatial,4,195,0.0,1.0
h1d,libero_spatial,4,196,0.0,1.0
h1d,libero_spatial,4,197,0.0,1.0
h1d,libero_spatial,4,198,0.0,1.0
h1d,libero_spatial,4,199,0.0,1.0
h1d,libero_spatial,5,200,0.0,1.0
h1d,libero_spatial,5,201,0.0,1.0
h1d,libero_spatial,5,202,0.0,1.0
h1d,libero_spatial,5,203,0.0,1.0
h1d,libero_spatial,5,204,0.0,1.0
h1d,libero_spatial,5,205,0.0,1.0
h1d,libero_spatial,5,206,0.0,1.0
h1d,libero_spatial,5,207,0.0,1.0
h1d,libero_spatial,5,208,0.0,1.0
h1d,libero_spatial,5,209,0.0,1.0
h1d,libero_spatial,5,210,0.0,1.0
h1d,libero_spatial,5,211,0.0,1.0
h1d,libero_spatial,5,212,0.0,1.0
h1d,libero_spatial,5,213,0.0,1.0
h1d,libero_spatial,5,214,0.0,1.0
h1d,libero_spatial,5,215,0.0,1.0
h1d,libero_spatial,5,216,0.0,1.0
h1d,libero_spatial,5,217,0.0,1.0
h1d,libero_spatial,5,218,0.0,1.0
h1d,libero_spatial,5,219,0.0,1.0
h1d,libero_spatial,5,220,0.0,1.0
h1d,libero_spatial,5,221,0.0,1.0
h1d,libero_spatial,5,222,0.0,1.0
h1d,libero_spatial,5,223,0.0,1.0
h1d,libero_spatial,5,224,0.0,1.0
h1d,libero_spatial,5,225,0.0,1.0
h1d,libero_spatial,5,226,0.0,1.0
h1d,libero_spatial,5,227,0.0,1.0
h1d,libero_spatial,5,228,0.0,1.0
h1d,libero_spatial,5,229,0.0,1.0
h1d,libero_spatial,5,230,0.0,1.0
h1d,libero_spatial,5,231,0.0,1.0
h1d,libero_spatial,5,232,0.0,1.0
h1d,libero_spatial,5,233,0.0,1.0
h1d,libero_spatial,5,234,0.0,1.0
h1d,libero_spatial,5,235,0.0,1.0
h1d,libero_spatial,5,236,0.0,1.0
h1d,libero_spatial,5,237,0.0,1.0
h1d,libero_spatial,5,238,0.0,1.0
h1d,libero_spatial,5,239,0.0,1.0
h1d,libero_spatial,6,240,0.0,1.0
h1d,libero_spatial,6,241,0.0,1.0
h1d,libero_spatial,6,242,0.0,1.0
h1d,libero_spatial,6,243,0.0,1.0
h1d,libero_spatial,6,244,0.0,1.0
h1d,libero_spatial,6,245,0.0,1.0
h1d,libero_spatial,6,246,0.0,1.0
h1d,libero_spatial,6,247,0.0,1.0
h1d,libero_spatial,6,248,0.0,1.0
h1d,libero_spatial,6,249,0.0,1.0
h1d,libero_spatial,6,250,0.0,1.0
h1d,libero_spatial,6,251,0.0,1.0
h1d,libero_spatial,6,252,0.0,1.0
h1d,libero_spatial,6,253,0.0,1.0
h1d,libero_spatial,6,254,0.0,1.0
h1d,libero_spatial,6,255,0.0,1.0
h1d,libero_spatial,6,256,0.0,1.0
h1d,libero_spatial,6,257,0.0,1.0
h1d,libero_spatial,6,258,0.0,1.0
h1d,libero_spatial,6,259,0.0,1.0
h1d,libero_spatial,6,260,0.0,1.0
h1d,libero_spatial,6,261,0.0,1.0
h1d,libero_spatial,6,262,0.0,1.0
h1d,libero_spatial,6,263,0.0,1.0
h1d,libero_spatial,6,264,0.0,1.0
h1d,libero_spatial,6,265,0.0,1.0
h1d,libero_spatial,6,266,0.0,1.0
h1d,libero_spatial,6,267,0.0,1.0
h1d,libero_spatial,6,268,0.0,1.0
h1d,libero_spatial,6,269,0.0,1.0
h1d,libero_spatial,6,270,0.0,1.0
h1d,libero_spatial,6,271,0.0,1.0
h1d,libero_spatial,6,272,0.0,1.0
h1d,libero_spatial,6,273,0.0,1.0
h1d,libero_spatial,6,274,0.0,1.0
h1d,libero_spatial,6,275,0.0,1.0
h1d,libero_spatial,6,276,0.0,1.0
h1d,libero_spatial,6,277,0.0,1.0
h1d,libero_spatial,6,278,0.0,1.0
h1d,libero_spatial,6,279,0.0,1.0
h1d,libero_spatial,7,280,0.0,1.0
h1d,libero_spatial,7,281,0.0,1.0
h1d,libero_spatial,7,282,0.0,1.0
h1d,libero_spatial,7,283,0.0,1.0
h1d,libero_spatial,7,284,0.0,1.0
h1d,libero_spatial,7,285,0.0,1.0
h1d,libero_spatial,7,286,0.0,1.0
h1d,libero_spatial,7,287,0.0,1.0
h1d,libero_spatial,7,288,0.0,1.0
h1d,libero_spatial,7,289,0.0,1.0
h1d,libero_spatial,7,290,0.0,1.0
h1d,libero_spatial,7,291,0.0,1.0
h1d,libero_spatial,7,292,0.0,1.0
h1d,libero_spatial,7,293,0.0,1.0
h1d,libero_spatial,7,294,0.0,1.0
h1d,libero_spatial,7,295,0.0,1.0
h1d,libero_spatial,7,296,0.0,1.0
h1d,libero_spatial,7,297,0.0,1.0
h1d,libero_spatial,7,298,0.0,1.0
h1d,libero_spatial,7,299,0.0,1.0
h1d,libero_spatial,7,300,0.0,1.0
h1d,libero_spatial,7,301,0.0,1.0
h1d,libero_spatial,7,302,0.0,1.0
h1d,libero_spatial,7,303,0.0,1.0
h1d,libero_spatial,7,304,0.0,1.0
h1d,libero_spatial,7,305,0.0,1.0
h1d,libero_spatial,7,306,0.0,1.0
h1d,libero_spatial,7,307,0.0,1.0
h1d,libero_spatial,7,308,0.0,1.0
h1d,libero_spatial,7,309,0.0,1.0
h1d,libero_spatial,7,310,0.0,1.0
h1d,libero_spatial,7,311,0.0,1.0
h1d,libero_spatial,7,312,0.0,1.0
h1d,libero_spatial,7,313,0.0,1.0
h1d,libero_spatial,7,314,0.0,1.0
h1d,libero_spatial,7,315,0.0,1.0
h1d,libero_spatial,7,316,0.0,1.0
h1d,libero_spatial,7,317,0.0,1.0
h1d,libero_spatial,7,318,0.0,1.0
h1d,libero_spatial,7,319,0.0,1.0
h1d,libero_spatial,8,320,0.0,1.0
h1d,libero_spatial,8,321,0.0,1.0
h1d,libero_spatial,8,322,0.0,1.0
h1d,libero_spatial,8,323,0.0,1.0
h1d,libero_spatial,8,324,0.0,1.0
h1d,libero_spatial,8,325,0.0,1.0
h1d,libero_spatial,8,326,0.0,1.0
h1d,libero_spatial,8,327,0.0,1.0
h1d,libero_spatial,8,328,0.0,1.0
h1d,libero_spatial,8,329,0.0,1.0
h1d,libero_spatial,8,330,0.0,1.0
h1d,libero_spatial,8,331,0.0,1.0
h1d,libero_spatial,8,332,0.0,1.0
h1d,libero_spatial,8,333,0.0,1.0
h1d,libero_spatial,8,334,0.0,1.0
h1d,libero_spatial,8,335,0.0,1.0
h1d,libero_spatial,8,336,0.0,1.0
h1d,libero_spatial,8,337,0.0,1.0
h1d,libero_spatial,8,338,0.0,1.0
h1d,libero_spatial,8,339,0.0,1.0
h1d,libero_spatial,8,340,0.0,1.0
h1d,libero_spatial,8,341,0.0,1.0
h1d,libero_spatial,8,342,0.0,1.0
h1d,libero_spatial,8,343,0.0,1.0
h1d,libero_spatial,8,344,0.0,1.0
h1d,libero_spatial,8,345,0.0,1.0
h1d,libero_spatial,8,346,0.0,1.0
h1d,libero_spatial,8,347,0.0,1.0
h1d,libero_spatial,8,348,0.0,1.0
h1d,libero_spatial,8,349,0.0,1.0
h1d,libero_spatial,8,350,0.0,1.0
h1d,libero_spatial,8,351,0.0,1.0
h1d,libero_spatial,8,352,0.0,1.0
h1d,libero_spatial,8,353,0.0,1.0
h1d,libero_spatial,8,354,0.0,1.0
h1d,libero_spatial,8,355,0.0,1.0
h1d,libero_spatial,8,356,0.0,1.0
h1d,libero_spatial,8,357,0.0,1.0
h1d,libero_spatial,8,358,0.0,1.0
h1d,libero_spatial,8,359,0.0,1.0
h1d,libero_spatial,9,360,0.0,1.0
h1d,libero_spatial,9,361,0.0,1.0
h1d,libero_spatial,9,362,0.0,1.0
h1d,libero_spatial,9,363,0.0,1.0
h1d,libero_spatial,9,364,0.0,1.0
h1d,libero_spatial,9,365,0.0,1.0
h1d,libero_spatial,9,366,0.0,1.0
h1d,libero_spatial,9,367,0.0,1.0
h1d,libero_spatial,9,368,0.0,1.0
h1d,libero_spatial,9,369,0.0,1.0
h1d,libero_spatial,9,370,0.0,1.0
h1d,libero_spatial,9,371,0.0,1.0
h1d,libero_spatial,9,372,0.0,1.0
h1d,libero_spatial,9,373,0.0,1.0
h1d,libero_spatial,9,374,0.0,1.0
h1d,libero_spatial,9,375,0.0,1.0
h1d,libero_spatial,9,376,0.0,1.0
h1d,libero_spatial,9,377,0.0,1.0
h1d,libero_spatial,9,378,0.0,1.0
h1d,libero_spatial,9,379,0.0,1.0
h1d,libero_spatial,9,380,0.0,1.0
h1d,libero_spatial,9,381,0.0,1.0
h1d,libero_spatial,9,382,0.0,1.0
h1d,libero_spatial,9,383,0.0,1.0
h1d,libero_spatial,9,384,0.0,1.0
h1d,libero_spatial,9,385,0.0,1.0
h1d,libero_spatial,9,386,0.0,1.0
h1d,libero_spatial,9,387,0.0,1.0
h1d,libero_spatial,9,388,0.0,1.0
h1d,libero_spatial,9,389,0.0,1.0
h1d,libero_spatial,9,390,0.0,1.0
h1d,libero_spatial,9,391,0.0,1.0
h1d,libero_spatial,9,392,0.0,1.0
h1d,libero_spatial,9,393,0.0,1.0
h1d,libero_spatial,9,394,0.0,1.0
h1d,libero_spatial,9,395,0.0,1.0
h1d,libero_spatial,9,396,0.0,1.0
h1d,libero_spatial,9,397,0.0,1.0
h1d,libero_spatial,9,398,0.0,1.0
h1d,libero_spatial,9,399,0.0,1.0
