series,update,cosine_loss,image_KV_relative_error,language_KV_relative_error
optimizer_pre_update,1,0.0017674960472504608,0.089688992392559,0.26248583235816597
optimizer_pre_update,2,0.00106881449391949,0.059510483562156206,0.4273574300690193
optimizer_pre_update,3,0.0012495029841375072,0.04770112571801951,0.21596795956728
optimizer_pre_update,4,0.0007677927715121768,0.044950689033613496,0.263758296106997
optimizer_pre_update,5,0.0020089060708414763,0.08721314829501348,0.3185206992266324
optimizer_pre_update,6,0.003426259820116684,0.06541244435476062,0.23595047295741828
optimizer_pre_update,7,0.0038938377692829818,0.05385321255760908,0.2241319750781275
optimizer_pre_update,8,0.003106445125013124,0.06310813116904966,0.2348341651057932
optimizer_pre_update,9,0.0006086621524445945,0.05308407731350351,0.20394969930915668
optimizer_pre_update,10,0.00035332665174792055,0.09116044417950035,0.18631452729467282
optimizer_pre_update,11,0.0002643220186655526,0.04894763582889913,0.15588643931427937
optimizer_pre_update,12,0.003580138523830101,0.06646499124218336,0.2233214197507099
optimizer_pre_update,13,0.0005088612488179933,0.05799518810369648,0.1775965998000079
optimizer_pre_update,14,0.0014001503805047832,0.063530128532926,0.2627271159319591
optimizer_pre_update,15,0.0019218080124119297,0.06644055957985391,0.22600509080060732
optimizer_pre_update,16,0.0021975160198053345,0.07309552002442105,0.2327112499180739
optimizer_pre_update,17,0.0005329895866452716,0.10056045994287037,0.22548609996511132
optimizer_pre_update,18,0.001685582145000808,0.10981010486980039,0.20733868050005286
optimizer_pre_update,19,0.0011284772444923874,0.09690908142629932,0.26222939352005636
optimizer_pre_update,20,0.000379008803065517,0.041672494712869206,0.24362822979535728
optimizer_pre_update,21,0.0006037071489117807,0.05908778176707711,0.21470386694815177
optimizer_pre_update,22,0.0029024102113908157,0.12201448584506164,0.20626838410814788
optimizer_pre_update,23,0.0006766032529412769,0.08620644710481093,0.22044469034849343
optimizer_pre_update,24,0.0006162360405141953,0.09412340545792298,0.2092452627427564
optimizer_pre_update,25,0.0005162026864127256,0.06267560304494192,0.20556789370463865
optimizer_pre_update,26,0.0010681998173822649,0.08050285837635983,0.2712354788182985
optimizer_pre_update,27,0.0018453423253959045,0.06838737900152562,0.22658566020733867
optimizer_pre_update,28,0.002138833013304975,0.051590320547044176,0.22144424566358176
optimizer_pre_update,29,0.0018290531224920414,0.06084096987525008,0.2235027621624808
optimizer_pre_update,30,0.0017551612327224575,0.061843689316698966,0.21046054124246527
optimizer_pre_update,31,0.00019953139599238057,0.04628782959779917,0.22456387258889182
optimizer_pre_update,32,0.0001395393182974658,0.07808537074974892,0.23631839995730133
optimizer_pre_update,33,0.0007464926820830442,0.0532361400921532,0.24990946830544725
optimizer_pre_update,34,0.0019310851057525724,0.050827231326613306,0.2625519778015789
optimizer_pre_update,35,0.001342472474789247,0.09054704841626451,0.230952662853379
optimizer_pre_update,36,0.000682566696923459,0.06988561980477472,0.21145085213606843
optimizer_pre_update,37,0.00023387857345369412,0.05448353107567945,0.2218416303626474
optimizer_pre_update,38,0.0017223850045411382,0.05530307523239126,0.22870117701131673
optimizer_pre_update,39,0.0016991775628412142,0.045817219840679796,0.21270714964863732
optimizer_pre_update,40,0.0006455332168116001,0.05770318983420463,0.23274164673350725
optimizer_pre_update,41,0.002226562093710527,0.08628758834563847,0.19752003269425514
optimizer_pre_update,42,0.00025457144329266157,0.062476316967199276,0.24214996356943527
optimizer_pre_update,43,0.00046843477502989117,0.05022428560003878,0.20637456256722667
optimizer_pre_update,44,0.0006224118333193474,0.05476006765949373,0.2228607848822848
optimizer_pre_update,45,0.0005515322209248552,0.09046012229856493,0.19768072184839525
optimizer_pre_update,46,0.000733102122467244,0.0748217181473622,0.23054827552146787
optimizer_pre_update,47,0.0005658716072503012,0.06170584707064245,0.2067290385895921
optimizer_pre_update,48,0.0010786161037685815,0.056084880254211364,0.24151954617479235
optimizer_pre_update,49,0.002060857448668685,0.04832771553316179,0.19952222235190678
optimizer_pre_update,50,0.0025402401224710047,0.047439112925686734,0.195932594356629
optimizer_pre_update,51,0.0024803463893476874,0.08740857499669195,0.2537187507882401
optimizer_pre_update,52,0.002095574905979447,0.10230739426167992,0.22613485345244394
optimizer_pre_update,53,0.001141680811997503,0.1100050966297078,0.19607355770151697
optimizer_pre_update,54,0.0021533087492571212,0.09721241903167895,0.19300571639750785
optimizer_pre_update,55,0.0008359607454622164,0.09791504674543772,0.18927732848801423
optimizer_pre_update,56,0.00083137826732127,0.06758524618698265,0.2283151215216638
optimizer_pre_update,57,0.0014263652483350597,0.0901533565452771,0.21895231828323677
optimizer_pre_update,58,0.002894834877224639,0.07750696683416651,0.21410186749218219
optimizer_pre_update,59,0.0019168827930116095,0.03290395339487449,0.2123837558243818
optimizer_pre_update,60,0.0010296084183210041,0.04255722934531118,0.17524791952911078
optimizer_pre_update,61,0.0007144887094909791,0.0390056787233111,0.1894879071190776
optimizer_pre_update,62,0.0016483821236761287,0.05117677347710395,0.21278056058810485
optimizer_pre_update,63,0.0018447358525008895,0.0398486754086354,0.19607110289326826
optimizer_pre_update,64,0.0008955862504080869,0.045936483692015494,0.17570669359816593
optimizer_pre_update,65,0.0016859159077284858,0.04095401475759277,0.1797224478336521
optimizer_pre_update,66,0.001712714169116225,0.053725553379840724,0.2342763393635332
optimizer_pre_update,67,0.0013183117262087762,0.07679155051898054,0.18962197867544245
optimizer_pre_update,68,0.0010535545843595173,0.05297482386701071,0.1733391209809385
optimizer_pre_update,69,0.0011657033246592619,0.07171378841436826,0.1987653351492851
optimizer_pre_update,70,0.0007148936565499753,0.05313675517737171,0.21122104886111975
optimizer_pre_update,71,0.001286231003177818,0.04464017890840234,0.20959760012161996
optimizer_pre_update,72,0.0014578078080376144,0.04966657624326033,0.19204781974732305
optimizer_pre_update,73,0.00020025335470563732,0.06375146171032549,0.16472430489205606
optimizer_pre_update,74,0.0008506663216394372,0.061115725136991046,0.18480641531972222
optimizer_pre_update,75,0.0003447391136432998,0.08197440012087356,0.17729676445947296
optimizer_pre_update,76,0.0051596124831121415,0.05342639525379766,0.2085920192252938
optimizer_pre_update,77,0.001614172047993634,0.1496490731955095,0.21661824816676659
optimizer_pre_update,78,0.0013686683305422775,0.07379422371815673,0.1711128564510448
optimizer_pre_update,79,0.0008700300095370039,0.08181037877907575,0.194985719155227
optimizer_pre_update,80,0.00036442503733269405,0.07148383148888085,0.18356328131290234
optimizer_pre_update,81,0.00023330860221904004,0.060824245270149936,0.18221843195597034
optimizer_pre_update,82,0.001785975728125777,0.08447379447353967,0.2566984442980989
optimizer_pre_update,83,0.0014094967482378706,0.0603433352134735,0.20674513442108058
optimizer_pre_update,84,0.0005633261116599897,0.061726292717018905,0.1944036897543349
optimizer_pre_update,85,0.003738534127478488,0.051714432064531524,0.20928661643706442
optimizer_pre_update,86,0.0005113270217407262,0.04405718557264987,0.21947174267260483
optimizer_pre_update,87,0.0012139380123699084,0.07757315867262815,0.24804237512885177
optimizer_pre_update,88,0.0014156345459923614,0.04726871196102386,0.2039264992224028
optimizer_pre_update,89,0.0016128741481225006,0.06989042263267958,0.20352648931055625
optimizer_pre_update,90,0.0011757999782275874,0.0754930002513509,0.25709953124404655
optimizer_pre_update,91,0.0011778615662478842,0.056643050265148986,0.26281195033966215
optimizer_pre_update,92,0.0021222789437160827,0.04980692022687242,0.18985304408115056
optimizer_pre_update,93,0.0005906433016207302,0.054096877530016275,0.16772360562297273
optimizer_pre_update,94,0.0004454318495845655,0.05856772210186286,0.17477912803586473
optimizer_pre_update,95,0.0017774123989511281,0.061075533466961304,0.23684824778785588
optimizer_pre_update,96,0.000866526006575441,0.053741875614360564,0.19180942123970982
optimizer_pre_update,97,0.0009141821647062898,0.07379778165208718,0.16754699951336696
optimizer_pre_update,98,0.0017569568153703585,0.06548356039568423,0.21874376153071082
optimizer_pre_update,99,0.00038886667061888147,0.07587616068354801,0.18325628212360104
optimizer_pre_update,100,0.0003974154624302173,0.05891189546848544,0.174522214028316
optimizer_pre_update,101,0.00036500282840279397,0.05743568882241523,0.1710391044945493
optimizer_pre_update,102,0.0003982845737482421,0.059572019203909164,0.16557917941020808
optimizer_pre_update,103,0.002154322741262149,0.0887037626087994,0.20303733869362073
optimizer_pre_update,104,0.0005517385943676345,0.10569807440575099,0.2134130395704183
optimizer_pre_update,105,0.0007068641607475001,0.11109539851990509,0.2126592574367752
optimizer_pre_update,106,0.0020437420025700703,0.05259870173549796,0.2435764772273674
optimizer_pre_update,107,0.0002747520838966011,0.05599056882232633,0.19834433081510233
optimizer_pre_update,108,0.0010117113743035588,0.07215489061590112,0.22110523650417785
optimizer_pre_update,109,0.0008217618051276077,0.048052930193130505,0.1930740494084926
optimizer_pre_update,110,0.0007654395049030427,0.045338346339447555,0.1926354249305456
optimizer_pre_update,111,0.0004928555390506517,0.050427154062706474,0.20901443832666522
optimizer_pre_update,112,0.0008194711153919343,0.04851791522766705,0.20612560331631377
optimizer_pre_update,113,0.00037107133175595663,0.08810844308275473,0.20788819014719015
optimizer_pre_update,114,0.0006314549718808848,0.0518273720181402,0.20507170269390357
optimizer_pre_update,115,0.000929597419599304,0.06657225514578062,0.18644683257094782
optimizer_pre_update,116,0.0005285531351546524,0.04305187457814475,0.263407633281802
optimizer_pre_update,117,0.00016919188328756718,0.10188465836113013,0.27905005923800763
optimizer_pre_update,118,0.0009295772797486279,0.0793099383372556,0.24046624821573234
optimizer_pre_update,119,0.0012366946975816973,0.06198113763186669,0.20971707966294295
optimizer_pre_update,120,0.0013437140951282345,0.06273568475180122,0.2155908301075392
optimizer_pre_update,121,0.0016173925505427178,0.042038158131902675,0.22813494320259584
optimizer_pre_update,122,0.0011745594638341572,0.06904756931415922,0.2045104829848393
optimizer_pre_update,123,0.0010711055365391076,0.05786668713174473,0.23057089768281328
optimizer_pre_update,124,0.00043365397323213983,0.07301339396132137,0.19705211010079657
optimizer_pre_update,125,0.0006913561555847991,0.0562519062456673,0.366143251501314
optimizer_pre_update,126,0.0008205797639675438,0.06309450675167223,0.25059260416094215
optimizer_pre_update,127,0.0008085440895229112,0.06236617264976778,0.18838523825339953
optimizer_pre_update,128,0.00031553395820083097,0.050913571220468294,0.18255203579165244
optimizer_pre_update,129,0.0005501929845195264,0.03260161217494268,0.19304409728084104
optimizer_pre_update,130,0.005431330326246098,0.07215220883180412,0.20365787573534108
optimizer_pre_update,131,0.0012518268340500072,0.04535582818712032,0.3890936976955117
optimizer_pre_update,132,0.00131959245481994,0.09361359007223388,0.16369700017433142
optimizer_pre_update,133,0.0009858980956778396,0.07559984658111936,0.1788142697016974
optimizer_pre_update,134,0.0008326813658641186,0.043596104598102585,0.2062368323266109
optimizer_pre_update,135,0.000782469298428623,0.041756857661912485,0.21069723618622835
optimizer_pre_update,136,0.001088877412257716,0.07546552429371836,0.29992183661517147
optimizer_pre_update,137,0.0014195826224749908,0.08659138127052139,0.23066549731890906
optimizer_pre_update,138,0.0018579863390186802,0.06533747684542811,0.215474972492966
optimizer_pre_update,139,0.001710728945909068,0.05520053794970764,0.20153896518154937
optimizer_pre_update,140,0.0008267067496490199,0.07085060618868678,0.2506846676428468
optimizer_pre_update,141,0.0005436807914520614,0.07422958156772252,0.2502502178002495
optimizer_pre_update,142,0.00031090528409549734,0.05238040820390381,0.2008666760342681
optimizer_pre_update,143,0.0012542434196802787,0.08856312792375845,0.1951526229686743
optimizer_pre_update,144,0.00019678771786857396,0.04685360203723047,0.2138419817994039
optimizer_pre_update,145,0.0007831737548258388,0.07107386274500235,0.2216996064367253
optimizer_pre_update,146,0.00024511851916031446,0.04135215612785949,0.25494183622917305
optimizer_pre_update,147,0.000734920431568753,0.07109936162862196,0.255935581544828
optimizer_pre_update,148,0.0023626581460121088,0.0654856484737983,0.23659667389423755
optimizer_pre_update,149,0.0012278892390895635,0.04816534614761043,0.26207139141953695
optimizer_pre_update,150,0.0007248427791637369,0.054187382082196485,0.4456734661941534
optimizer_pre_update,151,0.0007311470872082282,0.05811682759929582,0.16824025788623434
optimizer_pre_update,152,0.0007115699518180918,0.05738065225420403,0.16862395607504244
optimizer_pre_update,153,0.0002329282478967798,0.05224575041655017,0.1706751266118002
optimizer_pre_update,154,0.0014681238935736474,0.03445770118439153,0.21215482498871555
optimizer_pre_update,155,0.0011660009913612157,0.06729186162880646,0.2437235882436346
optimizer_pre_update,156,0.00043381341492931824,0.054334800458658225,0.18306923358814955
optimizer_pre_update,157,0.0002967424743474112,0.049429636776479324,0.18755451712319984
optimizer_pre_update,158,0.0007230587434605695,0.03086255147255111,0.2776726232383515
optimizer_pre_update,159,0.0002612963362480514,0.03781715537327587,0.48266229438348335
optimizer_pre_update,160,0.0007600404424010776,0.04906820661512204,0.20179674796467867
optimizer_pre_update,161,0.001697856954706367,0.048425626192246156,0.2075406107204572
optimizer_pre_update,162,0.00040506273944629356,0.060824572006692466,0.27239790959845284
optimizer_pre_update,163,0.0006390180460584816,0.04134847645692451,0.2528156885207344
optimizer_pre_update,164,0.0005521532220882364,0.05637722954926479,0.19178254126310568
optimizer_pre_update,165,0.0007461011482519098,0.06058664234447605,0.1837727165966675
optimizer_pre_update,166,0.00023191534273792058,0.0679202848614738,0.18420944525546892
optimizer_pre_update,167,0.0003691181609610794,0.07785917755514013,0.17835054185542148
optimizer_pre_update,168,0.00043993667895847466,0.06290780998081864,0.18115566902904365
optimizer_pre_update,169,0.001076175281923497,0.07754928516318835,0.18971861125653178
optimizer_pre_update,170,0.0002663686946107191,0.10063861236911127,0.1952025377512306
optimizer_pre_update,171,0.0015381835619336925,0.05214198749698108,0.29091943306331886
optimizer_pre_update,172,0.0004724003447336145,0.05622588002826469,0.5344200168176295
optimizer_pre_update,173,0.0003505691947793821,0.058820634496866274,0.20741180696755449
optimizer_pre_update,174,0.0012549147359095514,0.0516231073619742,0.21839639976508968
optimizer_pre_update,175,0.0009976256842492148,0.0440073547314481,0.21983581850012293
optimizer_pre_update,176,0.0004305709244363243,0.04097019815436875,0.2095025934105913
optimizer_pre_update,177,0.0002779226788334199,0.04274085403572512,0.22764228326559258
optimizer_pre_update,178,0.0015444070522789843,0.04877183704400701,0.2527752018274212
optimizer_pre_update,179,0.0006294354898273014,0.06147081446267789,0.19839213138850242
optimizer_pre_update,180,0.0008737571588426363,0.053890669238802626,0.21985322769803736
optimizer_pre_update,181,0.0007166188297560439,0.054715338290390055,0.21923659595291764
optimizer_pre_update,182,0.00044358224295137916,0.06821316004792434,0.2206374699742416
optimizer_pre_update,183,0.0036637098746723495,0.05298243737949313,0.21969573591631772
optimizer_pre_update,184,0.0004728201911348151,0.05478933324193608,0.17381276287783512
optimizer_pre_update,185,0.0003950823174818652,0.05603399537873186,0.17855089020519127
optimizer_pre_update,186,0.0008512575295753777,0.05799059775825508,0.2068486909846501
optimizer_pre_update,187,0.0010215759393759072,0.07618112576749585,0.21760678551204632
optimizer_pre_update,188,0.0005959745594736887,0.05727476032351932,0.20056026051503537
optimizer_pre_update,189,0.00028903969177918043,0.059851570362705775,0.20013785986768173
optimizer_pre_update,190,0.0002413611919109826,0.09616577396841655,0.1655908523818588
optimizer_pre_update,191,0.0002713613239393453,0.07845190495736767,0.14554105084656668
optimizer_pre_update,192,0.0019821577043330763,0.12202852037948601,0.20373918014222994
optimizer_pre_update,193,0.00035481416125549003,0.09889581271557164,0.19632444990287887
optimizer_pre_update,194,0.0005077932109998073,0.06639980406000782,0.20130927490490447
optimizer_pre_update,195,0.0004691917511081556,0.0617621711501205,0.1817585410949809
optimizer_pre_update,196,0.0009046852719620802,0.09491921144241121,0.22277436236305512
optimizer_pre_update,197,0.00020983740614610724,0.07542314783209317,0.20280123547184634
optimizer_pre_update,198,0.0007140364650695119,0.06965717020196299,0.19397115180641109
optimizer_pre_update,199,0.0014187533524818718,0.09038047476911151,0.19543836363276768
optimizer_pre_update,200,0.0008468918640573975,0.11414829039946643,0.23289438900511344
optimizer_pre_update,201,0.001654907340707723,0.0985520486074141,0.2177454979557789
optimizer_pre_update,202,0.0010026168274634983,0.06673498479484417,0.4419810035134738
optimizer_pre_update,203,0.0006741259312548209,0.0495459693595618,0.23284003858834595
optimizer_pre_update,204,0.00047680773604952265,0.07695174887405341,0.2219326679945339
optimizer_pre_update,205,0.0012248810453456827,0.07076162588586403,0.20407655558021395
optimizer_pre_update,206,0.000740427913115127,0.054872164663662355,0.17460476640885544
optimizer_pre_update,207,0.0016736071920604445,0.07799294604910612,0.21736874179648139
optimizer_pre_update,208,0.00042948797999997623,0.03291649292183733,0.222432196043611
optimizer_pre_update,209,0.0012310043239267543,0.08639162649595497,0.22989624873387476
optimizer_pre_update,210,0.000881010309967678,0.07609098379818503,0.15435960498924775
optimizer_pre_update,211,0.0005733098951168358,0.05543354551248893,0.14183207313325696
optimizer_pre_update,212,0.0011140998649352696,0.06372056049838319,0.22179738060402712
optimizer_pre_update,213,0.0009621266472095158,0.09468626810871107,0.1795936849627036
optimizer_pre_update,214,0.0003371555376361357,0.06858818114136712,0.16155915841574292
optimizer_pre_update,215,0.0006180431846587453,0.06367954011667218,0.17177622510001242
optimizer_pre_update,216,0.0007519256469095126,0.05183220885003585,0.21164689949220614
optimizer_pre_update,217,0.0004951007758791093,0.0791850632497797,0.1409886834304161
optimizer_pre_update,218,0.0003641158345999429,0.0815042335820032,0.12852417933361956
optimizer_pre_update,219,0.0005005456569051603,0.06659545274482472,0.13055549220405382
optimizer_pre_update,220,0.0011804644200310577,0.0890466453387412,0.18575936048345867
optimizer_pre_update,221,0.0006277587344811764,0.06864764724846287,0.1849854182706598
optimizer_pre_update,222,0.00030225180398701923,0.060808198094221895,0.16872102680382528
optimizer_pre_update,223,0.0002370387355767889,0.04994686546091897,0.203723621495834
optimizer_pre_update,224,0.0005105447089590598,0.048240675163961695,0.202027960932114
optimizer_pre_update,225,0.00034628325101948576,0.08770656205470898,0.21722154611252012
optimizer_pre_update,226,0.0008988637637230568,0.050844214626192666,0.20765882784426917
optimizer_pre_update,227,0.0008155401992553379,0.07515218252227553,0.2323169346447173
optimizer_pre_update,228,0.00042037852472276427,0.06550805757033151,0.20549195926926375
optimizer_pre_update,229,0.0005523011150216917,0.04621402400705539,0.18777827283810913
optimizer_pre_update,230,0.0005702458474843297,0.07577056326113454,0.19224540900087783
optimizer_pre_update,231,0.00038300753476505633,0.08603008388953384,0.1938569909209337
optimizer_pre_update,232,0.0008295346160593908,0.07208091255933244,0.19281097047548695
optimizer_pre_update,233,0.0010963514796458185,0.10194618041604228,0.21311995993016591
optimizer_pre_update,234,0.0010946981892629992,0.041672058506335576,0.18112767269241664
optimizer_pre_update,235,0.0009090174171433318,0.06439390957403132,0.16244561696998197
optimizer_pre_update,236,0.0009019609751703683,0.06257148035316919,0.20737479557570912
optimizer_pre_update,237,0.0007334247347898781,0.04555302362340537,0.1992382688825368
optimizer_pre_update,238,0.000519613566211774,0.06798572686541599,0.1508505223216019
optimizer_pre_update,239,0.0018526643616496585,0.06464089597428749,0.18490112531420003
optimizer_pre_update,240,0.0007655255612917244,0.05690940738530338,0.20622181252751712
optimizer_pre_update,241,0.0010548878672125284,0.07912573746722086,0.2551633677527637
optimizer_pre_update,242,0.0035427406837698072,0.06545208195706192,0.19700248024458025
optimizer_pre_update,243,0.0017288718590862118,0.04913029262811161,0.2020305000330905
optimizer_pre_update,244,0.00144177045149263,0.04366311064957679,0.22570113865770022
optimizer_pre_update,245,0.001420615633833222,0.06190185856299532,0.2728103604512566
optimizer_pre_update,246,0.00031905808100418653,0.05191354567390843,0.23299960906758796
optimizer_pre_update,247,0.0003711335393745685,0.06573464841368098,0.23244634555064192
optimizer_pre_update,248,0.0002848364483725163,0.05930869739958141,0.16889217887663435
optimizer_pre_update,249,0.0007860958685341757,0.09250768028844622,0.224577139001825
optimizer_pre_update,250,0.001027376583806472,0.11028154802227498,0.20968929628047248
optimizer_pre_update,251,0.00030373410118045285,0.06446956546793542,0.2638326622454954
optimizer_pre_update,252,0.00025539026137266774,0.06528665472799457,0.22857044012891478
optimizer_pre_update,253,0.0006790336301492061,0.13412718916474634,0.19042732977873286
optimizer_pre_update,254,0.00026623457870300626,0.08683835999367207,0.22086792107465109
optimizer_pre_update,255,0.0005131807211000705,0.07190802819608302,0.3123726446020943
optimizer_pre_update,256,0.0004808593603229383,0.05808226917510163,0.3116435344908411
optimizer_pre_update,257,0.00029529520179494284,0.09956041571585357,0.24790626903384302
optimizer_pre_update,258,0.0001560334162604704,0.0655537745218804,0.607847726703795
optimizer_pre_update,259,0.00026453324426256586,0.05235399068260583,0.2764058066000917
optimizer_pre_update,260,0.00025292821919720154,0.05351984906167605,0.37914097727960355
optimizer_pre_update,261,0.00034460500319255516,0.09558969120658964,0.4852457223965988
optimizer_pre_update,262,0.0005074679957033368,0.0754731569002509,0.2668451971111651
optimizer_pre_update,263,0.000530296572833322,0.0682093944345223,0.26230968151410095
optimizer_pre_update,264,0.0006394181473297067,0.07761450726303333,0.25922765577815465
optimizer_pre_update,265,0.00021660589027305832,0.06475518895458435,0.21320673132457602
optimizer_pre_update,266,0.00022171139971760567,0.11152219545981888,0.20656746540108442
optimizer_pre_update,267,0.00016935244184423937,0.05911028706274903,0.1564604804671158
optimizer_pre_update,268,0.0005066435860499041,0.07403999180566666,0.2386069149507976
optimizer_pre_update,269,0.0003089275269303471,0.06644138213447447,0.1878654979870548
optimizer_pre_update,270,0.00030081235490797553,0.06316942395633121,0.3141917005196068
optimizer_pre_update,271,0.0004473220615182072,0.07143994432579016,0.24833968288348432
optimizer_pre_update,272,0.0005902502780372743,0.09405937347796414,0.3173720996263604
optimizer_pre_update,273,0.00019901097039110027,0.1212922610416834,0.22920386692381642
optimizer_pre_update,274,0.0005373783515096875,0.13090432953261233,0.2211888385311596
optimizer_pre_update,275,0.0002412036064924905,0.0902883748417119,0.2709277005469985
optimizer_pre_update,276,0.00018037967765849316,0.050966343159765636,0.25813570395556473
optimizer_pre_update,277,0.00023822672847018111,0.06904527320571605,0.2607545718954652
optimizer_pre_update,278,0.0005483519416884519,0.13662682532378925,0.23159247172279496
optimizer_pre_update,279,0.0003536433014232898,0.10802605047474628,0.23642957580844656
optimizer_pre_update,280,0.00019201711256755516,0.11255769795471805,0.22540560652326166
optimizer_pre_update,281,0.00022805854860052932,0.07547925177185168,0.23446067841367702
optimizer_pre_update,282,0.0003638256384874694,0.09036599921505893,0.27446186125635197
optimizer_pre_update,283,0.00037633143801940605,0.06844570913143716,0.2414059605679766
optimizer_pre_update,284,0.0004941236329614185,0.06279060445727822,0.2571678230287157
optimizer_pre_update,285,0.0005488127608259674,0.06680647728510195,0.24167352649801643
optimizer_pre_update,286,0.000505127018186613,0.06882787471875432,0.21859853895017375
optimizer_pre_update,287,0.0003150895299768308,0.05225867431307285,0.28446943646387257
optimizer_pre_update,288,0.0001686189361862489,0.09388372250816147,0.3042439638031768
optimizer_pre_update,289,0.0005212117084738566,0.06580146043203874,0.29905934827995145
optimizer_pre_update,290,0.00043479092892084736,0.06227781363558197,0.393899892165556
optimizer_pre_update,291,0.0002632465266287909,0.11306402897448693,0.23285063190533614
optimizer_pre_update,292,0.00023750290529278573,0.0861610215941227,0.2166810400642291
optimizer_pre_update,293,9.166821928374702e-05,0.06834965104535777,0.23539426470835478
optimizer_pre_update,294,0.0003953829436795786,0.06329533917162479,0.24229813991394095
optimizer_pre_update,295,0.0004256404972693417,0.06170037877536538,0.22688874027630954
optimizer_pre_update,296,0.0002614617396829999,0.0644181528752931,0.2355275197883251
optimizer_pre_update,297,0.0005457457282318501,0.09922435571955812,0.20567591348652528
optimizer_pre_update,298,0.00018837824700312922,0.07482863677689797,0.26791485982282154
optimizer_pre_update,299,0.00030168630473781377,0.0634487060308517,0.23394611857435865
optimizer_pre_update,300,0.00021073036168672843,0.07190956443712317,0.2290391052155566
optimizer_pre_update,301,0.00014878921638228348,0.09940807231737595,0.21834987632146916
optimizer_pre_update,302,0.00019999072173959576,0.08020647753446426,0.24546997544355106
optimizer_pre_update,303,0.0002770461214822717,0.06937404723153336,0.21742307780436543
optimizer_pre_update,304,0.0004503250202105846,0.06362442743465843,0.26312783500587605
optimizer_pre_update,305,0.00035210028909204993,0.060656372287901175,0.19264513966114047
optimizer_pre_update,306,0.0002568092249930487,0.054483851964292326,0.1963638757513181
optimizer_pre_update,307,0.0007533852076448966,0.09158536000579263,0.2553109379689173
optimizer_pre_update,308,0.0005220968341745902,0.11394840728124013,0.23119685049018598
optimizer_pre_update,309,0.00012335516839812044,0.11108789485678841,0.2028901131236106
optimizer_pre_update,310,0.0002371113778281142,0.09372520403852543,0.20405356348435788
optimizer_pre_update,311,0.0002544865074014524,0.09610808493719802,0.2000726407379297
optimizer_pre_update,312,0.000495798529300373,0.07662493452284042,0.26045565991069447
optimizer_pre_update,313,0.0004926238379994174,0.1034586803549042,0.2609326209506506
optimizer_pre_update,314,0.001090556412236765,0.09102968491917433,0.21649840320205085
optimizer_pre_update,315,0.0006536014479934238,0.044000735520575936,0.21383942416179091
optimizer_pre_update,316,0.0004459384890651563,0.05408445474016352,0.18403643203661116
optimizer_pre_update,317,0.00024445243616355583,0.05006919940678262,0.19962246125250388
optimizer_pre_update,318,0.0006018657350068679,0.06491908569487836,0.21259075580941122
optimizer_pre_update,319,0.00039732680124870967,0.05425289887096981,0.19027267615830112
optimizer_pre_update,320,0.0003651194365374977,0.06210904968954,0.17858551070637985
optimizer_pre_update,321,0.00032886378721741494,0.055302125650397174,0.181433893474862
optimizer_pre_update,322,0.0004893966070085298,0.059366526488165754,0.24112636669707635
optimizer_pre_update,323,0.00040356480167247355,0.0843926912065321,0.18674947234358216
optimizer_pre_update,324,0.00036506355354504194,0.06653677495384143,0.17757735421879314
optimizer_pre_update,325,0.00040366836583416443,0.08596386229509707,0.20418242959538474
optimizer_pre_update,326,0.00027956292615272105,0.06571215892785635,0.21459847696430762
optimizer_pre_update,327,0.00034397356830595527,0.05818921647799812,0.22132905681829707
optimizer_pre_update,328,0.0004238575784256682,0.062260461442349375,0.19423527092082796
optimizer_pre_update,329,0.0001971393867279403,0.07737518270951203,0.17357799566574184
optimizer_pre_update,330,0.0003094166568189394,0.06947072964024377,0.18654959092063758
optimizer_pre_update,331,0.0001784544456313597,0.09542615091899913,0.17346452312132535
optimizer_pre_update,332,0.0009539272796246223,0.0618157988706032,0.21212328663003557
optimizer_pre_update,333,0.0004632905183825642,0.17214165629112477,0.21488022085899955
optimizer_pre_update,334,0.00041659214366518427,0.08963139448144891,0.18360531669914806
optimizer_pre_update,335,0.00035917908826377243,0.0985350673787303,0.20233304312533523
optimizer_pre_update,336,9.997487131840899e-05,0.09298723254518772,0.20468466365721333
optimizer_pre_update,337,7.427446689689532e-05,0.07371057326360812,0.20443728698859526
optimizer_pre_update,338,0.0007113676656445023,0.09436383337794281,0.2705517485128773
optimizer_pre_update,339,0.0004894644116575364,0.06716742392491695,0.2077886763005718
optimizer_pre_update,340,0.0002641089313328848,0.06871856247220179,0.19651346451257604
optimizer_pre_update,341,0.0004579909200401744,0.05602697734565123,0.20078025590183737
optimizer_pre_update,342,0.0002059351691059419,0.0531535908968878,0.2279459708265398
optimizer_pre_update,343,0.00041115731619356666,0.10084649277515567,0.2547336083688106
optimizer_pre_update,344,0.0007981810886121821,0.05489028005555921,0.20480402765523614
optimizer_pre_update,345,0.0005287572857923806,0.0804609595444701,0.20207717981339873
optimizer_pre_update,346,0.00048286803939845413,0.08291712236123903,0.25523198070813324
optimizer_pre_update,347,0.0003581136516004335,0.06831184678252668,0.2756902617813321
optimizer_pre_update,348,0.0007576771240564995,0.05860999944581177,0.18921300610732683
optimizer_pre_update,349,0.00015857629887250368,0.06648641162122225,0.16547985167646143
optimizer_pre_update,350,0.0002519205290809623,0.07112406719732887,0.17466288918986497
optimizer_pre_update,351,0.0005596030641754624,0.0783065974208595,0.2410350710178617
optimizer_pre_update,352,0.000683600090269465,0.06552467442234693,0.1981836034620873
optimizer_pre_update,353,0.00023219958438858157,0.08229747392501977,0.17509491006434236
optimizer_pre_update,354,0.000611550742178224,0.07775851691165621,0.22440832755111187
optimizer_pre_update,355,0.00012902356775157386,0.09150588071681078,0.19418529166719872
optimizer_pre_update,356,0.00012348145401119837,0.07309692741097704,0.17312020564375888
optimizer_pre_update,357,0.00016810074703244027,0.06560991583522605,0.17494017390290234
optimizer_pre_update,358,0.00018201619695901172,0.07256022746005912,0.17160935029620197
optimizer_pre_update,359,0.00046984665641502943,0.09957214318889965,0.20264307997619793
optimizer_pre_update,360,0.00024024248432397144,0.12177427060506184,0.2344741720493268
optimizer_pre_update,361,0.0002577070217739674,0.1280261223942149,0.24330869550183576
optimizer_pre_update,362,0.00034927576962218154,0.058731433436342025,0.314863753367977
optimizer_pre_update,363,0.00013843626129528275,0.062469134619261776,0.21583850377848038
optimizer_pre_update,364,0.000547476118299528,0.08372045792591193,0.23651791694204977
optimizer_pre_update,365,0.00020853355817962438,0.06229396532545196,0.20161903942187376
optimizer_pre_update,366,0.00023952909214131068,0.05961596708099441,0.1999761415112682
optimizer_pre_update,367,0.00031385981128551066,0.05631619455015226,0.22210851682444357
optimizer_pre_update,368,0.00027554073130886536,0.05770128105754124,0.2141611753653712
optimizer_pre_update,369,0.0001567937461004476,0.10899611685864222,0.2179434094787514
optimizer_pre_update,370,0.00037582256300083827,0.0599928691589816,0.21033928819470163
optimizer_pre_update,371,0.0004228778252581833,0.07842324354321861,0.18809074028760134
optimizer_pre_update,372,0.0002409830722172046,0.04846131862699193,0.2763545331154368
optimizer_pre_update,373,0.00015741922106826678,0.11984192807675474,0.3046986282158375
optimizer_pre_update,374,0.00033692569377308246,0.1000843087396969,0.2881433259378885
optimizer_pre_update,375,0.00018877014827012317,0.0774325365485343,0.24786576316739944
optimizer_pre_update,376,0.00031737983954371884,0.07376929098701415,0.2582961208369035
optimizer_pre_update,377,0.0004830509515159065,0.0497309867130648,0.24076432217000576
optimizer_pre_update,378,0.00032906272008403903,0.08487644765137643,0.20373212163101817
optimizer_pre_update,379,0.0002837594656739384,0.0678354865586179,0.22967252303498234
optimizer_pre_update,380,0.00026678294761950383,0.09129725835109184,0.20458200084667696
optimizer_pre_update,381,0.0002668477663974045,0.06652138175398027,0.45824249324897204
optimizer_pre_update,382,0.0002816174237523228,0.08155154320306453,0.25722376005268344
optimizer_pre_update,383,0.00016565360419917852,0.0736622707268636,0.19631411570777457
optimizer_pre_update,384,0.00020379647776280763,0.06438721766237923,0.18941502695178022
optimizer_pre_update,385,0.0003014408139279112,0.042727422136324494,0.26548150120776315
optimizer_pre_update,386,0.0004100527676200727,0.06289884961090501,0.20988688518291093
optimizer_pre_update,387,0.0004961513041052967,0.05448708915578338,0.47256905166018975
optimizer_pre_update,388,0.0005214359680394409,0.11138525066405813,0.16675258720875388
optimizer_pre_update,389,0.00034139157469326165,0.0841013743336472,0.17909373042713925
optimizer_pre_update,390,0.0003434859272601898,0.048125883670000556,0.20416609089683707
optimizer_pre_update,391,0.0002551581756051746,0.047949914972643164,0.2069669500242858
optimizer_pre_update,392,0.0002750232861217228,0.08288299693142102,0.2860110463146422
optimizer_pre_update,393,0.0005812794079247396,0.09607071560915843,0.23089240513978257
optimizer_pre_update,394,0.0006963651758269407,0.07820216228385515,0.2125734429344393
optimizer_pre_update,395,0.0006651427684118971,0.06791107920068767,0.20660675404471712
optimizer_pre_update,396,0.0002683188813534798,0.09465666207779715,0.26664407987106203
optimizer_pre_update,397,0.00021417960851977114,0.09533610988923312,0.30134122847676637
optimizer_pre_update,398,0.00013593174753623316,0.06481993382499096,0.22775840340001063
optimizer_pre_update,399,0.000465479872218566,0.10359513235761948,0.20247882837222497
optimizer_pre_update,400,0.0001207795016853197,0.055346405918145644,0.22953745385219948
optimizer_pre_update,401,0.0003176637092110468,0.0757680715189116,0.25609114122094234
optimizer_pre_update,402,0.00013950951824881486,0.043918274756727854,0.28720653388785405
optimizer_pre_update,403,0.000273693732196989,0.07768328423335621,0.32102690119703753
optimizer_pre_update,404,0.0006604652953683399,0.0722368339572046,0.23928626494349303
optimizer_pre_update,405,0.0007460758315573912,0.056654895434120216,0.2729498269859399
optimizer_pre_update,406,0.00028774738802894717,0.0636368139084648,0.5576358285650194
optimizer_pre_update,407,0.00020561702967825113,0.06981422489636897,0.17017319475797069
optimizer_pre_update,408,0.00032809898584673647,0.06969427711039887,0.17283972244643714
optimizer_pre_update,409,0.00021196678608248476,0.062274420771233616,0.1781583299467523
optimizer_pre_update,410,0.0003326043506604037,0.039530144776652974,0.23812866159700324
optimizer_pre_update,411,0.0004331823529355461,0.08360701180926793,0.26173255215173546
optimizer_pre_update,412,0.0002138290601578774,0.06482226117118885,0.18814686470022268
optimizer_pre_update,413,0.00015419014016515575,0.06054243653981513,0.1938979413977759
optimizer_pre_update,414,0.00022294409791356884,0.03706074597879271,0.2920300055448294
optimizer_pre_update,415,0.00019091330796072725,0.04339467036003781,0.542277503854527
optimizer_pre_update,416,0.00034171753031841945,0.05451797845296293,0.21970182821993534
optimizer_pre_update,417,0.00048541874093643855,0.05508970838865249,0.21316779985161802
optimizer_pre_update,418,0.0002718318301049294,0.07747871398545017,0.29604668828122227
optimizer_pre_update,419,0.00038408600812545046,0.049530562926612925,0.28767963127839746
optimizer_pre_update,420,0.00027422793209552765,0.0657600060281511,0.2054676976428788
optimizer_pre_update,421,0.00041339025119668804,0.07331701671973749,0.1975955693971421
optimizer_pre_update,422,0.0001819163599066087,0.08061999503178702,0.19875771015197102
optimizer_pre_update,423,0.00027190223590878304,0.08742957722346081,0.1940034931500944
optimizer_pre_update,424,0.0001829758321036934,0.07630468161193557,0.19027895312208187
optimizer_pre_update,425,0.0003564916605682811,0.08979559467770286,0.1992814230083206
optimizer_pre_update,426,0.00013291500727063976,0.11107147566696807,0.19750279782127683
optimizer_pre_update,427,0.0004991412279196084,0.06258507297041403,0.30760958133762983
optimizer_pre_update,428,0.00023956411041581305,0.06481466499024098,0.5929910975875176
optimizer_pre_update,429,0.0002117626409017248,0.07148847596525097,0.21447852575495044
optimizer_pre_update,430,0.000573086002987111,0.06185348922901204,0.22017364325000213
optimizer_pre_update,431,0.00028203651982039446,0.04587064126761964,0.2081325437323409
optimizer_pre_update,432,0.00014911741391188116,0.043786841940623177,0.20569643028282128
optimizer_pre_update,433,0.0002130966668119072,0.04825784428729573,0.23860093345040528
optimizer_pre_update,434,0.0006364472283166833,0.053139511971811056,0.2514308170963019
optimizer_pre_update,435,0.00035909564030589536,0.07587968136275593,0.20736637676629271
optimizer_pre_update,436,0.00046183057929738425,0.06314820851472239,0.29287932396658856
optimizer_pre_update,437,0.0004485342706175288,0.060274275377857664,0.22665990289049273
optimizer_pre_update,438,0.00013564713572122855,0.07792392864595821,0.2324896462641203
optimizer_pre_update,439,0.0007567036973341601,0.05925964583243662,0.2245978994784301
optimizer_pre_update,440,0.00019390210854908219,0.0657438359860327,0.18490037950237076
optimizer_pre_update,441,0.00017780513098841766,0.06753763635898839,0.1894937185829584
optimizer_pre_update,442,0.00044499152318167035,0.065205728457292,0.23493848451291038
optimizer_pre_update,443,0.0005280546956782928,0.08032767080103513,0.2298459251246132
optimizer_pre_update,444,0.0002320878256796277,0.06015158804850311,0.2152945975626616
optimizer_pre_update,445,0.0001984223763429327,0.06410207018023545,0.21601219126469245
optimizer_pre_update,446,0.00017995275720750215,0.11291168852528394,0.17465672672281238
optimizer_pre_update,447,0.00021309145176928723,0.09898450361783105,0.15271172712957953
optimizer_pre_update,448,0.00012569651244120905,0.13075277618302086,0.22079555908884715
optimizer_pre_update,449,0.0001534525326860603,0.11029795263079348,0.22506215957966286
optimizer_pre_update,450,0.00033990666634053923,0.06568226768785815,0.2194622849403027
optimizer_pre_update,451,0.0003315854883112479,0.07327515192359822,0.1899813732070063
optimizer_pre_update,452,0.0005444388898467878,0.10601341995002138,0.24070640582384886
optimizer_pre_update,453,0.00014326311747936415,0.09102261740543836,0.21903491420608595
optimizer_pre_update,454,0.0003163661876897095,0.07831239129831842,0.20239394447026507
optimizer_pre_update,455,0.0004812102888536174,0.1032378533393128,0.19467752901794458
optimizer_pre_update,456,0.0003072109175263904,0.12897856327675522,0.28764819813234516
optimizer_pre_update,457,0.0003187615475326311,0.12191718312408197,0.24282739419807942
optimizer_pre_update,458,0.00028685704000963597,0.06644813192815345,0.5723197482437591
optimizer_pre_update,459,0.0003532618338795146,0.054339394841934036,0.2640337137194197
optimizer_pre_update,460,0.00025668331181805115,0.0876111490970786,0.23617413172836427
optimizer_pre_update,461,0.00039500669117842335,0.08339484425775923,0.22975401238878515
optimizer_pre_update,462,0.00023262054310180247,0.06317853269886908,0.17978167100380582
optimizer_pre_update,463,0.0005432050838862779,0.08079592659826326,0.21720406266553072
optimizer_pre_update,464,0.00013044253319094423,0.038383065257470775,0.22735803464363918
optimizer_pre_update,465,0.00013039559280514368,0.10310657461723297,0.24391888970726827
optimizer_pre_update,466,0.0002151861808670219,0.09447868504489237,0.16168997457937212
optimizer_pre_update,467,0.000248620663114707,0.06829677803463834,0.15202705778297818
optimizer_pre_update,468,0.0003333479216962587,0.07070921921418684,0.2298670252949676
optimizer_pre_update,469,0.0004884343652520329,0.10508748379831027,0.1845201738064546
optimizer_pre_update,470,0.00024342686538147973,0.07638150597489642,0.17293201095941876
optimizer_pre_update,471,0.0002834804436133709,0.0695665776532767,0.18135117045906857
optimizer_pre_update,472,0.00024061501426331233,0.054359726052978646,0.2151058583094836
optimizer_pre_update,473,0.0002882387525460217,0.093527123863631,0.14506988416199948
optimizer_pre_update,474,0.00019405335478950292,0.09865361536994079,0.13269300520529853
optimizer_pre_update,475,0.00025528818878228776,0.0798846010448192,0.13552388763916431
optimizer_pre_update,476,0.0006594095466425642,0.0986284628197638,0.18901201992754524
optimizer_pre_update,477,0.00021894611654715845,0.07669689213140558,0.19198758976255298
optimizer_pre_update,478,0.00018803626699082088,0.07163714634771072,0.1734564332667927
optimizer_pre_update,479,0.00015582032847305527,0.05615745417501576,0.22948538935596838
optimizer_pre_update,480,0.0002742782271525357,0.056525477270747894,0.21968031216841283
optimizer_pre_update,481,0.00015987120877980487,0.11547818047109285,0.22726569265223925
optimizer_pre_update,482,0.0002568408872321015,0.05521529324318501,0.2204113055568091
optimizer_pre_update,483,0.00036661849298980087,0.08126583791949979,0.23386203478147868
optimizer_pre_update,484,0.00032268390714307316,0.07489876436822614,0.2296409272151463
optimizer_pre_update,485,0.00021380745238275267,0.05620922408983844,0.19390340804834083
optimizer_pre_update,486,0.00024344139274035115,0.08374581805682912,0.20068501317077966
optimizer_pre_update,487,0.00014382564040715806,0.09727950856621613,0.20179744035891956
optimizer_pre_update,488,0.000329868873450323,0.08383534392028404,0.19960021000091796
optimizer_pre_update,489,0.00035905875665775966,0.12744367463017445,0.24182313000983405
optimizer_pre_update,490,0.0005827546265209094,0.04924404910826224,0.19174873032287268
optimizer_pre_update,491,0.0003241453359805746,0.0714474595400338,0.17266680221683853
optimizer_pre_update,492,0.0003985528001066996,0.06763181004672247,0.20947007526887168
optimizer_pre_update,493,0.0002356391451030504,0.05256188877728749,0.21194344447749414
optimizer_pre_update,494,0.00031990335264708847,0.08134539490672937,0.15661421811804668
optimizer_pre_update,495,0.00048003383562900126,0.069220263227961,0.18880557658910627
optimizer_pre_update,496,0.0005053445784142241,0.05824612661173319,0.21441750414865773
optimizer_pre_update,497,0.0004766590991494013,0.09177542915272374,0.2623846404078787
optimizer_pre_update,498,0.0004273865397408372,0.06760080344189284,0.19169466886085676
optimizer_pre_update,499,0.000628410663921386,0.0536513777995424,0.18647107081253658
optimizer_pre_update,500,0.00039144345282693394,0.04967377231620172,0.21562973802054805
optimizer_pre_update,501,0.0004328586292103864,0.0720522261500029,0.2987003204409704
optimizer_pre_update,502,0.00021659508911398007,0.05850304611269241,0.25256073111266053
optimizer_pre_update,503,0.00020236261389072752,0.074184868659464,0.23899508097158256
optimizer_pre_update,504,0.00018839240419765702,0.06527831224981424,0.17338114720658032
optimizer_pre_update,505,0.0004968036046193447,0.10478788334549559,0.2424112734285832
optimizer_pre_update,506,0.0004975583524355898,0.12384274218559194,0.21887730652262358
optimizer_pre_update,507,0.00020568110357999103,0.06797134814597076,0.2826804681856666
optimizer_pre_update,508,0.00015769451965752523,0.06713162807119923,0.23832580131832987
optimizer_pre_update,509,0.00037050396713311784,0.15359605769581045,0.22102308888404212
optimizer_pre_update,510,0.00020997859701310517,0.10439584419097796,0.24191218972464285
optimizer_pre_update,511,0.00019623898151621688,0.08339797554996772,0.3788222318631614
optimizer_pre_update,512,0.00025455542436247924,0.06521285646040634,0.37731415030872734
optimizer_pre_update,513,0.00020237155695213005,0.11275535174942636,0.25971320511139534
optimizer_pre_update,514,0.0001447927238586999,0.07211522714415622,0.7083606376385866
optimizer_pre_update,515,0.00019425675691309152,0.05892762488672134,0.3386547904775277
optimizer_pre_update,516,0.00019289367173769278,0.059470498872155324,0.47282485933072693
optimizer_pre_update,517,0.00025415048366994597,0.10610332597702073,0.5901055250073456
optimizer_pre_update,518,0.0001266736558136472,0.08042340233378643,0.24044595655767767
optimizer_pre_update,519,0.00019098148095508805,0.07242872131647966,0.2374533200870168
optimizer_pre_update,520,0.00019987672931165434,0.08040176597187057,0.24069052114182224
optimizer_pre_update,521,0.0001322500429523643,0.07109960572355718,0.2204385987651087
optimizer_pre_update,522,0.00017734468292474048,0.12513860407960786,0.22458416454086752
optimizer_pre_update,523,0.00012940503847858054,0.06555086714216747,0.16767936432415734
optimizer_pre_update,524,0.0002199906912210281,0.08023649995234723,0.2504914796419909
optimizer_pre_update,525,0.00017129332081822213,0.07285785999624167,0.20267716116894444
optimizer_pre_update,526,0.00016952604346442968,0.06785597294316452,0.3472228475363129
optimizer_pre_update,527,0.0003101509173575323,0.07767219163609022,0.2856416222325426
optimizer_pre_update,528,0.0002728816180024296,0.10376681433014935,0.38670930185818114
optimizer_pre_update,529,0.0001557167652208591,0.13360309283445176,0.23767239996928738
optimizer_pre_update,530,0.00034875535129685886,0.1412286053261061,0.2299284153820269
optimizer_pre_update,531,0.00014508702224702574,0.09531960102103659,0.2856965030517258
optimizer_pre_update,532,0.0001536369341010868,0.05494538831033948,0.2811802108663225
optimizer_pre_update,533,0.0001609411110621295,0.07494659576377895,0.31486847415956537
optimizer_pre_update,534,0.0003209266878911876,0.14987138656600452,0.2502488136736703
optimizer_pre_update,535,0.00023630448140465887,0.1230224243662417,0.24898102447112375
optimizer_pre_update,536,9.694434811535757e-05,0.1257679143650363,0.23491940174289463
optimizer_pre_update,537,0.00015174039072007872,0.08629405794809049,0.2464726433619094
optimizer_pre_update,538,0.00017519518860353855,0.09529430819871318,0.2753447916895144
optimizer_pre_update,539,0.00021432228822959587,0.07469566817198246,0.2547640324821431
optimizer_pre_update,540,0.0002575334183347877,0.06924761745240665,0.2928958366976418
optimizer_pre_update,541,0.00019504986994434148,0.07036284028539669,0.2539378858792654
optimizer_pre_update,542,0.00016316324945364613,0.07216069705077169,0.22476865174445254
optimizer_pre_update,543,0.00018898472626460716,0.05844285608066865,0.3724628124028993
optimizer_pre_update,544,0.00011856854189318256,0.10234432997992245,0.3582291472425299
optimizer_pre_update,545,0.00030734688516531605,0.07329895136532134,0.3520545769019165
optimizer_pre_update,546,0.000301404676065431,0.06998258117786975,0.4514433007609106
optimizer_pre_update,547,0.00014888979740135255,0.12458256426477246,0.2444702199541962
optimizer_pre_update,548,0.0001450616887268552,0.09555809332569644,0.22532253536136335
optimizer_pre_update,549,7.232204211504722e-05,0.07813671177801572,0.24527749492643405
optimizer_pre_update,550,0.0002667274366103811,0.06873273653559421,0.25263417694978835
optimizer_pre_update,551,0.0002719610993153765,0.06999632935786779,0.23800392543598473
optimizer_pre_update,552,0.00016369447439501528,0.07049627805005028,0.24375350007817484
optimizer_pre_update,553,0.00034927838350995444,0.11048507943620117,0.214946329985671
optimizer_pre_update,554,0.00015719645034550922,0.08154139601242479,0.288633438024668
optimizer_pre_update,555,0.00022735372385795927,0.07002352150983253,0.2605937136357671
optimizer_pre_update,556,0.00012350455108389724,0.08248729435337933,0.23834943936659586
optimizer_pre_update,557,0.00010189600470766891,0.10738502188406966,0.24377782422369498
optimizer_pre_update,558,0.0001353934421786107,0.08655985902170653,0.26475446692333465
optimizer_pre_update,559,0.00019821375735773472,0.07508868097974894,0.22857297735174847
optimizer_pre_update,560,0.0002710826738621108,0.06762062826204575,0.2659112251287489
optimizer_pre_update,561,0.00022176765378389973,0.0666641402312255,0.19599728061908486
optimizer_pre_update,562,0.0001610137542229495,0.06017097819016354,0.20147661504309639
optimizer_pre_update,563,0.00042602606845321134,0.0957961604504278,0.2652808700740692
optimizer_pre_update,564,0.0002451207556077861,0.12435892328571155,0.24011340400172257
optimizer_pre_update,565,0.00011279881164227845,0.11594813571663005,0.2109093643731191
optimizer_pre_update,566,0.0001711264294499415,0.10127642042316308,0.2118989098525432
optimizer_pre_update,567,0.00014552362517861184,0.09834848525230541,0.20741440860563534
optimizer_pre_update,568,0.0003197431633452652,0.08367936802225055,0.28771887916769656
optimizer_pre_update,569,0.0002589993237052113,0.1129021150925799,0.30057920430298063
optimizer_pre_update,570,0.000598030546825612,0.09942810052116911,0.22269623505101954
optimizer_pre_update,571,0.0003288600637461059,0.050886734355153326,0.21882177084123533
optimizer_pre_update,572,0.0002998050367750693,0.061075589033226275,0.18744180529498425
optimizer_pre_update,573,0.00016203038740059128,0.056631787910492414,0.206279244983792
optimizer_pre_update,574,0.00031060390756465495,0.07190487830121192,0.21829239343783874
optimizer_pre_update,575,0.00025404803909623297,0.061858304815517934,0.19592740785370233
optimizer_pre_update,576,0.00018028803515335312,0.07083905513456565,0.17908470802900586
optimizer_pre_update,577,0.0001792606008166331,0.06286251042467975,0.18427499818777646
optimizer_pre_update,578,0.00024969131027319236,0.06399955220906005,0.24599295656271153
optimizer_pre_update,579,0.00014701523150506546,0.08776699981855714,0.19047774643465692
optimizer_pre_update,580,0.0002844709924829658,0.0712714181255845,0.1802803840503708
optimizer_pre_update,581,0.00027140752172272187,0.0947020442896935,0.21018960248845808
optimizer_pre_update,582,0.0001832801872296841,0.07290363223949933,0.21960188748025566
optimizer_pre_update,583,0.00016431734411526122,0.065620172260984,0.23327671190458302
optimizer_pre_update,584,0.00022967793483985588,0.06891943812801944,0.20020470437697563
optimizer_pre_update,585,0.0001228027058459702,0.08582848108729894,0.18052899965614372
optimizer_pre_update,586,0.00024176612805604236,0.07450138613670107,0.19017992881547324
optimizer_pre_update,587,0.0001086406427930342,0.10433901078901035,0.1776712322086392
optimizer_pre_update,588,0.0005245387692411896,0.06714989090083014,0.220169408096252
optimizer_pre_update,589,0.00026496686587051954,0.19394644546167894,0.2233082466173036
optimizer_pre_update,590,0.00020937100453011226,0.0978382733937636,0.23596560771133657
optimizer_pre_update,591,0.0002424720714770956,0.11081871486144114,0.22240276630305278
optimizer_pre_update,592,8.031688730625319e-05,0.1033705965502143,0.21708673181407812
optimizer_pre_update,593,6.731152598149492e-05,0.08073094915649413,0.2235311877212674
optimizer_pre_update,594,0.00032550879495829577,0.0993664469333734,0.279639721630073
optimizer_pre_update,595,0.0002394311159150675,0.07050033236711209,0.21134983844458125
optimizer_pre_update,596,0.00018581711083243135,0.07549817825564396,0.200788672110571
optimizer_pre_update,597,0.0002521485130273504,0.06045880921642359,0.2063784679678723
optimizer_pre_update,598,0.00013432614696284872,0.057674212919202286,0.2374332942295157
optimizer_pre_update,599,0.00024075471355899936,0.11169722744472026,0.2581470614474451
optimizer_pre_update,600,0.000384069242500118,0.05964206244235957,0.2090264784339513
optimizer_pre_update,601,0.0003087937875534408,0.08555532407150841,0.20745312709004582
optimizer_pre_update,602,0.00027087703801953467,0.0861157610575302,0.25834516220952725
optimizer_pre_update,603,0.00023515672000939958,0.07502761601808487,0.281649013684694
optimizer_pre_update,604,0.00041810349830484483,0.06351491614289011,0.19364687388144108
optimizer_pre_update,605,0.00012540370562419412,0.07332390298114279,0.16664957766455035
optimizer_pre_update,606,0.0002047460566245718,0.07758255593394295,0.17621113722098583
optimizer_pre_update,607,0.00022664703647023998,0.08715320940029828,0.240160332871142
optimizer_pre_update,608,0.0004608083600032842,0.07167858263706227,0.20007301025706312
optimizer_pre_update,609,0.00012118481299694395,0.0850994554637216,0.1822112333458143
optimizer_pre_update,610,0.0003658454934338806,0.0832584754135752,0.23040478584868573
optimizer_pre_update,611,9.538754920868087e-05,0.10270173716775478,0.2040212028907299
optimizer_pre_update,612,5.944483064013184e-05,0.08287233205845784,0.17776755248946455
optimizer_pre_update,613,0.00012427978526829975,0.0729573882570305,0.17709576780016073
optimizer_pre_update,614,0.00014552995799022028,0.08221214615868384,0.17670518303735364
optimizer_pre_update,615,0.00023734756541671231,0.10589730301499113,0.20717846283109123
optimizer_pre_update,616,0.0001529414244032523,0.13096858620177768,0.25518123624186084
optimizer_pre_update,617,0.00012823529868910555,0.13800456277135234,0.2588509069691106
optimizer_pre_update,618,0.00021743849356425926,0.06369166987843483,0.3586141112158382
optimizer_pre_update,619,0.00010571740767773008,0.06797241332614593,0.2318727861157824
optimizer_pre_update,620,0.00034705400867096614,0.09018312071482269,0.24803610632574968
optimizer_pre_update,621,0.00010407567242509685,0.07077688997558151,0.20811951445323426
optimizer_pre_update,622,0.00013974234752822667,0.06780460678010361,0.2091382401925728
optimizer_pre_update,623,0.00021203756841714494,0.06153635111393227,0.2291030944957534
optimizer_pre_update,624,0.0001345612135992269,0.06258731959191362,0.21900389867688785
optimizer_pre_update,625,0.00010505505042601726,0.1223915913945291,0.2263073300423745
optimizer_pre_update,626,0.0002494130358172697,0.06391367081879815,0.21337438828117006
optimizer_pre_update,627,0.0002403002254141029,0.08456146384670854,0.19263068772468425
optimizer_pre_update,628,0.00019057430472457781,0.05231803824486059,0.28525827827033823
optimizer_pre_update,629,0.00010015741099778097,0.12612558380163447,0.30380875660447243
optimizer_pre_update,630,8.242055992013775e-05,0.1061809038347625,0.2824950131949765
optimizer_pre_update,631,9.061470882443246e-05,0.08472917554954179,0.2489736626254665
optimizer_pre_update,632,0.00014411956408366677,0.0794863526619705,0.2906821703560394
optimizer_pre_update,633,0.00024671294340805616,0.053279933378601305,0.2503161050177979
optimizer_pre_update,634,0.00018881075357057853,0.09607943764915987,0.21305339804396714
optimizer_pre_update,635,0.00019064881144004175,0.07282652365483432,0.23527569647048907
optimizer_pre_update,636,0.0001927588164107874,0.1011807932787484,0.21112810096791637
optimizer_pre_update,637,7.356181845352694e-05,0.07147091884621677,0.4810911745693889
optimizer_pre_update,638,0.0001347638703919074,0.09157315505283624,0.2649679727335036
optimizer_pre_update,639,6.187260260048788e-05,0.07999367965115983,0.2042873977174226
optimizer_pre_update,640,0.00013375543221627595,0.07155968272575816,0.19648640892097627
optimizer_pre_update,641,0.00016090683948277729,0.0479900065657627,0.3036267675490078
optimizer_pre_update,642,0.0002878118366425042,0.06780960248394322,0.22133739364604985
optimizer_pre_update,643,0.0003096643922617659,0.05934698032467958,0.5202328323590361
optimizer_pre_update,644,0.0002718392788665369,0.11860651933303186,0.1713512768926418
optimizer_pre_update,645,0.0002079363957818714,0.08907173357530053,0.18585653651836362
optimizer_pre_update,646,0.00020169764957245206,0.05153862734851199,0.21132591211325635
optimizer_pre_update,647,0.0001416079735463427,0.050867932366834456,0.21476660366050893
optimizer_pre_update,648,0.00014452711047852063,0.09004948091505192,0.30036017785650326
optimizer_pre_update,649,0.00035919063157052733,0.1008736260437346,0.2357360946255494
optimizer_pre_update,650,0.0003221970109734684,0.08773724987339084,0.21843073828226464
optimizer_pre_update,651,0.0003973983293690253,0.07673219558889315,0.2123842814561511
optimizer_pre_update,652,9.851306913333246e-05,0.10697618139813989,0.2784294781817118
optimizer_pre_update,653,0.00013530254727811553,0.10524226888042326,0.32445658804135935
optimizer_pre_update,654,9.464025561101153e-05,0.07052578739270657,0.24027693346485476
optimizer_pre_update,655,0.0002482440340827452,0.1110816223765451,0.20834717271188288
optimizer_pre_update,656,0.00010429546409795876,0.05847306546337653,0.23814354329371729
optimizer_pre_update,657,0.00019762069496209733,0.0781060487282031,0.24917867390576126
optimizer_pre_update,658,0.00010017193926614709,0.04612706177670334,0.2916169966351851
optimizer_pre_update,659,0.00017245151411771076,0.08092315582048595,0.3449760122632308
optimizer_pre_update,660,0.0003180947205692064,0.07604725814865464,0.24559407443181763
optimizer_pre_update,661,0.0005055744259152561,0.0627386539571806,0.2865423248129558
optimizer_pre_update,662,0.0001925978849612875,0.06954794538426362,0.6190293384945179
optimizer_pre_update,663,9.596869585948298e-05,0.07825490215136316,0.17344414276311013
optimizer_pre_update,664,0.00016323067666235147,0.07652579234934963,0.17522025263537905
optimizer_pre_update,665,0.00016970523029158358,0.06863578963576784,0.1837962447309839
optimizer_pre_update,666,0.000157625600877509,0.043007872330302316,0.2646144084444584
optimizer_pre_update,667,0.0002446211901769857,0.09160007790675252,0.2802854517416469
optimizer_pre_update,668,0.00016288869346681167,0.06944376775863768,0.1932231421722896
optimizer_pre_update,669,0.00010959804194499156,0.06618077180064143,0.19649888010603245
optimizer_pre_update,670,0.00014885477958159754,0.0409895329655354,0.30702471148240634
optimizer_pre_update,671,0.00014767274524274399,0.04574893361452994,0.5991814221223963
optimizer_pre_update,672,0.00018008612551057013,0.05747194386651112,0.23541394509497487
optimizer_pre_update,673,0.00021438338353618747,0.059413241053050195,0.21854441083720674
optimizer_pre_update,674,0.00015759319330754806,0.08385598277825339,0.3017286411928801
optimizer_pre_update,675,0.00021421127166831866,0.05386013224606925,0.30014844653016476
optimizer_pre_update,676,0.00016891137147467816,0.07184328136289797,0.21826593084354326
optimizer_pre_update,677,0.00026692264327721205,0.08128385429125277,0.20837581994486234
optimizer_pre_update,678,0.00016020387647586176,0.08818903845768776,0.20716861923752683
optimizer_pre_update,679,0.00016330965263477992,0.09348431144956963,0.2035066745966462
optimizer_pre_update,680,0.00010914504719039542,0.0821931299592201,0.19696693638455334
optimizer_pre_update,681,0.00020432733435882255,0.09559697979988217,0.2083260937756732
optimizer_pre_update,682,9.645819818615564e-05,0.1183774535759905,0.20255936838771313
optimizer_pre_update,683,0.00023699850044067716,0.06836811551520032,0.3137835946341466
optimizer_pre_update,684,0.00016559437153773615,0.06973567371116438,0.6438228073628766
optimizer_pre_update,685,0.00013198852821005858,0.07821070615603223,0.22023500703157217
optimizer_pre_update,686,0.00029602386712213047,0.06885995175264102,0.22287555704478076
optimizer_pre_update,687,0.0001438125996173767,0.049274703634340666,0.2116401432889423
optimizer_pre_update,688,0.00011024251807612018,0.046912306000498234,0.2123696448094405
optimizer_pre_update,689,0.0001512721210019663,0.051393781563689254,0.2531039587820068
optimizer_pre_update,690,0.00035439767270872835,0.05617939139983849,0.2509649656322191
optimizer_pre_update,691,0.00021902584012423176,0.0829029750216878,0.21491943834645677
optimizer_pre_update,692,0.0002449952125971322,0.06853707934604716,0.35160049858893977
optimizer_pre_update,693,0.00028760471104760654,0.0626762123822489,0.23117091130726633
optimizer_pre_update,694,9.224861923939898e-05,0.08341342071372776,0.2402267938405444
optimizer_pre_update,695,0.00038249977660598233,0.06172829385411106,0.22573940337121176
optimizer_pre_update,696,0.000105512887785153,0.07000714825849805,0.18963140731702374
optimizer_pre_update,697,0.0001286990977860114,0.07270813881573626,0.19595395533948434
optimizer_pre_update,698,0.00027595311894401675,0.06939681238028977,0.25321942187622337
optimizer_pre_update,699,0.00032555238249187823,0.08536997841246158,0.23806120766820527
optimizer_pre_update,700,0.00013037994585829438,0.06248270790642636,0.22835844042865608
optimizer_pre_update,701,0.00014181845199345844,0.06647026912090945,0.2234229412265677
optimizer_pre_update,702,0.0001260619642380334,0.12277641121540707,0.18228707211921974
optimizer_pre_update,703,0.00014632493548560888,0.10862168327573317,0.1585059980701035
optimizer_pre_update,704,0.00010620355806167936,0.14493615225951859,0.22509963406381597
optimizer_pre_update,705,0.00013751127289651777,0.12155778379467178,0.2304286199875468
optimizer_pre_update,706,0.00014388636054718518,0.07009432472854908,0.22147690493136968
optimizer_pre_update,707,0.0002276983159390511,0.08008367246765338,0.1946116716577465
optimizer_pre_update,708,0.0003392104135855334,0.10848683157066746,0.24168169628433991
optimizer_pre_update,709,0.0001272164299734868,0.09488815712431829,0.2236273889377745
optimizer_pre_update,710,0.00023259632598637836,0.083080933906623,0.21455247232604874
optimizer_pre_update,711,0.0002173069888158352,0.11151675110480114,0.20007277117861383
optimizer_pre_update,712,0.00019417517250985838,0.1350811202651569,0.3282824107890659
optimizer_pre_update,713,0.00014584176597054466,0.13385179354598614,0.26051351206659534
optimizer_pre_update,714,0.00015470609287149273,0.06867437814038731,0.6217608127883251
optimizer_pre_update,715,0.00024135746298270533,0.058411468231859054,0.27715089494429923
optimizer_pre_update,716,0.00012862421726822504,0.09721049695632052,0.2415618322864776
optimizer_pre_update,717,0.00019079856701864628,0.09124832583176029,0.2539299654949629
optimizer_pre_update,718,0.0001308523164880171,0.06886970247189496,0.18513404430314578
optimizer_pre_update,719,0.0002235081110484316,0.08486384335467706,0.22109813626636132
optimizer_pre_update,720,9.116344290305278e-05,0.041406367342469906,0.23545812539074934
optimizer_pre_update,721,8.441433510597562e-05,0.11274084169341024,0.25467322452127095
optimizer_pre_update,722,0.00012313463139435044,0.10448011081017441,0.16908082968025892
optimizer_pre_update,723,0.00016461052382510388,0.07627083297239456,0.15998924478150922
optimizer_pre_update,724,0.0001434125033483724,0.07427274622965592,0.23750168346560677
optimizer_pre_update,725,0.0002902768610510975,0.11349300375792376,0.19247418633082705
optimizer_pre_update,726,0.00017645135721977567,0.08295888582535076,0.1883596885491671
optimizer_pre_update,727,0.00018873140561481705,0.07479365288191937,0.19595514700676206
optimizer_pre_update,728,0.0001624859869480133,0.05822377779386602,0.23711598491489538
optimizer_pre_update,729,0.0001821380146793672,0.10035795993343144,0.14995388365876466
optimizer_pre_update,730,0.0001267548682335473,0.10891067912407434,0.13720324364187148
optimizer_pre_update,731,0.00015001111023593694,0.08832521651544128,0.1407406677898209
optimizer_pre_update,732,0.0003937330111511983,0.10397670282206961,0.1952725566272713
optimizer_pre_update,733,0.0001284360910176474,0.08212152229612607,0.19904445366056533
optimizer_pre_update,734,0.00010396950165159069,0.07597591400077218,0.18165010579229265
optimizer_pre_update,735,0.00012279078509891406,0.06026015310983129,0.252399281728872
optimizer_pre_update,736,0.00020531341669993708,0.059565507393346304,0.23865655984819445
optimizer_pre_update,737,0.00013315901469468372,0.12856487948401238,0.2360443796413971
optimizer_pre_update,738,0.00012740194961224915,0.05819948381037782,0.23325986644579128
optimizer_pre_update,739,0.00023149848402681528,0.08541539252823017,0.236912831495504
optimizer_pre_update,740,0.00022211186933418503,0.07998121970512188,0.24307196530456449
optimizer_pre_update,741,0.00015620812928318628,0.06109287493623845,0.20309827750626375
optimizer_pre_update,742,0.00014414415090868715,0.09056356378252783,0.20897098353918875
optimizer_pre_update,743,8.541010447515873e-05,0.10274833821818202,0.20890305306750426
optimizer_pre_update,744,0.0001672741041147674,0.09212519509918998,0.20863736141516823
optimizer_pre_update,745,0.00020885281537630362,0.14024939477180287,0.2696736541886555
optimizer_pre_update,746,0.0003446310802246444,0.054007344521314185,0.2006206734059173
optimizer_pre_update,747,0.00018154718145524384,0.0773392092301547,0.18597978011573738
optimizer_pre_update,748,0.00026688576508604456,0.0702539904450203,0.21687059919499987
optimizer_pre_update,749,0.00015634522060281597,0.05674822624126769,0.22070270821425186
optimizer_pre_update,750,0.00018994175297848415,0.08992082851598242,0.1605006055108278
optimizer_pre_update,751,0.0002201955812779488,0.07262862779802516,0.1945738991036317
optimizer_pre_update,752,0.0003398276912776055,0.05873278509183055,0.22168238242221738
optimizer_pre_update,753,0.000258594011029345,0.10093993691812302,0.27096086229515637
optimizer_pre_update,754,0.00019428394989517983,0.0717109028081112,0.19792979150113713
optimizer_pre_update,755,0.0003194801556674065,0.05750567585037547,0.1894682548804118
optimizer_pre_update,756,0.00019340515518706525,0.0525230105780949,0.22238259612320235
optimizer_pre_update,757,0.00014285259203461464,0.07860625748135759,0.3135307465900495
optimizer_pre_update,758,0.00016582943590037758,0.06209756616723381,0.2660878562376713
optimizer_pre_update,759,0.00011099614357590326,0.07819729329519041,0.24266649791150174
optimizer_pre_update,760,0.00014429763177759014,0.06836362342220445,0.17727833468419116
optimizer_pre_update,761,0.000310194873236469,0.10936308470054923,0.256417646468059
optimizer_pre_update,762,0.0002336364295842941,0.1298740064235612,0.22556172161578705
optimizer_pre_update,763,0.00014106668959357194,0.06847556832889812,0.2827712551138334
optimizer_pre_update,764,0.0001191075925817131,0.06825974263386672,0.24286131741463657
optimizer_pre_update,765,0.00021185726200201316,0.16452674595354985,0.24078898484521635
optimizer_pre_update,766,0.00013216622392064892,0.11732042396437105,0.2604747220279325
optimizer_pre_update,767,0.00012295656188143766,0.09029761816187108,0.4183857954846029
optimizer_pre_update,768,0.00015076883255460416,0.06846781234515685,0.3963862493489581
optimizer_pre_update,769,0.00014310106962511782,0.11972157209689356,0.2677835164250806
optimizer_pre_update,770,0.00010707341334637022,0.07608390459904944,0.745097329697479
optimizer_pre_update,771,0.00014290027547758655,0.06115391449651018,0.37873013518401527
optimizer_pre_update,772,0.00015372485177067574,0.06249949751451107,0.5215207554982941
optimizer_pre_update,773,0.0001869373054432799,0.11156470963817067,0.6435286012185247
optimizer_pre_update,774,7.046908240226912e-05,0.08490324888247641,0.24790487480891965
optimizer_pre_update,775,0.0001179747300739109,0.07661573513869922,0.24377953583494896
optimizer_pre_update,776,6.61525891700876e-05,0.07915939246447405,0.24533749464591104
optimizer_pre_update,777,7.008537772890122e-05,0.07451362681556531,0.2229903794283371
optimizer_pre_update,778,0.00012801885759472498,0.13208986648903415,0.23551343788172785
optimizer_pre_update,779,9.922348135660286e-05,0.06899496278642782,0.17913190907081902
optimizer_pre_update,780,0.00014743805331818294,0.08217534250304193,0.2582738537384063
optimizer_pre_update,781,0.00011491999248391949,0.07583347987172724,0.2105857398283732
optimizer_pre_update,782,0.0001121204354603833,0.0702564682637911,0.37785960660271756
optimizer_pre_update,783,0.00023226365738082677,0.08105085400451671,0.30470828219500673
optimizer_pre_update,784,0.00018563531557447277,0.11003784618758009,0.44547219467323407
optimizer_pre_update,785,0.0001310687516706821,0.1415894161703128,0.24390596830177808
optimizer_pre_update,786,0.00021340288549254183,0.14406738785915676,0.23976320069823692
optimizer_pre_update,787,0.00010261647548759356,0.09737044604677049,0.30426689028397147
optimizer_pre_update,788,0.00012338534361333586,0.05696554464032946,0.2873246940994188
optimizer_pre_update,789,0.00012390986239552149,0.0795705054061447,0.3499029967286627
optimizer_pre_update,790,0.0002279713789903326,0.15879393814669615,0.2684741076595792
optimizer_pre_update,791,0.00015768334469612455,0.13023058487973596,0.2585527711310672
optimizer_pre_update,792,6.976165013838909e-05,0.13265287251992253,0.2438026278715162
optimizer_pre_update,793,0.00011204593056390877,0.09297557581205981,0.2546555337435624
optimizer_pre_update,794,9.855590906227008e-05,0.0976518489742668,0.27793596429582457
optimizer_pre_update,795,0.0001467585593672993,0.07870849097159618,0.2712187149715291
optimizer_pre_update,796,0.00015462153032785864,0.07288268212089057,0.3226664493560838
optimizer_pre_update,797,0.00014142394456939655,0.07280857788417505,0.27306991292566646
optimizer_pre_update,798,0.0001276601133213262,0.07577625913799939,0.23270501002763233
optimizer_pre_update,799,0.00010090619525726652,0.061413797430197835,0.4113690977890682
optimizer_pre_update,800,7.121078738236974e-05,0.10716193266559222,0.4000306096370452
optimizer_pre_update,801,0.00018357076078245882,0.07678135972296028,0.38354657992475
optimizer_pre_update,802,0.0001998461802941165,0.07256961955684768,0.4716432598416483
optimizer_pre_update,803,8.316971525346162e-05,0.12990594066810443,0.25301528194312656
optimizer_pre_update,804,8.625127566119772e-05,0.10030891205845055,0.23321167173495616
optimizer_pre_update,805,6.176382385092438e-05,0.08338591308217976,0.2558180272316005
optimizer_pre_update,806,0.00017401576405973174,0.07215851180996391,0.2620612745348102
optimizer_pre_update,807,0.00016556978516746312,0.07288227518243563,0.2473305815350984
optimizer_pre_update,808,0.0001067567641257483,0.07360074391397863,0.2509626737140146
optimizer_pre_update,809,0.00024542734263377497,0.11676384804911466,0.221441746493837
optimizer_pre_update,810,0.00012529343575806706,0.08460904922916306,0.2987313256570944
optimizer_pre_update,811,0.00016637482076475862,0.07341823682935555,0.2801481295472149
optimizer_pre_update,812,0.00010035447985501378,0.08852183308300891,0.2467188301775173
optimizer_pre_update,813,7.825978195796779e-05,0.11061550623497221,0.2696124434920228
optimizer_pre_update,814,9.877123011392541e-05,0.09040668297383685,0.27874330047455226
optimizer_pre_update,815,0.00013289675325722783,0.07834773738242955,0.23458273854359335
optimizer_pre_update,816,0.0001826457719289465,0.06926353801113555,0.27070374323647445
optimizer_pre_update,817,0.00015711337573520723,0.06957369501699578,0.20123580323775167
optimizer_pre_update,818,0.00011947043367399601,0.063151470508033,0.20716122852907798
optimizer_pre_update,819,0.0002757772845143336,0.09621442994141341,0.270172878279024
optimizer_pre_update,820,0.00013346001651370898,0.1318025805040977,0.2474032290066084
optimizer_pre_update,821,8.619465097581269e-05,0.12499837208746775,0.2155542774349607
optimizer_pre_update,822,0.0001033794151226175,0.1037026700579854,0.21606192228418042
optimizer_pre_update,823,9.619332968213712e-05,0.10170278773892347,0.21422469659674018
optimizer_pre_update,824,0.00017985366685024928,0.08650412027385329,0.30608184474314404
optimizer_pre_update,825,0.00019653812341857702,0.11712385985599628,0.3176111743931829
optimizer_pre_update,826,0.0003251068355893949,0.10687524579388276,0.22719141249988176
optimizer_pre_update,827,0.00020709522323159035,0.054188973442809485,0.2221502340998485
optimizer_pre_update,828,0.0001777231727828621,0.06483627248396233,0.19276778368778422
optimizer_pre_update,829,0.00011050254306610441,0.06005552076595504,0.21206537557114788
optimizer_pre_update,830,0.00018416866987536196,0.07688945763600086,0.22316907518673004
optimizer_pre_update,831,0.00017649270921538118,0.06568080405826576,0.19962444474366392
optimizer_pre_update,832,0.00011468678894743789,0.07549256275258108,0.18249830701573203
optimizer_pre_update,833,0.00011110566674688016,0.06655083765866873,0.18712449982202775
optimizer_pre_update,834,0.00014716312352902605,0.0660079350162667,0.24961103241804336
optimizer_pre_update,835,9.511597681921558e-05,0.08895133482936228,0.19463521138572262
optimizer_pre_update,836,0.00019744336896110326,0.07546158794020502,0.1824181652338676
optimizer_pre_update,837,0.00020381659578561084,0.09843857602579809,0.2149089844538825
optimizer_pre_update,838,0.00012384653427943704,0.0766379687040644,0.22213123409823046
optimizer_pre_update,839,0.00011857114941449254,0.06857566767554664,0.24112397203205807
optimizer_pre_update,840,0.0001476749803259736,0.07236012244211644,0.2061379241983947
optimizer_pre_update,841,8.609444012108725e-05,0.09192422153427404,0.18609259515873044
optimizer_pre_update,842,0.0001989927177419304,0.07726341779785272,0.1940321292978607
optimizer_pre_update,843,7.50444837649411e-05,0.1099862927376735,0.18199293534176958
optimizer_pre_update,844,0.00032634176932333503,0.06874787685017619,0.2268958907184197
optimizer_pre_update,845,0.00016190372753044358,0.20446971241687376,0.22810670883886097
optimizer_pre_update,846,0.00013012029512537993,0.10226295218765041,0.30572940066813187
optimizer_pre_update,847,0.00018456690395396436,0.11872719842743681,0.2501227763102999
optimizer_pre_update,848,6.690584268653765e-05,0.10913351644346135,0.22880917538839063
optimizer_pre_update,849,5.551092363020871e-05,0.08391470965289473,0.2343634803890368
optimizer_pre_update,850,0.00018135682148567867,0.1031628322872508,0.28542975088788314
optimizer_pre_update,851,0.00015953667843859876,0.07244297980078146,0.2146782282647483
optimizer_pre_update,852,0.00013414696104518953,0.0797361113334078,0.20431928355770626
optimizer_pre_update,853,0.00015752353010611841,0.06340682269823741,0.2117043409808272
optimizer_pre_update,854,9.528547707304824e-05,0.05980763330433052,0.24371676233689285
optimizer_pre_update,855,0.00014548301987815648,0.11720343718966024,0.26207582997771933
optimizer_pre_update,856,0.00020503588348219637,0.06210872878844441,0.21307540214811774
optimizer_pre_update,857,0.00019781999617407564,0.08894438250029166,0.21082253817982904
optimizer_pre_update,858,0.00017229914919880684,0.08780806641338297,0.26113780318404417
optimizer_pre_update,859,0.0001681167659626226,0.08069990177121925,0.28883380618118976
optimizer_pre_update,860,0.00025971010745706735,0.0652717168500911,0.1979180387905277
optimizer_pre_update,861,0.00010946095062536187,0.07578857917641302,0.1705773807436072
optimizer_pre_update,862,0.0001604631570444326,0.0812739098379101,0.17938753416271344
optimizer_pre_update,863,0.00013506971390597755,0.09291940790151268,0.2441814576742693
optimizer_pre_update,864,0.00029674061079276726,0.07512094599721397,0.20074815473528748
optimizer_pre_update,865,7.331967572099529e-05,0.08811714758068531,0.18763160969567547
optimizer_pre_update,866,0.0002625752267704229,0.08682041304095756,0.23681111967227136
optimizer_pre_update,867,7.945969809952658e-05,0.10774190783643296,0.20934625934067533
optimizer_pre_update,868,4.232451419738936e-05,0.08633074969952922,0.18444545871756185
optimizer_pre_update,869,9.486228327659774e-05,0.07671929037030588,0.1813509763724666
optimizer_pre_update,870,0.00010533593695072341,0.08578956002878482,0.17946072049705789
optimizer_pre_update,871,0.00017054006730177207,0.10967431550202508,0.21276491279520393
optimizer_pre_update,872,0.00011557899551917217,0.13378101976722873,0.2644450283904021
optimizer_pre_update,873,9.323544918515836e-05,0.14351882687394177,0.26486144131614936
optimizer_pre_update,874,0.00016426742331532296,0.06584997851937255,0.3737047228234227
optimizer_pre_update,875,8.809380369712017e-05,0.06954136621548544,0.24292912545287068
optimizer_pre_update,876,0.00019709095613507088,0.09318475977829765,0.25340801916074585
optimizer_pre_update,877,6.011724599375157e-05,0.07500355598356345,0.21245854004789982
optimizer_pre_update,878,9.506270498604863e-05,0.07176468526902646,0.21349262943588146
optimizer_pre_update,879,0.00015148148395383032,0.06409050965086231,0.23456735457563127
optimizer_pre_update,880,9.737610980664613e-05,0.06742104429429358,0.22328211384330884
optimizer_pre_update,881,6.97363188919553e-05,0.1286207526289981,0.23285356406527238
optimizer_pre_update,882,0.00017802678303269204,0.06558777368150191,0.21616607523575104
optimizer_pre_update,883,0.0001510724455329182,0.08729474294934034,0.19455679348841312
optimizer_pre_update,884,0.00014763921763005783,0.05430573445272858,0.28901930423664207
optimizer_pre_update,885,6.823092826380162e-05,0.13028848864642928,0.30402208301131567
optimizer_pre_update,886,6.261244448069192e-05,0.1107868199292176,0.28727903105747604
optimizer_pre_update,887,7.715672427366371e-05,0.0895090233210461,0.2569075162814368
optimizer_pre_update,888,0.00010037645915872417,0.08319901027768062,0.30919283180001467
optimizer_pre_update,889,0.00018385723615210736,0.05623946475577373,0.2581552752238804
optimizer_pre_update,890,0.0001326985670857539,0.10201982458475695,0.2198744652203424
optimizer_pre_update,891,0.00015586316840199288,0.07495386587206256,0.23955796238166244
optimizer_pre_update,892,0.00014383979487320175,0.10546031521261377,0.21543791876784965
optimizer_pre_update,893,4.0888414332584944e-05,0.07490130948641609,0.5176016067576514
optimizer_pre_update,894,0.00010628700420056703,0.09633029063568617,0.2698559323691983
optimizer_pre_update,895,4.659891192204668e-05,0.08276661941434295,0.21037782573744981
optimizer_pre_update,896,9.24211003621167e-05,0.0757201631725025,0.2010797397232104
optimizer_pre_update,897,9.838938876782777e-05,0.050983656360607574,0.34635004868204206
optimizer_pre_update,898,0.00019987002178822877,0.07042913731945909,0.22862670013008451
optimizer_pre_update,899,0.00018404238198854728,0.061229815170190195,0.5433487252716641
optimizer_pre_update,900,0.00018000155887420988,0.12360951199172507,0.1751438122791335
optimizer_pre_update,901,0.00013131871855875943,0.09203396218723543,0.1901264814688225
optimizer_pre_update,902,0.00013445318063531886,0.05345715664873021,0.21688598085962543
optimizer_pre_update,903,0.00010041706400443218,0.052960433050856265,0.22026559983599434
optimizer_pre_update,904,9.880997231448418e-05,0.09319522436206489,0.31981691210529994
optimizer_pre_update,905,0.0002236619620816782,0.10198439978421706,0.23790677659695866
optimizer_pre_update,906,0.00020960234542144462,0.09349817790284386,0.2206665915986902
optimizer_pre_update,907,0.00021795742577523924,0.0820337476393745,0.2164479006600297
optimizer_pre_update,908,6.341412836263771e-05,0.11151431141687809,0.28801405327644164
optimizer_pre_update,909,9.490214461038704e-05,0.11091365367458418,0.34713322673069585
optimizer_pre_update,910,7.778369035804644e-05,0.07428155000381194,0.25163497084893893
optimizer_pre_update,911,0.00014031231603439664,0.11460011403274502,0.21292362106074447
optimizer_pre_update,912,8.885525312507525e-05,0.06067817964094161,0.24331321210585574
optimizer_pre_update,913,0.0001262050136574544,0.08045721236208683,0.25423963866733995
optimizer_pre_update,914,7.256604976646486e-05,0.04832786436232757,0.30400162684024934
optimizer_pre_update,915,0.00013470240173774073,0.08195650278074726,0.36718808101499684
optimizer_pre_update,916,0.00018818565240508178,0.0777152126271818,0.2536889651357555
optimizer_pre_update,917,0.0003327716221974697,0.06443661303142152,0.29215618767731083
optimizer_pre_update,918,0.00014179125628288602,0.07209133852075801,0.6518666269543353
optimizer_pre_update,919,6.49023804726312e-05,0.08156394255840974,0.17665812701997385
optimizer_pre_update,920,9.89530244623893e-05,0.08046778837706035,0.18009909600823026
optimizer_pre_update,921,0.00011453591423560283,0.0720078760350703,0.18793252455298615
optimizer_pre_update,922,0.00010476447869223193,0.0444920762857475,0.2784197876505111
optimizer_pre_update,923,0.00016003065138647798,0.09444031626995666,0.2855607873798617
optimizer_pre_update,924,0.0001314703395109973,0.07303735655379878,0.19741222407757072
optimizer_pre_update,925,8.422434530075407e-05,0.07057659825366432,0.20084421658032633
optimizer_pre_update,926,0.00012340843932179268,0.04224725892785549,0.31529489112438763
optimizer_pre_update,927,0.00011389367364245118,0.0468108637532458,0.6167895603810055
optimizer_pre_update,928,0.00011703297695930814,0.05844012331628161,0.2454818440953718
optimizer_pre_update,929,0.00012504794085543836,0.061263811754866684,0.22241889175722132
optimizer_pre_update,930,0.00011230819109186996,0.08786836066199956,0.3068079169331887
optimizer_pre_update,931,0.00013350956351132481,0.05575639305805191,0.30861203788396596
optimizer_pre_update,932,0.00011612326125032268,0.0742156824310844,0.22826514514083332
optimizer_pre_update,933,0.00017458647653256776,0.08343161902105042,0.21405042574394045
optimizer_pre_update,934,0.0001351337919004436,0.09102257130478986,0.21363442704532332
optimizer_pre_update,935,0.00010545179384280345,0.09730510563573216,0.2095675982974346
optimizer_pre_update,936,7.059834979372681e-05,0.08484609707733451,0.20090895820288415
optimizer_pre_update,937,0.00014113933093540254,0.09814297821110336,0.21442156759624786
optimizer_pre_update,938,6.785802702324872e-05,0.11986253042066607,0.2072969101832157
optimizer_pre_update,939,0.00015101656663318863,0.07071092029145663,0.31827843555129204
optimizer_pre_update,940,0.000115235897283128,0.07265557662683733,0.637262417901183
optimizer_pre_update,941,9.129904356086627e-05,0.08192786197437339,0.22595232721626407
optimizer_pre_update,942,0.00017410032705811318,0.07180493364802706,0.226398378405816
optimizer_pre_update,943,9.759366730577312e-05,0.05059639790356218,0.2171712510556226
optimizer_pre_update,944,8.512474732924602e-05,0.048479214393320126,0.2181442096632288
optimizer_pre_update,945,0.00011259801885898924,0.053444420055598914,0.2720868362721064
optimizer_pre_update,946,0.00020318962924648076,0.05719329965410751,0.2524300745578142
optimizer_pre_update,947,0.00015456155324500287,0.08552989748620833,0.22100256070947638
optimizer_pre_update,948,0.00013253837960292003,0.07064846593377992,0.38696469739304423
optimizer_pre_update,949,0.000201291220037092,0.0636162513874916,0.23466700723804812
optimizer_pre_update,950,7.021427359177324e-05,0.08622844394602296,0.2469556371300559
optimizer_pre_update,951,0.00021728352021455066,0.06342562758667838,0.22821418824468567
optimizer_pre_update,952,8.027777175811934e-05,0.0717660686076452,0.19433405114897354
optimizer_pre_update,953,0.00011146739416290075,0.07462502930484476,0.20087537481461654
optimizer_pre_update,954,0.0001841083185354364,0.07185031741700922,0.26968641904903995
optimizer_pre_update,955,0.0002263385840706178,0.08647337181469009,0.24299402831247993
optimizer_pre_update,956,9.013824364956236e-05,0.06339870067543885,0.237974620937518
optimizer_pre_update,957,0.00010632016028466751,0.06761516991757822,0.22950630709592704
optimizer_pre_update,958,9.142458566202549e-05,0.12771607987905567,0.18922828683955265
optimizer_pre_update,959,9.519867762719514e-05,0.115637749571927,0.16280011741483788
optimizer_pre_update,960,8.53598130561295e-05,0.15105236046726395,0.22752847150591407
optimizer_pre_update,961,0.00010816939311553142,0.12578730771190938,0.23360843991428704
optimizer_pre_update,962,8.278675522888079e-05,0.07194338807736801,0.2273023157345867
optimizer_pre_update,963,0.0001486815540374664,0.08326408512363603,0.19866945681427384
optimizer_pre_update,964,0.0004947062698192894,0.11942086466876191,0.24711301661634608
optimizer_pre_update,965,9.217858450938365e-05,0.09802378493093532,0.229894445826045
optimizer_pre_update,966,0.00017654225393926026,0.08381936748050023,0.23232012308176944
optimizer_pre_update,967,0.00012085363414371386,0.11435263441437948,0.20430586055886163
optimizer_pre_update,968,0.00012653581961785676,0.13819936383323725,0.34632214934152933
optimizer_pre_update,969,0.00011754930164897814,0.13916371010185027,0.28682456034719606
optimizer_pre_update,970,9.61411769822007e-05,0.06795101432866579,0.6626017522687142
optimizer_pre_update,971,0.00018282197743246797,0.05965494310591038,0.2850371854622887
optimizer_pre_update,972,8.482635121254134e-05,0.0998418214294759,0.24555328942447338
optimizer_pre_update,973,0.00013058781769359484,0.09398559316837456,0.25478446308823716
optimizer_pre_update,974,8.681789086040226e-05,0.07023688730130374,0.1889531053005419
optimizer_pre_update,975,0.00013778806032860302,0.08694379188374934,0.2223696952826635
optimizer_pre_update,976,7.563643293906352e-05,0.04334448958667318,0.2421593122399644
optimizer_pre_update,977,6.256960500650166e-05,0.11576207600854103,0.2609261421490201
optimizer_pre_update,978,9.892769412545022e-05,0.10960222554109436,0.17425882819920957
optimizer_pre_update,979,0.00013009272788622184,0.08015101127479443,0.1668418302203169
optimizer_pre_update,980,9.103007778321626e-05,0.07618995699009333,0.24331247019504984
optimizer_pre_update,981,0.00017833002129918896,0.11556002594361119,0.19510963652770733
optimizer_pre_update,982,0.00013792515210298006,0.08412555646925718,0.19482781706769345
optimizer_pre_update,983,0.00013320036532604718,0.07523941990053394,0.20471511684591628
optimizer_pre_update,984,0.00013571717317972798,0.05949662593362147,0.25165310284941483
optimizer_pre_update,985,0.0001280844230677758,0.10235386014815824,0.15211002460147924
optimizer_pre_update,986,9.382441749039572e-05,0.11520402999280421,0.1394516103731161
optimizer_pre_update,987,0.00010124482332685147,0.09295735205978993,0.1437513658777003
optimizer_pre_update,988,0.0002488445506969583,0.10562079160631374,0.1987345689882538
optimizer_pre_update,989,9.540133169139153e-05,0.08334671316217378,0.20268823294450308
optimizer_pre_update,990,7.392130896732851e-05,0.07893757890651835,0.18478467453140585
optimizer_pre_update,991,9.891577246889938e-05,0.06125959627804831,0.2639385329750104
optimizer_pre_update,992,0.00017010942383421934,0.061595665433242505,0.25260269658948414
optimizer_pre_update,993,0.00010637454897732823,0.13463873358590947,0.23796499201807955
optimizer_pre_update,994,9.047426374308998e-05,0.05995263598411643,0.2386502925585219
optimizer_pre_update,995,0.00015707500324424473,0.08612933609445554,0.2393525194789177
optimizer_pre_update,996,0.000164727496667183,0.08176124715988024,0.25249756763243614
optimizer_pre_update,997,0.00013210997258283896,0.06418420318052082,0.20345975668200209
optimizer_pre_update,998,0.00011927411287615541,0.09238808848080614,0.21095103561844097
optimizer_pre_update,999,7.360652216448216e-05,0.10518897853560143,0.2137593547300477
optimizer_pre_update,1000,0.00010450519857840845,0.09629873419653798,0.21196884320133216
optimizer_pre_update,1001,0.00012179054556327173,0.14193061470393786,0.27882030659870155
optimizer_pre_update,1002,0.0002183709302698844,0.05615451167209469,0.2050733132461174
optimizer_pre_update,1003,0.00013403594812189112,0.07864941336047127,0.19300757816080585
optimizer_pre_update,1004,0.00021194257260503946,0.07177391946035154,0.2206279847105428
optimizer_pre_update,1005,9.972974794436595e-05,0.0593792402287295,0.2309688283059673
optimizer_pre_update,1006,0.00013781003826807137,0.09265144146939679,0.16300697997778138
optimizer_pre_update,1007,0.00014307759965959121,0.07461121784191309,0.199921681120087
optimizer_pre_update,1008,0.0002563897587606334,0.058349566034879743,0.22597115338978924
optimizer_pre_update,1009,0.0001834366503317142,0.10229785570306736,0.27279625936656454
optimizer_pre_update,1010,0.00010891072588492534,0.07337375687885088,0.20241281180567197
optimizer_pre_update,1011,0.00016710013460397022,0.05814875249915332,0.19332811303129963
optimizer_pre_update,1012,0.00013792067829854204,0.053340507303236834,0.22915125641909603
optimizer_pre_update,1013,8.455664101347793e-05,0.08077448104859039,0.335896723464841
optimizer_pre_update,1014,0.00012795701832146733,0.06327357221338616,0.2763969356437243
optimizer_pre_update,1015,7.906332712082076e-05,0.08054639923447494,0.24446538893460912
optimizer_pre_update,1016,0.0001003362253868545,0.06985106987924429,0.18093611316424274
optimizer_pre_update,1017,0.00020429604137461865,0.11184135614340288,0.2662589620970875
optimizer_pre_update,1018,0.00013017505671086838,0.1332619624571992,0.23010196697682997
optimizer_pre_update,1019,0.00011467822241684189,0.07021520068377385,0.29467856071368265
optimizer_pre_update,1020,9.183101474263822e-05,0.06921777284024117,0.24596035545518868
optimizer_pre_update,1021,0.0001387540278301458,0.1686640129401059,0.24636078962226435
optimizer_pre_update,1022,8.718744038560544e-05,0.1194717230040881,0.26775512319271894
optimizer_pre_update,1023,9.362064429296879e-05,0.09318196452240744,0.4384722393730736
optimizer_pre_update,1024,0.0001089271177079354,0.07013548550054106,0.428903506809168
optimizer_pre_update,1025,0.00011442080358392559,0.12323753355845193,0.27515768353226905
optimizer_pre_update,1026,7.843896992199006e-05,0.07784782607642142,0.781706780021614
optimizer_pre_update,1027,0.00010640286063789972,0.06422297168423319,0.4021831924079425
optimizer_pre_update,1028,0.0001354493247163191,0.06405785083377215,0.5590523655579036
optimizer_pre_update,1029,0.0001414936059518368,0.11271459656289395,0.6545921453543277
optimizer_pre_update,1030,6.635710747104895e-05,0.08747519673086324,0.24847371060936815
optimizer_pre_update,1031,7.783100090819062e-05,0.07896865111838273,0.24707409531114374
optimizer_pre_update,1032,6.417855820473051e-05,0.08103364503371722,0.24840512761189082
optimizer_pre_update,1033,5.999878135298786e-05,0.07667212967552091,0.22807940252134332
optimizer_pre_update,1034,0.0001019891365103831,0.13407670349764875,0.2408154716762794
optimizer_pre_update,1035,7.983446312209708e-05,0.07153378929505225,0.18367341764173387
optimizer_pre_update,1036,0.00011316538075334392,0.08315634197814148,0.2637312253406748
optimizer_pre_update,1037,8.554533314963919e-05,0.07737242035566187,0.2161542144948585
optimizer_pre_update,1038,8.002780441529467e-05,0.07144256383191512,0.40577413730841705
optimizer_pre_update,1039,0.0001867819619292277,0.08222750138611755,0.3107883599644864
optimizer_pre_update,1040,0.00013824105371895712,0.11217768589576271,0.4617437736681083
optimizer_pre_update,1041,9.340644010080723e-05,0.14420473136174491,0.24726815831561041
optimizer_pre_update,1042,0.00014695972504341626,0.14806748973520917,0.24472504640906728
optimizer_pre_update,1043,8.594244900450576e-05,0.09879177883706766,0.31014917866575437
optimizer_pre_update,1044,9.811036397877615e-05,0.058150956292820126,0.290848003973029
optimizer_pre_update,1045,0.00010322332627765718,0.08071205698856095,0.36229784107589985
optimizer_pre_update,1046,0.0001568432926433161,0.16159752557221466,0.26748810903242265
optimizer_pre_update,1047,0.00010404475187897333,0.13157922724627752,0.2627033176764493
optimizer_pre_update,1048,5.275867988530081e-05,0.1354757030376913,0.2487203874181014
optimizer_pre_update,1049,8.419640607826295e-05,0.09649830581417027,0.2618021172116046
optimizer_pre_update,1050,6.863065277684655e-05,0.09941148701810612,0.2817590277454322
optimizer_pre_update,1051,0.00011827014714071993,0.07883326561450606,0.2796187002719517
optimizer_pre_update,1052,0.00010277554520143894,0.07439039407997468,0.33288058146703015
optimizer_pre_update,1053,9.86188670140109e-05,0.07362237383879462,0.28665265268477225
optimizer_pre_update,1054,0.00010899379913098528,0.0762939557648816,0.2372034371286156
optimizer_pre_update,1055,7.281117223101319e-05,0.06358981451519549,0.42148341596508354
optimizer_pre_update,1056,6.727017580487882e-05,0.10991645146656849,0.43367504454122885
optimizer_pre_update,1057,0.00013755485633737408,0.07873110774798742,0.38831920694112126
optimizer_pre_update,1058,0.00014890246211507474,0.07454657842769713,0.47526659023357315
optimizer_pre_update,1059,5.848668661201373e-05,0.1313865495642239,0.25552332655597015
optimizer_pre_update,1060,5.5053458254405996e-05,0.10240207870807924,0.23776928583044846
optimizer_pre_update,1061,5.180686753192276e-05,0.0865131057154637,0.2618292021274025
optimizer_pre_update,1062,0.00011839755052278633,0.07303838697663526,0.26845778771481316
optimizer_pre_update,1063,0.0001260664353139873,0.0744074398701679,0.2526082193097804
optimizer_pre_update,1064,7.870867921155877e-05,0.0743178483535989,0.25738928037370273
optimizer_pre_update,1065,0.00015432723057529074,0.12064481258699555,0.22669692508707054
optimizer_pre_update,1066,9.62827366493002e-05,0.0864225861789963,0.310043943441388
optimizer_pre_update,1067,0.00011672862001432804,0.07558115398830763,0.28852547421627645
optimizer_pre_update,1068,8.180290660675382e-05,0.09072802629484689,0.2507512092125126
optimizer_pre_update,1069,6.056428060219332e-05,0.1121296730518438,0.2845138081439458
optimizer_pre_update,1070,7.518753614021989e-05,0.09169042791300543,0.2899585544612222
optimizer_pre_update,1071,0.00010066330628433207,0.08078405309370981,0.23921716513571734
optimizer_pre_update,1072,0.00013485849149219575,0.07036629814529669,0.2749281931913494
optimizer_pre_update,1073,0.0001268628998332133,0.07051293779608558,0.20418386678901176
optimizer_pre_update,1074,9.556114810038707e-05,0.06426178338194398,0.21135878155697183
optimizer_pre_update,1075,0.00018653013103175908,0.09647501880335538,0.2746561736323775
optimizer_pre_update,1076,8.805431571090594e-05,0.1330232973967072,0.25197798907119345
optimizer_pre_update,1077,6.948672375983733e-05,0.12422208662169089,0.22050062809640023
optimizer_pre_update,1078,7.261447763085016e-05,0.10635418296998961,0.21978879072866406
optimizer_pre_update,1079,8.484572208544705e-05,0.10445796384644943,0.21723816127709483
optimizer_pre_update,1080,0.00012040250112477224,0.08841623317487493,0.31099352331003044
optimizer_pre_update,1081,0.00015656128834962146,0.11955495964551655,0.3436922036881357
optimizer_pre_update,1082,0.0001769553900885512,0.10793982647693151,0.2320258683813216
optimizer_pre_update,1083,0.00015217177951853955,0.05600042022352055,0.22582670738013827
optimizer_pre_update,1084,0.00010647326735124807,0.06732932206867125,0.19516377980259547
optimizer_pre_update,1085,9.448565651837271e-05,0.06212184396079965,0.21767525418786698
optimizer_pre_update,1086,0.00013326332191354595,0.07773327190696128,0.22740377833102235
optimizer_pre_update,1087,0.00013612099428428337,0.06703041825965242,0.2038870360588959
optimizer_pre_update,1088,9.33036226342665e-05,0.07733290320883657,0.18344274649836703
optimizer_pre_update,1089,8.142218212014996e-05,0.06768610074679898,0.1901270838038578
optimizer_pre_update,1090,0.00010055937127617653,0.06722577691280919,0.2532469130721581
optimizer_pre_update,1091,6.902665018060361e-05,0.09073369749885833,0.19636618389726196
optimizer_pre_update,1092,0.00014868155631120317,0.07636211259337074,0.18469498174115018
optimizer_pre_update,1093,0.00015577413569189957,0.10047259522765167,0.21806632265703627
optimizer_pre_update,1094,9.676031868366408e-05,0.07833685497565925,0.2255457732552523
optimizer_pre_update,1095,8.902363697416149e-05,0.07074651385567542,0.2467906632514976
optimizer_pre_update,1096,0.00010002367434935877,0.07293033758456235,0.21101637836146372
optimizer_pre_update,1097,7.067434648888593e-05,0.09512566639793041,0.1895506466510993
optimizer_pre_update,1098,0.00016003884593374096,0.07849742988919937,0.1966920005593642
optimizer_pre_update,1099,5.860366036358755e-05,0.11244274293253437,0.1850773427563535
optimizer_pre_update,1100,0.00022882596203999128,0.07089754715542033,0.2318732927316168
optimizer_pre_update,1101,0.00011029951429009088,0.20613498191837168,0.23106384591322426
optimizer_pre_update,1102,9.83465483841428e-05,0.10354532026605491,0.2937281393986075
optimizer_pre_update,1103,0.0001521296826467733,0.12344806778127124,0.25809030300945707
optimizer_pre_update,1104,6.038956485099334e-05,0.11134192611383088,0.23432174816305015
optimizer_pre_update,1105,5.256459189695306e-05,0.08554619773507553,0.2396140752240186
optimizer_pre_update,1106,0.00011866763725265628,0.10475010460006837,0.29190417113525174
optimizer_pre_update,1107,0.0001076642442967568,0.07309152086537424,0.21760083705315136
optimizer_pre_update,1108,0.00010849014097402687,0.08243895793503149,0.20676199671500847
optimizer_pre_update,1109,0.00011686571133395773,0.06405723264267038,0.21597522134336714
optimizer_pre_update,1110,6.785914365536883e-05,0.06144683439301034,0.24871867185001653
optimizer_pre_update,1111,0.00010712184075600817,0.11889342894496985,0.2663539838658819
optimizer_pre_update,1112,0.0001329768474533921,0.06330807414694886,0.2184088535865812
optimizer_pre_update,1113,0.00012877062317784294,0.09021793335717095,0.2141465907765829
optimizer_pre_update,1114,0.0001117285373766208,0.08880725375817909,0.26611980012928077
optimizer_pre_update,1115,0.00011656657079583965,0.0823675046268423,0.2937206957411985
optimizer_pre_update,1116,0.00019045397766603855,0.06608671103948628,0.20080124633740912
optimizer_pre_update,1117,8.316822436427174e-05,0.07656333012148925,0.17267158212926786
optimizer_pre_update,1118,0.0001104846610360255,0.08272615108306859,0.1814950207623466
optimizer_pre_update,1119,9.838119285632274e-05,0.09477400493044871,0.24518492152176977
optimizer_pre_update,1120,0.00017487332388554933,0.07757322373427071,0.2026379848425932
optimizer_pre_update,1121,5.2192063094480545e-05,0.08879431704380858,0.19012560289914177
optimizer_pre_update,1122,0.0002028230601354153,0.08848363159575151,0.23970349306769864
optimizer_pre_update,1123,7.343776678681024e-05,0.10862054053689278,0.2146370504775605
optimizer_pre_update,1124,3.677234121823858e-05,0.08844782527455541,0.1866072685772424
optimizer_pre_update,1125,7.529631420766236e-05,0.07908995636718834,0.18412879502062188
optimizer_pre_update,1126,8.273124831248424e-05,0.08800457510286762,0.18131307798913562
optimizer_pre_update,1127,0.00011853613250423223,0.1112848580980192,0.21514597027687768
optimizer_pre_update,1128,9.325668315796065e-05,0.1356794219725511,0.2688359461182987
optimizer_pre_update,1129,7.016919676061661e-05,0.14406084484129428,0.2660189726153118
optimizer_pre_update,1130,0.0001259561649931129,0.06670522406076312,0.3875044772855396
optimizer_pre_update,1131,6.95955027367745e-05,0.07023802440372054,0.25217667566935104
optimizer_pre_update,1132,0.00011164583429490449,0.09453172839319698,0.25601290768450785
optimizer_pre_update,1133,4.7709793307149084e-05,0.07562538084154288,0.21455474618120432
optimizer_pre_update,1134,7.232390476019646e-05,0.07346068582634217,0.21742171128930435
optimizer_pre_update,1135,0.00011178702288816567,0.06418760979025948,0.2407844292429771
optimizer_pre_update,1136,8.290298364954651e-05,0.06827251619494921,0.22227344945645428
optimizer_pre_update,1137,6.270967514865333e-05,0.1304967520198407,0.23526599284418473
optimizer_pre_update,1138,0.00014328025508802966,0.0662668945069997,0.2180926465501544
optimizer_pre_update,1139,0.00010482184779903037,0.08802351148847345,0.19837663913389297
optimizer_pre_update,1140,0.00011440999969636323,0.05567326047884913,0.29600753647089967
optimizer_pre_update,1141,5.2839890486211516e-05,0.13157753446916312,0.3079527686452129
optimizer_pre_update,1142,5.337633251656371e-05,0.11165755934192406,0.29048184119866544
optimizer_pre_update,1143,5.831048110849224e-05,0.0916115425430633,0.2595151060609234
optimizer_pre_update,1144,8.252971019828692e-05,0.08485057203946511,0.31294083250295374
optimizer_pre_update,1145,0.00014715046063429327,0.05770817856019224,0.2610148606155919
optimizer_pre_update,1146,0.00011050999319195398,0.10401117946111597,0.22383505222876657
optimizer_pre_update,1147,0.00011965222756771254,0.075983737591475,0.24330438380102334
optimizer_pre_update,1148,0.00011432096471253317,0.10834818006089894,0.21888171981894977
optimizer_pre_update,1149,3.734491860996059e-05,0.07623501071867929,0.5463250123422188
optimizer_pre_update,1150,8.29987238830654e-05,0.0983014315607303,0.2760289190527535
optimizer_pre_update,1151,4.3382123976698495e-05,0.0840877270772836,0.2143417306455059
optimizer_pre_update,1152,6.926283367647557e-05,0.07736391830995756,0.20655983453645396
optimizer_pre_update,1153,7.498189961552271e-05,0.052692592072271,0.36421280265686723
optimizer_pre_update,1154,0.00014085509201322566,0.07130949449534228,0.2352244081042879
optimizer_pre_update,1155,0.00012167990371381165,0.06222690876781638,0.549682095206891
optimizer_pre_update,1156,0.00013078414121991955,0.12468974239690464,0.177712945458479
optimizer_pre_update,1157,0.00010759756105471752,0.094665884374341,0.19320412923834424
optimizer_pre_update,1158,0.00010465644436408184,0.054445720383211355,0.2209851558085757
optimizer_pre_update,1159,8.74321931405575e-05,0.05427640606240882,0.22333149453677698
optimizer_pre_update,1160,7.785745128785493e-05,0.09470830277995401,0.3294067108922015
optimizer_pre_update,1161,0.00014756918244529516,0.10298024474239938,0.2397790361317334
optimizer_pre_update,1162,0.00015424378580064513,0.09583231194775713,0.22371786243454067
optimizer_pre_update,1163,0.00013564899882112513,0.08563531468417712,0.22036478220698366
optimizer_pre_update,1164,4.8774481683722115e-05,0.11479934391657966,0.2915391766284048
optimizer_pre_update,1165,7.183104889918468e-05,0.11272391413237602,0.3516713560351406
optimizer_pre_update,1166,6.519258181469922e-05,0.0762823187963064,0.2595454363474596
optimizer_pre_update,1167,8.496046120853862e-05,0.11574724170883881,0.21638633079288383
optimizer_pre_update,1168,7.43467371648876e-05,0.06145530732311492,0.24929492366120737
optimizer_pre_update,1169,9.201951525028562e-05,0.0813174135331463,0.25520395829615783
optimizer_pre_update,1170,6.054714367564884e-05,0.04932440226750808,0.30464175084895634
optimizer_pre_update,1171,0.00010387674046796747,0.08331568226567483,0.3802717081489443
optimizer_pre_update,1172,0.00011959485937040881,0.07851733228070196,0.2551388863646544
optimizer_pre_update,1173,0.00023170821805251762,0.06726358049395917,0.30740433836630515
optimizer_pre_update,1174,0.00011272766005276935,0.07353243583282174,0.6598370444010018
optimizer_pre_update,1175,5.4786354212410515e-05,0.08350462163115391,0.17920434850962566
optimizer_pre_update,1176,6.627962170568935e-05,0.0833852477733,0.18166265817217495
optimizer_pre_update,1177,8.574500861868728e-05,0.07370403580328265,0.19053577731890822
optimizer_pre_update,1178,7.492266695408034e-05,0.045064284898772886,0.29276237611711703
optimizer_pre_update,1179,0.00012717582558252616,0.09618422717308489,0.290397465826226
optimizer_pre_update,1180,0.00010879300862143282,0.07321449882966458,0.1992072248203406
optimizer_pre_update,1181,6.357394363476487e-05,0.07305535107029394,0.2036441669668777
optimizer_pre_update,1182,0.00010998361040037707,0.04322774927154374,0.3202951816286233
optimizer_pre_update,1183,9.319782429884071e-05,0.04760491177716327,0.6339099509238013
optimizer_pre_update,1184,9.566769176672096e-05,0.059340204312542756,0.25087137521999736
optimizer_pre_update,1185,8.723177097635926e-05,0.06312811667891642,0.22638271205637545
optimizer_pre_update,1186,8.80345719451725e-05,0.08933101747184402,0.3118682077340988
optimizer_pre_update,1187,8.415505408265744e-05,0.057300653220667165,0.3122193967416733
optimizer_pre_update,1188,8.99739579836023e-05,0.07522287156258241,0.22981035910705472
optimizer_pre_update,1189,0.00011913776506844442,0.08636545555650756,0.22003406506450218
optimizer_pre_update,1190,0.0001068983247023425,0.09348870688594005,0.2195694279439152
optimizer_pre_update,1191,6.804876170463103e-05,0.09898934154824952,0.21435718153420044
optimizer_pre_update,1192,5.699992311747337e-05,0.08661378397822936,0.20500670373772134
optimizer_pre_update,1193,0.00011261739155088435,0.09884610823275095,0.21833146047979135
optimizer_pre_update,1194,5.9371442830524757e-05,0.12247380528284138,0.21010215925075212
optimizer_pre_update,1195,0.00010974668202834437,0.07211818409857566,0.31840662975793715
optimizer_pre_update,1196,8.45890499476809e-05,0.07370746865641924,0.6637044103772275
optimizer_pre_update,1197,7.297881052181765e-05,0.08294343483713743,0.22877696882813953
optimizer_pre_update,1198,0.00012495145301727462,0.07181506693317553,0.22843039318989267
optimizer_pre_update,1199,7.665828024983057e-05,0.052152275906278675,0.22103819536597408
optimizer_pre_update,1200,7.009841579019849e-05,0.04934206312673052,0.2233737002029656
optimizer_pre_update,1201,7.76309534558095e-05,0.05424854811699138,0.27277805135837435
optimizer_pre_update,1202,0.0001460451640014071,0.05690759260842457,0.25315839372508264
optimizer_pre_update,1203,0.00011150464661113801,0.0874965646296794,0.22471808706905255
optimizer_pre_update,1204,8.841045337248943e-05,0.07217152905423531,0.4145641052022609
optimizer_pre_update,1205,0.00013939105247118277,0.0648221987490007,0.23739427668386648
optimizer_pre_update,1206,5.6119263945220155e-05,0.08712189914942728,0.25017230117137773
optimizer_pre_update,1207,0.00014049038645680412,0.06353286686252355,0.23099304633374543
optimizer_pre_update,1208,6.684437562398671e-05,0.07393620133139049,0.1970795074629601
optimizer_pre_update,1209,7.917285120129236e-05,0.0764085033880803,0.2033029135885325
optimizer_pre_update,1210,0.00011988766709691845,0.07387108045984692,0.27530220346248374
optimizer_pre_update,1211,0.00016641058300592704,0.08837576406929015,0.2514034714025374
optimizer_pre_update,1212,7.623359715580591e-05,0.06459082241215083,0.23937156936847043
optimizer_pre_update,1213,7.834620896574052e-05,0.06814721604019387,0.23319256809350442
optimizer_pre_update,1214,7.668622038181638e-05,0.13063622083529505,0.19231739234206965
optimizer_pre_update,1215,7.577166093142296e-05,0.11763280031478976,0.16504393883490462
optimizer_pre_update,1216,6.362013596117322e-05,0.15366985052064056,0.23075843520550646
optimizer_pre_update,1217,7.849261373849004e-05,0.12796418127426126,0.23438800860398337
optimizer_pre_update,1218,5.541928180718969e-05,0.0727763179606875,0.2286250485792907
optimizer_pre_update,1219,0.0001057732861227123,0.08475343841021386,0.20299854358388025
optimizer_pre_update,1220,0.0005513228552445071,0.1118329740216219,0.24692795877170204
optimizer_pre_update,1221,8.543022067897255e-05,0.09791981398016089,0.23089566214598886
optimizer_pre_update,1222,0.0001389183130413585,0.0839855240385801,0.23571479788516975
optimizer_pre_update,1223,8.018314974833629e-05,0.11610980497965301,0.20752132486174393
optimizer_pre_update,1224,9.435713400307577e-05,0.1411141724847028,0.3547943540608136
optimizer_pre_update,1225,9.355805968880304e-05,0.14370873872838513,0.2906840784613234
optimizer_pre_update,1226,7.216371750473627e-05,0.06870238724322127,0.6623620579493721
optimizer_pre_update,1227,0.0001418542146893742,0.061026731448622085,0.28252333606213065
optimizer_pre_update,1228,7.534250744356541e-05,0.10231656562138707,0.2523260490970165
optimizer_pre_update,1229,0.00010474696864548605,0.09630019539711991,0.26981986927066814
optimizer_pre_update,1230,7.223077318485593e-05,0.07209036563941051,0.19226591203402338
optimizer_pre_update,1231,0.00010342002087782021,0.08809240049592731,0.22467302097478617
optimizer_pre_update,1232,6.933361419214634e-05,0.04397023918626527,0.24477189964751858
optimizer_pre_update,1233,5.451366382658307e-05,0.11864122658092248,0.2656925470916144
optimizer_pre_update,1234,7.534399765063426e-05,0.11263405535385414,0.17726113778566271
optimizer_pre_update,1235,0.00011090114912803983,0.08162241584003142,0.17073437994443097
optimizer_pre_update,1236,7.135048622330942e-05,0.07722330141208662,0.24783716450290547
optimizer_pre_update,1237,0.0001191906653730257,0.11904332866457477,0.19976547683496226
optimizer_pre_update,1238,0.00011547170834091958,0.08600664237826118,0.2023415277568874
optimizer_pre_update,1239,9.992197374231182e-05,0.07852505880321956,0.2125297385248704
optimizer_pre_update,1240,9.856634005700471e-05,0.06116673838943515,0.2560108732532648
optimizer_pre_update,1241,9.778887215361465e-05,0.10431491849120043,0.15534938535054013
optimizer_pre_update,1242,6.643086749136273e-05,0.11836229631801158,0.1419941629543215
optimizer_pre_update,1243,8.983239604276605e-05,0.09788048201176679,0.14592397294712955
optimizer_pre_update,1244,0.0001591876171005424,0.10780620254722773,0.2021070028140349
optimizer_pre_update,1245,8.107088615361135e-05,0.08516028795723413,0.2070506818058783
optimizer_pre_update,1246,5.8548526340018725e-05,0.07938103822331068,0.18972450247400027
optimizer_pre_update,1247,8.390136099478696e-05,0.06227637505781317,0.2686499018882152
optimizer_pre_update,1248,0.00013553873077398748,0.06173016046241868,0.2575883895822179
optimizer_pre_update,1249,9.986683744500624e-05,0.1392336187397695,0.24517716255080962
optimizer_pre_update,1250,7.881261581133003e-05,0.061347211309166226,0.24387717236497777
optimizer_pre_update,1251,0.00010666102298273472,0.08709638299740799,0.2394191571137465
optimizer_pre_update,1252,0.00012141131082898937,0.08373802408275145,0.2607072758012392
optimizer_pre_update,1253,0.00020996220700908452,0.06634360267190531,0.21448577154538997
optimizer_pre_update,1254,8.566491396777565e-05,0.09485751413170504,0.21617675079942275
optimizer_pre_update,1255,5.4858626072018524e-05,0.10699280531988468,0.21840263450934824
optimizer_pre_update,1256,7.416270796056779e-05,0.09933452517565058,0.21710693556100266
optimizer_pre_update,1257,0.00010461472174938535,0.14646375920295376,0.27788759732690266
optimizer_pre_update,1258,0.000157418104208773,0.05869436499020683,0.20663003771612978
optimizer_pre_update,1259,0.00010052956668005208,0.07985395655770944,0.2003757224182013
optimizer_pre_update,1260,0.00015935339251882397,0.07305049408550471,0.2248727850050178
optimizer_pre_update,1261,8.112713794616866e-05,0.06052439260833286,0.2306505277768428
optimizer_pre_update,1262,0.00011760145525840926,0.0946341661129079,0.165228321391471
optimizer_pre_update,1263,0.00011173859411428566,0.07638834574044272,0.20343077650521185
optimizer_pre_update,1264,0.0001848001070356986,0.0579811859542541,0.23173147050399548
optimizer_pre_update,1265,0.00013783835083813756,0.10860476910368422,0.2801782778465829
optimizer_pre_update,1266,8.667372321724542e-05,0.07411735053356171,0.20474292610191028
optimizer_pre_update,1267,0.00010975301347571076,0.059575785654592144,0.19605844869804462
optimizer_pre_update,1268,0.00011280290846116259,0.05431273436785472,0.23190268869736852
optimizer_pre_update,1269,8.620210110166227e-05,0.08391750690679337,0.3404926799531059
optimizer_pre_update,1270,9.77519907792157e-05,0.06295622981799373,0.2773532442215927
optimizer_pre_update,1271,5.89553280860855e-05,0.08213534955419587,0.24800446155979794
optimizer_pre_update,1272,7.906295513748773e-05,0.06985600030355497,0.18407585492000247
optimizer_pre_update,1273,0.00013573505157182808,0.11310055926533077,0.27191987018919284
optimizer_pre_update,1274,8.318051777678193e-05,0.13386864329684178,0.2325866821268281
optimizer_pre_update,1275,9.504743024990603e-05,0.07041435045748996,0.29419603429013247
optimizer_pre_update,1276,8.012056423467584e-05,0.06990161994499251,0.2519542293278863
optimizer_pre_update,1277,0.00010003783017964452,0.17269007278128196,0.2573801796545299
optimizer_pre_update,1278,7.844381161703495e-05,0.12512128719150456,0.2804117866134493
optimizer_pre_update,1279,6.911456739544519e-05,0.09485088280630118,0.4511441391485052
optimizer_pre_update,1280,8.468888790957863e-05,0.07062996372627556,0.43404577937603667
optimizer_pre_update,1281,9.842366216616938e-05,0.1251381667921193,0.2797380706887749
optimizer_pre_update,1282,6.810426839365391e-05,0.07834786581384655,0.7794092911040543
optimizer_pre_update,1283,8.887536978363642e-05,0.06532520264938098,0.40446878589798085
optimizer_pre_update,1284,0.00010777264924399788,0.06640332435897785,0.5672834720240264
optimizer_pre_update,1285,0.00010790377973535215,0.11408128332272756,0.6628316625805022
optimizer_pre_update,1286,5.841925826644001e-05,0.08898220352959672,0.25751833598864565
optimizer_pre_update,1287,7.949434348120121e-05,0.08061667100991492,0.25354113747033685
optimizer_pre_update,1288,5.254782809060998e-05,0.08227887408349727,0.25200558866443723
optimizer_pre_update,1289,5.544796658796258e-05,0.0775064572273015,0.22846836704667559
optimizer_pre_update,1290,8.272454306279542e-05,0.1362395535822042,0.24781522723601263
optimizer_pre_update,1291,6.198510550348146e-05,0.07245458878817815,0.18740222941221069
optimizer_pre_update,1292,9.425208099855809e-05,0.08408617741378951,0.2682757938724356
optimizer_pre_update,1293,6.952397666282195e-05,0.07739619188134697,0.21917884567024032
optimizer_pre_update,1294,6.135255216577207e-05,0.07200448176251338,0.43110812667982845
optimizer_pre_update,1295,0.00014857426504022442,0.08258484117968036,0.3155062663038847
optimizer_pre_update,1296,9.278915968025103e-05,0.11320408017873254,0.47682951261477446
optimizer_pre_update,1297,7.130690028134268e-05,0.1466040500786961,0.24899799643365753
optimizer_pre_update,1298,0.00011247284828641568,0.14842743225509572,0.2498577808111962
optimizer_pre_update,1299,7.167197964008665e-05,0.09900312836809703,0.31380772662398243
optimizer_pre_update,1300,8.521676227246644e-05,0.05887855476600833,0.28500197895421925
optimizer_pre_update,1301,8.882358952178038e-05,0.0826451672688912,0.3772163450053431
optimizer_pre_update,1302,0.00012119561552026425,0.16520694456529797,0.26644000834628634
optimizer_pre_update,1303,8.05843633315817e-05,0.13437808774230997,0.26815400941011713
optimizer_pre_update,1304,4.675202148973767e-05,0.13808529455612173,0.2541454012243411
optimizer_pre_update,1305,6.636977309426584e-05,0.09721715453833216,0.2673823087419017
optimizer_pre_update,1306,5.41795052413363e-05,0.09927159777825843,0.28607182170444256
optimizer_pre_update,1307,8.836984761728672e-05,0.07861735225067577,0.2784932444597483
optimizer_pre_update,1308,8.041747059905902e-05,0.07589788883904744,0.3450997397102902
optimizer_pre_update,1309,8.4272400727059e-05,0.07534023716105485,0.2969166176298788
optimizer_pre_update,1310,8.44638807393494e-05,0.07694521283958523,0.24001739816634027
optimizer_pre_update,1311,5.698278619092889e-05,0.06357122349552967,0.4065282102899455
optimizer_pre_update,1312,4.6205894477679976e-05,0.11084280626233964,0.4556316253095
optimizer_pre_update,1313,0.000111679362362338,0.07878023663920446,0.39919702412220287
optimizer_pre_update,1314,0.00011410750630602706,0.07544050772118283,0.4958892030020184
optimizer_pre_update,1315,4.4639036559601664e-05,0.13286798643043665,0.2628254786820959
optimizer_pre_update,1316,4.2513385551501415e-05,0.10396932156069162,0.24176959822914904
optimizer_pre_update,1317,5.013868258174625e-05,0.08840920628262189,0.2669064527294035
optimizer_pre_update,1318,8.970201133706723e-05,0.07343712971063576,0.2745694149487909
optimizer_pre_update,1319,0.0001048628255375661,0.07571195548569376,0.2557567626098203
optimizer_pre_update,1320,6.184652556839865e-05,0.07550425177959143,0.2588747005132849
optimizer_pre_update,1321,0.00010342970654164674,0.12231900416585295,0.23015647417165083
optimizer_pre_update,1322,8.428692990491982e-05,0.08756288456639592,0.30931022748243514
optimizer_pre_update,1323,8.749813014219399e-05,0.07686174627976237,0.30321157444074137
optimizer_pre_update,1324,6.853826539554575e-05,0.0923394933863316,0.2533892854661935
optimizer_pre_update,1325,5.178637889002857e-05,0.11308204520092457,0.3025352116179623
optimizer_pre_update,1326,6.162598765513394e-05,0.09366684818665985,0.2987596137186922
optimizer_pre_update,1327,7.750988106636214e-05,0.08152209141053482,0.24117519688519795
optimizer_pre_update,1328,0.00010272972485836362,0.07039934024598532,0.28026678730646837
optimizer_pre_update,1329,0.00010007619948737556,0.07098826627336796,0.2079159870540356
optimizer_pre_update,1330,7.94418167515687e-05,0.06532411776970541,0.2141006390493849
optimizer_pre_update,1331,0.00013824478082824498,0.09522400916985105,0.27622512725746595
optimizer_pre_update,1332,7.249191526170762e-05,0.13497076750386797,0.2557933420590322
optimizer_pre_update,1333,5.814507653667533e-05,0.12555124671601228,0.2222339211992583
optimizer_pre_update,1334,5.0975382919205003e-05,0.10840847534801237,0.22220102515390353
optimizer_pre_update,1335,7.192753332674329e-05,0.10450524891696174,0.21946601370267882
optimizer_pre_update,1336,9.938031553247129e-05,0.08942176057769553,0.31484484925587647
optimizer_pre_update,1337,0.00012679212159127928,0.12002098628989978,0.36149401081144905
optimizer_pre_update,1338,0.0001125250037148362,0.1104595582640549,0.23715124729734824
optimizer_pre_update,1339,0.00011989623544650385,0.05739385766650519,0.22750723172061665
optimizer_pre_update,1340,7.92644927969377e-05,0.06863947310598163,0.19791053567773856
optimizer_pre_update,1341,7.811896603016066e-05,0.06363952857471845,0.22192383505151828
optimizer_pre_update,1342,0.00010186545659962576,0.07972059934332246,0.229346423977939
optimizer_pre_update,1343,0.00011273622658336535,0.06860416371844354,0.2056827550492172
optimizer_pre_update,1344,8.008703707673703e-05,0.07669659708875524,0.1865288412789252
optimizer_pre_update,1345,6.829798394392128e-05,0.06844622497947472,0.19188671366092636
optimizer_pre_update,1346,7.877201051087468e-05,0.06754399131913082,0.25655760941820616
optimizer_pre_update,1347,6.0212239986867644e-05,0.09036002594907,0.1999019337646312
optimizer_pre_update,1348,0.00011006519343936816,0.07617796507249641,0.1862270213969164
optimizer_pre_update,1349,0.00012423694215613068,0.10175264122235299,0.2218262156371718
optimizer_pre_update,1350,7.836669806238206e-05,0.07930397217042581,0.22906281515691446
optimizer_pre_update,1351,7.798597312103084e-05,0.07233398919412444,0.25035394111881154
optimizer_pre_update,1352,8.457601188638364e-05,0.07391740329748027,0.21434426007884302
optimizer_pre_update,1353,6.253607693906815e-05,0.09722906514636905,0.1937716159924843
optimizer_pre_update,1354,0.00012981258532818174,0.07957778160123495,0.19809407561213677
optimizer_pre_update,1355,4.810802693100413e-05,0.11438049512652848,0.18605560729898749
optimizer_pre_update,1356,0.0001766935019986704,0.07122994921647872,0.2339732574607557
optimizer_pre_update,1357,7.148683175728365e-05,0.210703401506723,0.23550612721289735
optimizer_pre_update,1358,8.164271912391996e-05,0.10537497491422718,0.3279342081472449
optimizer_pre_update,1359,0.00013001300612813793,0.12405350108942072,0.25811260073748493
optimizer_pre_update,1360,5.5506081253042794e-05,0.11342952966887344,0.24015689275068697
optimizer_pre_update,1361,4.8971549404086545e-05,0.08712691584031566,0.2455780775052648
optimizer_pre_update,1362,9.350329764856724e-05,0.10596789639879109,0.2970618635911278
optimizer_pre_update,1363,8.79783201526152e-05,0.07324381150376094,0.21876217134884776
optimizer_pre_update,1364,8.925087922762032e-05,0.083988953072449,0.209962023695715
optimizer_pre_update,1365,9.838603682510438e-05,0.0653559690267881,0.21814328945931946
optimizer_pre_update,1366,5.2110851584075135e-05,0.06204151273248886,0.25151414541534484
optimizer_pre_update,1367,8.454956241621403e-05,0.12251511327331577,0.2692812053408266
optimizer_pre_update,1368,0.00010353848483646289,0.06364154518081852,0.22540035799460065
optimizer_pre_update,1369,9.739585402712692e-05,0.09148412578577014,0.21645681257579877
optimizer_pre_update,1370,8.483305782647221e-05,0.08909433701968579,0.2694753379949936
optimizer_pre_update,1371,9.929947736964095e-05,0.08358529149509027,0.2973300275544756
optimizer_pre_update,1372,0.00014863536171105807,0.06685024115648999,0.20318318215982997
optimizer_pre_update,1373,7.176362123573199e-05,0.07728617120184422,0.17402708583976426
optimizer_pre_update,1374,9.076520882445038e-05,0.08358772338935387,0.18325555729812054
optimizer_pre_update,1375,7.718093957009842e-05,0.09696473359948372,0.24794368547559514
optimizer_pre_update,1376,0.00010977238662235322,0.07889867508203191,0.20505186601890737
optimizer_pre_update,1377,4.632845593732782e-05,0.08853092264489738,0.1933349677513484
optimizer_pre_update,1378,0.0001510586625954602,0.09039878253971072,0.2419540725711375
optimizer_pre_update,1379,6.056502547835407e-05,0.11007333365931923,0.21785083136313116
optimizer_pre_update,1380,3.710910755216901e-05,0.08753778783232856,0.18774918263980536
optimizer_pre_update,1381,6.397962602022744e-05,0.08069265761373316,0.18615986521207947
optimizer_pre_update,1382,6.801970448577777e-05,0.09017557665485325,0.1835496049305288
optimizer_pre_update,1383,9.380281017001835e-05,0.11247776894372531,0.2160992389407998
optimizer_pre_update,1384,8.044652759053861e-05,0.13633312040718867,0.289554867867044
optimizer_pre_update,1385,6.468966785178054e-05,0.14456057426978935,0.27040145365182466
optimizer_pre_update,1386,9.816326291911537e-05,0.06712159123652923,0.3953376224585931
optimizer_pre_update,1387,5.925521327299066e-05,0.07038628783961308,0.2587321476881841
optimizer_pre_update,1388,7.986016703398491e-05,0.09401715416385333,0.26358489117465195
optimizer_pre_update,1389,3.799721707764547e-05,0.07654154361260755,0.2159229335205202
optimizer_pre_update,1390,6.0521812201841385e-05,0.07404489571424541,0.21931136863160322
optimizer_pre_update,1391,8.627548959339038e-05,0.06407656857281153,0.2418789756407064
optimizer_pre_update,1392,7.121637645468581e-05,0.06965050024344989,0.2229567810275993
optimizer_pre_update,1393,5.5727363360347226e-05,0.13130434623175286,0.24057490969674603
optimizer_pre_update,1394,0.00010427236748000723,0.0668203689523361,0.2187126991466491
optimizer_pre_update,1395,8.567758050048724e-05,0.0889831150364923,0.1991667872695354
optimizer_pre_update,1396,9.31300237425603e-05,0.05653627259690827,0.29771506734960734
optimizer_pre_update,1397,4.473403146221244e-05,0.1321559889162721,0.30945814644875036
optimizer_pre_update,1398,4.609227266882954e-05,0.11392784459708742,0.2968158559072712
optimizer_pre_update,1399,5.5075065120036015e-05,0.09234867255647464,0.26488356015107045
optimizer_pre_update,1400,5.74704270093207e-05,0.08549748829409032,0.3093781206733237
optimizer_pre_update,1401,0.00012229830235810368,0.05899190443181929,0.2672384247838432
optimizer_pre_update,1402,8.95336283974757e-05,0.10605489871805314,0.22625134935315716
optimizer_pre_update,1403,0.00010460652538313298,0.07564293154355106,0.24519973217530172
optimizer_pre_update,1404,8.663721564516891e-05,0.10969715247714451,0.22105375747619252
optimizer_pre_update,1405,3.6165491792417015e-05,0.07766201731131554,0.5511394835650336
optimizer_pre_update,1406,7.2032587013382e-05,0.10016500428610943,0.28144134726480935
optimizer_pre_update,1407,3.863535903292359e-05,0.0851694155362858,0.21731455190858232
optimizer_pre_update,1408,5.794428398075979e-05,0.07902880260424905,0.20886662069047715
optimizer_pre_update,1409,5.983971163914248e-05,0.05476346519984346,0.378149784261372
optimizer_pre_update,1410,0.00011092797058154247,0.0722966018513088,0.2366794706242465
optimizer_pre_update,1411,8.37739571579732e-05,0.06300536159864001,0.5588652294700451
optimizer_pre_update,1412,0.00010185986911892542,0.12674913847835306,0.18094432347703163
optimizer_pre_update,1413,9.184219197777566e-05,0.09464062248530684,0.1957117397886265
optimizer_pre_update,1414,8.471161299894447e-05,0.055271895164474984,0.22283129159101395
optimizer_pre_update,1415,7.80969874085713e-05,0.05454957421594904,0.22439895830111123
optimizer_pre_update,1416,6.284415871959936e-05,0.09652196351334262,0.34972477645918926
optimizer_pre_update,1417,0.00010495744845684385,0.10125396904766785,0.2420080078950495
optimizer_pre_update,1418,0.00012572519653986092,0.09797188537495177,0.22318343303494198
optimizer_pre_update,1419,8.363649340026313e-05,0.08748432213499867,0.2238571293518446
optimizer_pre_update,1420,4.5754016127830255e-05,0.11711178197605648,0.29630407899962463
optimizer_pre_update,1421,5.9315190355846426e-05,0.11536906107228781,0.3678296062695608
optimizer_pre_update,1422,5.5371598591591464e-05,0.07860745421179298,0.26754334602111324
optimizer_pre_update,1423,5.64765196031658e-05,0.11751374360678185,0.2188371426124716
optimizer_pre_update,1424,6.400793859029363e-05,0.062416160542801497,0.2513859609224704
optimizer_pre_update,1425,7.288344386324752e-05,0.0826776672946722,0.2589369227726614
optimizer_pre_update,1426,5.2877888947477913e-05,0.050395915447402906,0.3157147409005968
optimizer_pre_update,1427,7.272735342667147e-05,0.08345153152106582,0.3876566101652576
optimizer_pre_update,1428,8.587017737227143e-05,0.07912367830929415,0.25663938494132116
optimizer_pre_update,1429,0.0001654386560403509,0.0681829055101616,0.3146998315851853
optimizer_pre_update,1430,8.850395897752605e-05,0.07461152617491096,0.6816977099615115
optimizer_pre_update,1431,4.899092118648696e-05,0.08552646914380964,0.17991972532978437
optimizer_pre_update,1432,5.0260872285434743e-05,0.08488083506006135,0.18358663383145285
optimizer_pre_update,1433,7.305592430384422e-05,0.07530560972934165,0.1931695457835226
optimizer_pre_update,1434,5.9949235492240405e-05,0.0455594404742357,0.30467895124453226
optimizer_pre_update,1435,0.0001025266960823501,0.097670989073494,0.29792878488691016
optimizer_pre_update,1436,9.260215028916718e-05,0.07420617730118323,0.201543479782225
optimizer_pre_update,1437,5.0363317313895095e-05,0.07418412378195939,0.2061675637817739
optimizer_pre_update,1438,9.4014780188445e-05,0.043599952032851684,0.33202160123792546
optimizer_pre_update,1439,7.579922794320737e-05,0.04815775836180781,0.6448906400260653
optimizer_pre_update,1440,7.712692149652867e-05,0.05941100335609061,0.25228710734474896
optimizer_pre_update,1441,6.704479574182187e-05,0.06313515081523344,0.22696000467444905
optimizer_pre_update,1442,7.017366692707583e-05,0.08984245027918983,0.3156638253701588
optimizer_pre_update,1443,6.310977096291026e-05,0.057173744389735444,0.3161826418571428
optimizer_pre_update,1444,7.150434089453483e-05,0.07611095464413115,0.2345977166398866
optimizer_pre_update,1445,8.128881609081873e-05,0.08872816650220566,0.22334435549475676
optimizer_pre_update,1446,8.095503017102601e-05,0.09611504609472836,0.2232627665101519
optimizer_pre_update,1447,5.505383091986005e-05,0.10000232284050463,0.2173022954400783
optimizer_pre_update,1448,4.961900481248449e-05,0.08777524919912724,0.20715725077966515
optimizer_pre_update,1449,8.645132402307354e-05,0.09890725983865284,0.22188033103573182
optimizer_pre_update,1450,5.619339731310902e-05,0.12346143421629885,0.21242712974112524
optimizer_pre_update,1451,8.178278949344531e-05,0.07305430581015547,0.316509906838098
optimizer_pre_update,1452,6.394758952410484e-05,0.07432927411847509,0.6557982017590185
optimizer_pre_update,1453,6.162896920614003e-05,0.08466931799401875,0.2311522744538431
optimizer_pre_update,1454,9.181611312669702e-05,0.07344149838488782,0.23076299646999718
optimizer_pre_update,1455,6.328336939986912e-05,0.05268676325803589,0.22332046625296353
optimizer_pre_update,1456,6.425194533221656e-05,0.04957161962603313,0.22867582216560994
optimizer_pre_update,1457,5.79856341573759e-05,0.05519519365185461,0.2807346816957652
optimizer_pre_update,1458,0.00010176673640671652,0.05649353983067716,0.25378236661361914
optimizer_pre_update,1459,7.899441015979392e-05,0.08812710959905584,0.22786813571999426
optimizer_pre_update,1460,7.003918472037185e-05,0.07295887850451228,0.4329558384937501
optimizer_pre_update,1461,0.00010189302383878385,0.06485455105309264,0.23981758055985486
optimizer_pre_update,1462,4.956536145073187e-05,0.08792682575301203,0.25263108640842785
optimizer_pre_update,1463,0.0001012530192383565,0.0632815936902455,0.23232733870329084
optimizer_pre_update,1464,4.950910852130619e-05,0.07414084809674927,0.19818617178084297
optimizer_pre_update,1465,6.655194010818377e-05,0.07744678105561853,0.2049539501708099
optimizer_pre_update,1466,8.594766541136778e-05,0.07443973507496753,0.285592624376175
optimizer_pre_update,1467,0.00012909993756693439,0.08797818388242849,0.2519656365639358
optimizer_pre_update,1468,5.634799754261621e-05,0.06470884536263141,0.24162948774855575
optimizer_pre_update,1469,6.409511024685344e-05,0.06917641101223443,0.2354821506228214
optimizer_pre_update,1470,6.721504132656264e-05,0.12996216134507713,0.19358459646393983
optimizer_pre_update,1471,6.677433952972933e-05,0.11787791048802637,0.16717732770550311
optimizer_pre_update,1472,5.324073163137655e-05,0.15472382739534435,0.23183993718178567
optimizer_pre_update,1473,6.979070712986868e-05,0.12992420301108934,0.23625944327478482
optimizer_pre_update,1474,4.788786304743553e-05,0.0730342105662369,0.23440512837331864
optimizer_pre_update,1475,7.761493407087983e-05,0.08495543697050277,0.20543345601751892
optimizer_pre_update,1476,0.0009103313204832375,0.13165990838549213,0.25705264551918283
optimizer_pre_update,1477,7.58402065912378e-05,0.09916710576651808,0.23881636412406032
optimizer_pre_update,1478,0.00012188069649710087,0.08381964610309922,0.23655130335438496
optimizer_pre_update,1479,6.547160614900349e-05,0.11793593491191219,0.209833752053116
optimizer_pre_update,1480,9.011663678393234e-05,0.14045279662632765,0.37565020489238177
optimizer_pre_update,1481,8.233972039306536e-05,0.14597644807595536,0.2963515547788986
optimizer_pre_update,1482,6.172880625854305e-05,0.06829977765560204,0.6882030836272207
optimizer_pre_update,1483,0.00011360272992533282,0.062139823297009705,0.2876718013663644
optimizer_pre_update,1484,6.65627424041304e-05,0.1033283675983385,0.2535747591469911
optimizer_pre_update,1485,8.102618357952451e-05,0.09606528573651314,0.26994620719181284
optimizer_pre_update,1486,5.695223876500677e-05,0.07292446041338435,0.1927439316108661
optimizer_pre_update,1487,9.07477005966939e-05,0.08795712129339661,0.22747898214262438
optimizer_pre_update,1488,6.162636054796167e-05,0.044631374719821475,0.24793454690568636
optimizer_pre_update,1489,4.9560517709323904e-05,0.11840152607523956,0.2668780266071749
optimizer_pre_update,1490,6.481968102889368e-05,0.11457112158047836,0.17978555180056166
optimizer_pre_update,1491,9.558163765177596e-05,0.08270270949228241,0.1751386710423207
optimizer_pre_update,1492,6.619095984206069e-05,0.07763031509421803,0.25000400067214723
optimizer_pre_update,1493,8.604973709225305e-05,0.11776927422451332,0.20088650183575615
optimizer_pre_update,1494,9.839236918196548e-05,0.08511991388820758,0.2035319501113855
optimizer_pre_update,1495,8.490085701851058e-05,0.07818634571859971,0.21405614250808894
optimizer_pre_update,1496,9.090453522730968e-05,0.060512139198297225,0.25592678447064215
optimizer_pre_update,1497,7.41817075322615e-05,0.10399954639780246,0.15568576446051988
optimizer_pre_update,1498,7.484741718144505e-05,0.11961069765214567,0.1435551714299596
optimizer_pre_update,1499,6.516724920402339e-05,0.09703774946411098,0.14709678930639014
optimizer_pre_update,1500,0.0001233629909620504,0.10739739118764308,0.20414485682305283
optimizer_pre_update,1501,7.038302805995045e-05,0.08530896447278184,0.2067380142970923
optimizer_pre_update,1502,5.289316277412581e-05,0.08105284325039946,0.19123610627365029
optimizer_pre_update,1503,6.866790545245749e-05,0.0630674960348095,0.2785026155421511
optimizer_pre_update,1504,0.00011546425685082795,0.062135378677729655,0.26103569465538856
optimizer_pre_update,1505,8.279383382614469e-05,0.14062970632638433,0.24175469747838096
optimizer_pre_update,1506,7.046647465358546e-05,0.061309564591101415,0.243775643201757
optimizer_pre_update,1507,8.219443293455697e-05,0.08665825820564521,0.24289450527536388
optimizer_pre_update,1508,9.577237187841092e-05,0.08401308686021824,0.27002681906374176
optimizer_pre_update,1509,0.0009372681433887919,0.06646861210720363,0.20968607719172547
optimizer_pre_update,1510,8.161366213244037e-05,0.09436202864206931,0.21670148289918015
optimizer_pre_update,1511,4.816874911739433e-05,0.10615101433246249,0.21971211483481085
optimizer_pre_update,1512,5.493909179676848e-05,0.10199489545537073,0.21839356414280353
optimizer_pre_update,1513,6.741732454429439e-05,0.13936189724488277,0.2945136735279284
optimizer_pre_update,1514,0.00012552477710414678,0.05829255901513337,0.21294895301531416
optimizer_pre_update,1515,8.451380062979297e-05,0.07926208417657851,0.20431345102705445
optimizer_pre_update,1516,0.00013988614455229254,0.0729207174903916,0.22583588377405053
optimizer_pre_update,1517,6.476454541370913e-05,0.06117981890124314,0.23217870096710863
optimizer_pre_update,1518,9.382516236655647e-05,0.0961713116297809,0.1666856667112561
optimizer_pre_update,1519,8.638277859063237e-05,0.07625591912949246,0.20565969024570213
optimizer_pre_update,1520,0.00015720799910923233,0.05786339064073341,0.23181475196500814
optimizer_pre_update,1521,0.0001297373351007991,0.10468679220631026,0.28014688999783405
optimizer_pre_update,1522,7.06810512838274e-05,0.07406919315581277,0.20705103461241142
optimizer_pre_update,1523,8.410625287069706e-05,0.05939959698240448,0.19789872925716634
optimizer_pre_update,1524,0.00011607557598836138,0.054358135641223604,0.23374958064076667
optimizer_pre_update,1525,0.0001283355077248416,0.08338169569419357,0.34095828755939295
optimizer_pre_update,1526,9.015984915095032e-05,0.06461418277899589,0.28095711143386337
optimizer_pre_update,1527,5.1220879640823114e-05,0.0830171560797241,0.2479677655230877
optimizer_pre_update,1528,6.365515332618088e-05,0.0702845496098591,0.18380306320186557
optimizer_pre_update,1529,8.788593322606175e-05,0.1140975933019904,0.2745094265609667
optimizer_pre_update,1530,6.522834360112029e-05,0.13669201095942393,0.23622304856478296
optimizer_pre_update,1531,7.776767120049044e-05,0.07099108304890683,0.30865098326036067
optimizer_pre_update,1532,6.978251190048468e-05,0.07076327312961823,0.2613751127521818
optimizer_pre_update,1533,8.893050426195259e-05,0.17284614571941706,0.2621550363412143
optimizer_pre_update,1534,5.555637358156673e-05,0.1248681476705753,0.2786962208734811
optimizer_pre_update,1535,6.434880310735025e-05,0.09506911277526954,0.4616186316593749
optimizer_pre_update,1536,7.2306768515773e-05,0.07179861997786773,0.4411298871236893
optimizer_pre_update,1537,7.826984119674307e-05,0.12632313891804595,0.2831958743540248
optimizer_pre_update,1538,5.59609393349092e-05,0.0793896304039385,0.795115551922962
optimizer_pre_update,1539,7.225051740533672e-05,0.06633030433594449,0.42792829654222486
optimizer_pre_update,1540,9.88528140624112e-05,0.06702307464661866,0.5866811918141912
optimizer_pre_update,1541,8.706860421625606e-05,0.1162225376394413,0.6576426977609376
optimizer_pre_update,1542,5.349628713702259e-05,0.09022457842152358,0.2564799203805796
optimizer_pre_update,1543,6.215609664650401e-05,0.08154602869676635,0.253336700662506
optimizer_pre_update,1544,4.9237163580073684e-05,0.08410774904484707,0.2534075794773412
optimizer_pre_update,1545,4.9855933411890874e-05,0.07847977351005601,0.23148090939345403
optimizer_pre_update,1546,6.104223530201125e-05,0.1367934634737301,0.24835203270325293
optimizer_pre_update,1547,5.347766068553028e-05,0.0728653893750625,0.18924392191470427
optimizer_pre_update,1548,7.587596951452724e-05,0.08405905856060118,0.2709041310053448
optimizer_pre_update,1549,6.41293831904477e-05,0.07929667441235028,0.22302204664287595
optimizer_pre_update,1550,5.1077083526251954e-05,0.07229129301865445,0.4105352129261001
optimizer_pre_update,1551,0.00012551471718325047,0.08306669117902252,0.3225178923020857
optimizer_pre_update,1552,7.121674798327149e-05,0.11424774417133297,0.48759374619535045
optimizer_pre_update,1553,5.041658982918307e-05,0.14920602960817766,0.2515974643202508
optimizer_pre_update,1554,8.945167246565688e-05,0.15279833144032187,0.2531143548587978
optimizer_pre_update,1555,5.920305875406484e-05,0.09938195619766009,0.31976631647219766
optimizer_pre_update,1556,7.283352488229866e-05,0.05892772010415708,0.2982036601346246
optimizer_pre_update,1557,7.440708691319742e-05,0.0833844337333807,0.4011338405572929
optimizer_pre_update,1558,9.853020492300857e-05,0.16482090527710724,0.26755317377579263
optimizer_pre_update,1559,6.772950450795179e-05,0.1366176408005785,0.2735538257512051
optimizer_pre_update,1560,4.2394177171445335e-05,0.13979669594792576,0.25592588815787004
optimizer_pre_update,1561,5.280487289383018e-05,0.09940500003463021,0.26955843022969
optimizer_pre_update,1562,4.830136981581745e-05,0.10071692400080934,0.28772018276608413
optimizer_pre_update,1563,7.043369237180741e-05,0.08003263087294356,0.2911061436266473
optimizer_pre_update,1564,6.609931710954697e-05,0.07628852720467355,0.3418824409121477
optimizer_pre_update,1565,6.691739031339239e-05,0.07572549487452641,0.29973951582223995
optimizer_pre_update,1566,7.06970704413834e-05,0.07795046687797058,0.24036918094334012
optimizer_pre_update,1567,5.291812203722657e-05,0.06457808767131082,0.388644294931552
optimizer_pre_update,1568,4.1722506921360036e-05,0.11293321296807224,0.4622470765258452
optimizer_pre_update,1569,8.832700541461236e-05,0.079200296945045,0.4043215799747906
optimizer_pre_update,1570,9.677968955656979e-05,0.07563573723344141,0.5022142477296628
optimizer_pre_update,1571,4.2125955815208727e-05,0.13534119793799815,0.26557108167412097
optimizer_pre_update,1572,3.265552288667095e-05,0.10486735400047785,0.24405338811861396
optimizer_pre_update,1573,4.185549983048986e-05,0.08959963205940194,0.2694426410124722
optimizer_pre_update,1574,7.14242480626126e-05,0.07409346779184628,0.2782750636168864
optimizer_pre_update,1575,9.201094508171082e-05,0.07660059819127146,0.26234829820996974
optimizer_pre_update,1576,5.6121872148651164e-05,0.07606474822922031,0.2621597032539913
optimizer_pre_update,1577,8.475557115161791e-05,0.12164661674174215,0.23138812251092075
optimizer_pre_update,1578,6.405711292245542e-05,0.08771204913289085,0.3185369222902131
optimizer_pre_update,1579,6.717406427014794e-05,0.07753811577155804,0.3084495080951525
optimizer_pre_update,1580,6.0546771692315815e-05,0.09292729460696038,0.2550641841173617
optimizer_pre_update,1581,4.704259367827035e-05,0.11464976151881545,0.29685677794676524
optimizer_pre_update,1582,5.213245776758413e-05,0.0932562115257718,0.30020175939419996
optimizer_pre_update,1583,6.62874433601246e-05,0.08204528420277454,0.2450303007092884
optimizer_pre_update,1584,8.849464529703255e-05,0.07072207938043262,0.2822539309798846
optimizer_pre_update,1585,9.180679944620351e-05,0.07217623602399234,0.20940821029030615
optimizer_pre_update,1586,6.519667886095704e-05,0.06582073148875085,0.21639375552721907
optimizer_pre_update,1587,0.00010299720088369213,0.09554772165168224,0.27846463250767123
optimizer_pre_update,1588,6.270483299886109e-05,0.1354211323798718,0.25713298952163205
optimizer_pre_update,1589,5.20139942636888e-05,0.12598852088896959,0.22389444863224803
optimizer_pre_update,1590,4.415400371726719e-05,0.10691154720610847,0.22494469314141036
optimizer_pre_update,1591,6.96111478646344e-05,0.1038885133527134,0.22096218179103455
optimizer_pre_update,1592,8.192025234166067e-05,0.0904487836336281,0.32617884035626143
optimizer_pre_update,1593,0.00010277330966346199,0.12145829081310787,0.37268472724037455
optimizer_pre_update,1594,8.410103828282445e-05,0.11183057930299542,0.23977006738028592
optimizer_pre_update,1595,9.37893996706407e-05,0.058007352872473196,0.23018505563984742
optimizer_pre_update,1596,5.554035351451603e-05,0.06899806031756374,0.20017482100037315
optimizer_pre_update,1597,6.941408059901732e-05,0.06472826143211956,0.22475135038422167
optimizer_pre_update,1598,8.817501520752558e-05,0.08136789331153049,0.2322826456034067
optimizer_pre_update,1599,9.650625497670262e-05,0.06900569647057467,0.20810089014475106
optimizer_pre_update,1600,7.386729225800082e-05,0.07753171819809541,0.18724790301212238
optimizer_pre_update,1601,5.460977695292968e-05,0.06928408172079714,0.19372377129383944
optimizer_pre_update,1602,7.395856164293946e-05,0.0672287204120008,0.2580296223675672
optimizer_pre_update,1603,5.336031358638138e-05,0.09145156617588647,0.20272551022581753
optimizer_pre_update,1604,8.799657325653243e-05,0.07746366667388813,0.18741274176609085
optimizer_pre_update,1605,0.00010512359585845843,0.10199194918365638,0.22205350081642164
optimizer_pre_update,1606,6.630010989283619e-05,0.08049498103531279,0.22917510781626035
optimizer_pre_update,1607,6.411187450794387e-05,0.07315128756977302,0.2512654993968524
optimizer_pre_update,1608,7.128976403691922e-05,0.07408310595653775,0.21717638146201013
optimizer_pre_update,1609,5.7960674894275144e-05,0.09723887420859843,0.19485194878739287
optimizer_pre_update,1610,0.0001011192825899343,0.07989199243629218,0.2006283354304753
optimizer_pre_update,1611,4.5068189820085536e-05,0.11480242575871889,0.18821408708651302
optimizer_pre_update,1612,0.00015514157985307975,0.07272513155993622,0.23437649651934597
optimizer_pre_update,1613,6.28579414296837e-05,0.2127748551803548,0.2368997197688658
optimizer_pre_update,1614,6.86146340740379e-05,0.1048329487851284,0.3331653150181992
optimizer_pre_update,1615,0.0001163546016869077,0.1255415306244152,0.2650650472950727
optimizer_pre_update,1616,4.878491199633572e-05,0.11433518365673175,0.24517813181306478
optimizer_pre_update,1617,4.693083565143752e-05,0.08845488159579123,0.24683392186299283
optimizer_pre_update,1618,7.112249886631616e-05,0.10628773132327615,0.2981699127590406
optimizer_pre_update,1619,7.342696335399523e-05,0.07358514104037127,0.2209977498744642
optimizer_pre_update,1620,7.513128298342053e-05,0.08520253703371852,0.21237961472065192
optimizer_pre_update,1621,8.450187942798948e-05,0.0657064384111942,0.2210049297352093
optimizer_pre_update,1622,4.3255836544631165e-05,0.06226502495912081,0.254503799697783
optimizer_pre_update,1623,6.80074108458939e-05,0.12268057477139657,0.2725940503976052
optimizer_pre_update,1624,7.933005781524116e-05,0.06394781375522254,0.2233421028098008
optimizer_pre_update,1625,7.78093940425606e-05,0.09140722861813236,0.21634730599142474
optimizer_pre_update,1626,6.659925088570162e-05,0.08995998250632058,0.2729452351756853
optimizer_pre_update,1627,7.125660931706079e-05,0.08414927919576909,0.300879489785772
optimizer_pre_update,1628,0.00012264028509889613,0.06667494540782366,0.20332707200420896
optimizer_pre_update,1629,5.801245674774691e-05,0.07883418500975777,0.1745115586558295
optimizer_pre_update,1630,6.877631085444591e-05,0.08465226252444892,0.1843496185800748
optimizer_pre_update,1631,6.764642921552877e-05,0.09706566692579698,0.24897569993193697
optimizer_pre_update,1632,8.135661573760444e-05,0.07941441575355981,0.20596413666843028
optimizer_pre_update,1633,4.133768470637733e-05,0.0887628530958905,0.1959671893464138
optimizer_pre_update,1634,0.00012126490719310823,0.09155087156378429,0.24410919915642226
optimizer_pre_update,1635,5.27024280927435e-05,0.11185856195885605,0.21984962973225733
optimizer_pre_update,1636,3.340840407872747e-05,0.0901949154242237,0.19101598134459144
optimizer_pre_update,1637,5.604066086561943e-05,0.08124861916589869,0.18879097949042978
optimizer_pre_update,1638,5.6390092368019396e-05,0.09008521928551605,0.18644072075453103
optimizer_pre_update,1639,7.628835896866804e-05,0.11341700978584185,0.2175330116053623
optimizer_pre_update,1640,7.279552664840594e-05,0.13802861538890887,0.279016439184367
optimizer_pre_update,1641,5.4291264632411185e-05,0.1462477194256966,0.2712293661629924
optimizer_pre_update,1642,8.275881555164233e-05,0.06836491106601252,0.4026127727112746
optimizer_pre_update,1643,5.021989363740431e-05,0.07198551129663608,0.2650038655987817
optimizer_pre_update,1644,6.705820646857319e-05,0.09554065388872167,0.26703551822400007
optimizer_pre_update,1645,3.697797751556209e-05,0.07678607064453342,0.217653194294745
optimizer_pre_update,1646,4.7193840828185785e-05,0.07375318104733973,0.22163356108719112
optimizer_pre_update,1647,6.856061690996285e-05,0.06549408757680651,0.24427254260461514
optimizer_pre_update,1648,6.038732885826903e-05,0.0702180885929345,0.2243472664231231
optimizer_pre_update,1649,4.792250774698914e-05,0.1328641538949158,0.24159498464858978
optimizer_pre_update,1650,8.757822479310562e-05,0.06684488328709609,0.22077346526970798
optimizer_pre_update,1651,6.91954057856492e-05,0.0890463402804849,0.2005479683909709
optimizer_pre_update,1652,8.138045814121142e-05,0.057026142161412864,0.2992988494966303
optimizer_pre_update,1653,4.3488667643032386e-05,0.13038115133011455,0.3131409418201132
optimizer_pre_update,1654,3.7283823644429503e-05,0.11273336256331278,0.2973296931435876
optimizer_pre_update,1655,4.565268841361103e-05,0.09207951717691248,0.2652947928030065
optimizer_pre_update,1656,4.902035038867325e-05,0.08548464131635856,0.30618921670592264
optimizer_pre_update,1657,0.00010153577022720128,0.059575301067426444,0.2692062827839733
optimizer_pre_update,1658,7.455684431079135e-05,0.10643855470292919,0.22884380340495356
optimizer_pre_update,1659,8.771680404606741e-05,0.07585814790960728,0.2455574851286567
optimizer_pre_update,1660,7.063970019771659e-05,0.10907564814172795,0.2232904103223001
optimizer_pre_update,1661,3.389008406884386e-05,0.07840083109984784,0.5384852872366903
optimizer_pre_update,1662,5.9448183037602575e-05,0.1008425431086704,0.28341485789408355
optimizer_pre_update,1663,3.6709383721245104e-05,0.08544869872173477,0.21938070464008194
optimizer_pre_update,1664,4.563927700473869e-05,0.07889720528322978,0.2106840704653321
optimizer_pre_update,1665,5.1087886959066964e-05,0.05437913372295923,0.38496384654346216
optimizer_pre_update,1666,9.415373324372922e-05,0.07280901532561689,0.24190870359096306
optimizer_pre_update,1667,6.63887722112122e-05,0.06303231013548234,0.5592975808436159
optimizer_pre_update,1668,7.898509647930041e-05,0.12688647261482786,0.1821147222413378
optimizer_pre_update,1669,7.430501500493847e-05,0.09583833803533161,0.1972860437065295
optimizer_pre_update,1670,7.693171687606082e-05,0.05603377409108144,0.22497302012425785
optimizer_pre_update,1671,6.992295539021143e-05,0.05538196133775563,0.2260736472265932
optimizer_pre_update,1672,5.20382086506288e-05,0.09684718709785281,0.3419643430941625
optimizer_pre_update,1673,8.316338244185317e-05,0.10239266601231822,0.24377158283523973
optimizer_pre_update,1674,0.00010529756627875031,0.09910819364075199,0.22486659859173677
optimizer_pre_update,1675,7.113553738236078e-05,0.08954025556224264,0.22578302629163452
optimizer_pre_update,1676,6.614886342504178e-05,0.11801885693962362,0.30021678978448163
optimizer_pre_update,1677,5.253925974102458e-05,0.11667077209153774,0.38090748388242884
optimizer_pre_update,1678,4.692263951255882e-05,0.07728684801882832,0.27144732354775103
optimizer_pre_update,1679,4.618987554749765e-05,0.11779338981163856,0.21997932836219458
optimizer_pre_update,1680,5.309954349286272e-05,0.062094403014421304,0.2561971861329908
optimizer_pre_update,1681,5.8875233662547544e-05,0.08293447201746215,0.2591505843600162
optimizer_pre_update,1682,4.7496706883976e-05,0.05114145147862661,0.3086914525575394
optimizer_pre_update,1683,6.293170235949219e-05,0.08362110270887141,0.40497348965226526
optimizer_pre_update,1684,6.0964004433117225e-05,0.08010525322889306,0.2597966578671629
optimizer_pre_update,1685,0.0001389190574627719,0.06834714408580994,0.3184458796469018
optimizer_pre_update,1686,7.000900950515643e-05,0.07562186047959707,0.6728002109386809
optimizer_pre_update,1687,4.641078453460068e-05,0.08624742509154877,0.18154679406928326
optimizer_pre_update,1688,4.2995065996365156e-05,0.08554124100032039,0.18417146285268315
optimizer_pre_update,1689,6.44598173948907e-05,0.07582417984944655,0.19366655314733208
optimizer_pre_update,1690,5.0621107902770746e-05,0.04582661448462427,0.2934036912839204
optimizer_pre_update,1691,8.582025839132257e-05,0.09862590180906912,0.2986636972840519
optimizer_pre_update,1692,8.142851356751635e-05,0.07466536974899474,0.20270687805922957
optimizer_pre_update,1693,4.7007949206090416e-05,0.0750130770149914,0.20757161888604755
optimizer_pre_update,1694,8.47417882141599e-05,0.043974609248548624,0.3301059954304087
optimizer_pre_update,1695,6.394833462763927e-05,0.04848043129829251,0.6552576181190028
optimizer_pre_update,1696,6.254315462683735e-05,0.05957912665017466,0.25738797534217367
optimizer_pre_update,1697,5.667917480423057e-05,0.0636062817622431,0.2282307710538583
optimizer_pre_update,1698,6.164983051348827e-05,0.0897841656549369,0.32061099123565795
optimizer_pre_update,1699,5.976520628792059e-05,0.057049842571322576,0.31800694639450056
optimizer_pre_update,1700,5.74614864490286e-05,0.07732702227637188,0.23710424236377084
optimizer_pre_update,1701,6.116963936619868e-05,0.0903280373257235,0.22662727084899106
optimizer_pre_update,1702,6.313324047368951e-05,0.09753066422395157,0.22672909948478717
optimizer_pre_update,1703,4.3471157937347016e-05,0.10281871435727141,0.2212789744683844
optimizer_pre_update,1704,4.4326857505438966e-05,0.08919481275890306,0.20932936856533674
optimizer_pre_update,1705,7.284432786036632e-05,0.0994525141901778,0.22328448858229719
optimizer_pre_update,1706,4.705078981714905e-05,0.1259561341005748,0.21392823645882658
optimizer_pre_update,1707,6.296821038631606e-05,0.0735814075079936,0.30475056013460533
optimizer_pre_update,1708,5.506314437297988e-05,0.07476141571727407,0.6637839212429151
optimizer_pre_update,1709,4.976987861482485e-05,0.0855487182019367,0.23348548922768136
optimizer_pre_update,1710,7.66046355238359e-05,0.07304366513023133,0.23254275241702857
optimizer_pre_update,1711,5.3165853842074284e-05,0.05354716739016846,0.22661668276204927
optimizer_pre_update,1712,5.8068708540304215e-05,0.04989601642253743,0.23062330109924403
optimizer_pre_update,1713,4.8322975999326445e-05,0.055297640358824895,0.28085529655420277
optimizer_pre_update,1714,7.762462018945371e-05,0.05696417016041034,0.255819877684247
optimizer_pre_update,1715,6.82167712966475e-05,0.0895273359663439,0.2319706405898764
optimizer_pre_update,1716,5.830228383274516e-05,0.07380168292617308,0.4388033504591441
optimizer_pre_update,1717,8.373856690013781e-05,0.0657468841019153,0.24106253308138317
optimizer_pre_update,1718,4.603006004799681e-05,0.0889452376396427,0.25624955734599536
optimizer_pre_update,1719,7.013082631601719e-05,0.06368084799138243,0.23539100621594622
optimizer_pre_update,1720,4.6853721414663596e-05,0.07287585294020146,0.20076481944225624
optimizer_pre_update,1721,5.470626115311461e-05,0.07748802794722909,0.20707034156237478
optimizer_pre_update,1722,7.035061844362644e-05,0.07459515167600737,0.27942779549546876
optimizer_pre_update,1723,0.00010837689205800416,0.0892927949469415,0.2551293427951908
optimizer_pre_update,1724,5.84706676818314e-05,0.06442745190633153,0.24656343828634733
optimizer_pre_update,1725,5.2880496468787896e-05,0.06942858649802915,0.23779525936373086
optimizer_pre_update,1726,6.0580671970456024e-05,0.13329937619759807,0.196784968448304
optimizer_pre_update,1727,5.9803576732520014e-05,0.12139092556678743,0.1681336711334337
optimizer_pre_update,1728,4.738085067401698e-05,0.15360421791565965,0.23387619798456322
optimizer_pre_update,1729,5.996786217110639e-05,0.13032362614353496,0.24074318934195968
optimizer_pre_update,1730,4.061199797433801e-05,0.07332305753343073,0.23537186433388663
optimizer_pre_update,1731,6.350353487505345e-05,0.0864785441620517,0.2070845145280265
optimizer_pre_update,1732,0.00026489906304050237,0.11881494677984658,0.2508175815121897
optimizer_pre_update,1733,6.18077822309715e-05,0.0983659959178397,0.2374429387257243
optimizer_pre_update,1734,0.0001036688695421617,0.0839755564490915,0.23547998151194796
optimizer_pre_update,1735,5.4104999890114414e-05,0.11996459983759555,0.21206944252336302
optimizer_pre_update,1736,9.191148092213552e-05,0.14015763380116047,0.3668563264129188
optimizer_pre_update,1737,7.322058240788465e-05,0.14622389509666706,0.3009429058610257
optimizer_pre_update,1738,5.459487533698848e-05,0.06812034233217382,0.6866041631355775
optimizer_pre_update,1739,9.629652004150557e-05,0.061726100834487124,0.28088745596462744
optimizer_pre_update,1740,5.6835264558685594e-05,0.1053207115472243,0.25625964077376057
optimizer_pre_update,1741,7.054209777379583e-05,0.09861230636903223,0.2774172221205683
optimizer_pre_update,1742,5.0360337354504736e-05,0.0743121921564213,0.1947218203843142
optimizer_pre_update,1743,7.556118271168089e-05,0.08898788736679368,0.22872548434861242
optimizer_pre_update,1744,5.810484390167403e-05,0.045161958762013614,0.250808638814667
optimizer_pre_update,1745,4.515722457654192e-05,0.11974930848561907,0.27177674735447166
optimizer_pre_update,1746,6.014928271724784e-05,0.11722315489950469,0.18071117105516818
optimizer_pre_update,1747,8.793547931418288e-05,0.08477467329728304,0.1758925043384512
optimizer_pre_update,1748,6.081797255319543e-05,0.07890829046579591,0.25083285010552253
optimizer_pre_update,1749,6.94297268637456e-05,0.12184879404576893,0.20533742101398675
optimizer_pre_update,1750,9.323507720182533e-05,0.08801966119640765,0.2113225414834591
optimizer_pre_update,1751,6.52614994578471e-05,0.07919925457646164,0.2242027218705979
optimizer_pre_update,1752,7.424950808854192e-05,0.060740818503665917,0.2623123156470777
optimizer_pre_update,1753,6.250031424315239e-05,0.10659221882278559,0.15824787866222728
optimizer_pre_update,1754,5.533360058507242e-05,0.1238665030880046,0.1448947656028281
optimizer_pre_update,1755,6.918609278727672e-05,0.10133133853520807,0.14798396969137903
optimizer_pre_update,1756,0.00010391250452812528,0.10957869031242946,0.20599220103823807
optimizer_pre_update,1757,6.519481598843413e-05,0.08643756038359782,0.21140822641178159
optimizer_pre_update,1758,4.8528612751397304e-05,0.0818131855160335,0.19517153222965639
optimizer_pre_update,1759,6.0918928511455306e-05,0.06306337461215827,0.27702100576800115
optimizer_pre_update,1760,9.05588287878345e-05,0.062409053273811604,0.2638328069878305
optimizer_pre_update,1761,7.639713658136316e-05,0.14420454794223383,0.24894166841403265
optimizer_pre_update,1762,6.340481445477053e-05,0.06208030352235906,0.2452271223162214
optimizer_pre_update,1763,5.9979037587254425e-05,0.08770013236168936,0.24409208906399885
optimizer_pre_update,1764,7.927194383228198e-05,0.08484799787309631,0.2682130748947359
optimizer_pre_update,1765,0.002181417523388518,0.07225223779194753,0.23115418456246536
optimizer_pre_update,1766,6.566606634805794e-05,0.09588035111719805,0.22489311966222333
optimizer_pre_update,1767,4.59626326119178e-05,0.10615267512358659,0.22646067237778997
optimizer_pre_update,1768,5.09664423589129e-05,0.1023430148400589,0.2213440978071341
optimizer_pre_update,1769,7.096454601196456e-05,0.1462967061332529,0.2933160497846314
optimizer_pre_update,1770,0.00010393001366537646,0.05899379901398457,0.21034927388554422
optimizer_pre_update,1771,8.093081532933866e-05,0.08091803307530523,0.20725451129100456
optimizer_pre_update,1772,0.00011840947126984247,0.0726946138013255,0.22927996646934326
optimizer_pre_update,1773,6.625503442592162e-05,0.06142917290944874,0.23485982387311993
optimizer_pre_update,1774,9.019561275636079e-05,0.09601322798248224,0.16827936247535563
optimizer_pre_update,1775,7.528960873059987e-05,0.07645892888243047,0.20783084829012327
optimizer_pre_update,1776,0.0001207966383844905,0.05727344990151927,0.23600264523390768
optimizer_pre_update,1777,0.00017403290075890254,0.11068858820061973,0.2814883387992462
optimizer_pre_update,1778,7.247738744808885e-05,0.07469820305757442,0.20821825969850788
optimizer_pre_update,1779,6.495192724287335e-05,0.05872204094501995,0.19876364603913363
optimizer_pre_update,1780,0.00036828555585088907,0.05342619031469041,0.2355156385412183
optimizer_pre_update,1781,0.00033244677524635335,0.08634576245065936,0.3718933616690484
optimizer_pre_update,1782,7.959082859088085e-05,0.0604773723755328,0.2824509588212479
optimizer_pre_update,1783,4.5588241391669726e-05,0.08347481042827201,0.25081791267942527
optimizer_pre_update,1784,4.8670918431525934e-05,0.07042469894631033,0.18722574086883234
optimizer_pre_update,1785,6.413199071175768e-05,0.11061725492651535,0.2804429964088979
optimizer_pre_update,1786,6.761513805031427e-05,0.13391340245747466,0.2377925481134735
optimizer_pre_update,1787,6.356537483043212e-05,0.06986060491906022,0.29654632295077743
optimizer_pre_update,1788,5.7255850379078765e-05,0.0696755795134328,0.25742935707206627
optimizer_pre_update,1789,8.622035466032685e-05,0.17403838937784252,0.26413104827620065
optimizer_pre_update,1790,6.127208553152741e-05,0.12591546873110726,0.2823389091396973
optimizer_pre_update,1791,5.1516295343390084e-05,0.09681534332770762,0.4569878215202944
optimizer_pre_update,1792,6.620586077588086e-05,0.07160926369194229,0.4535904717199099
optimizer_pre_update,1793,7.298216405615676e-05,0.12607163040981362,0.28410405026061436
optimizer_pre_update,1794,5.2352995680848835e-05,0.07898559176298564,0.7862207103777817
optimizer_pre_update,1795,8.421577695116866e-05,0.06576686563358473,0.4045532003089168
optimizer_pre_update,1796,8.866973348631291e-05,0.06623284931814481,0.5729554980379838
optimizer_pre_update,1797,6.630234543081315e-05,0.11440290320618694,0.6372435895367393
optimizer_pre_update,1798,6.634704845964734e-05,0.09205140843819982,0.26132266233952406
optimizer_pre_update,1799,7.141493415474542e-05,0.08260812341313252,0.2572310691609875
optimizer_pre_update,1800,5.310699384608597e-05,0.08399395265994128,0.25448183017020526
optimizer_pre_update,1801,4.769973520524218e-05,0.07839368912482701,0.23080909437059344
optimizer_pre_update,1802,6.572827805939596e-05,0.1363842655697056,0.24721980337506297
optimizer_pre_update,1803,4.2050704678331385e-05,0.07348781932860364,0.1929610885645076
optimizer_pre_update,1804,7.625408625244745e-05,0.08349213499491802,0.27097373935021374
optimizer_pre_update,1805,5.95189640080207e-05,0.0779331669289269,0.22415017467347137
optimizer_pre_update,1806,4.143305250181584e-05,0.07179702575688067,0.41652767939715807
optimizer_pre_update,1807,0.00010694936145227985,0.0810799287267638,0.3249847349879696
optimizer_pre_update,1808,6.764717545593157e-05,0.11426312446350005,0.5057592184032031
optimizer_pre_update,1809,4.12188480822806e-05,0.14747699374257053,0.251037994892042
optimizer_pre_update,1810,8.135549933285802e-05,0.149043319427413,0.25075633973978206
optimizer_pre_update,1811,5.3946674370308756e-05,0.0983946755091841,0.3147701934802502
optimizer_pre_update,1812,7.1159006211019e-05,0.05885140021420573,0.2924896249167352
optimizer_pre_update,1813,7.121414091670886e-05,0.08400196252625475,0.39836316915771847
optimizer_pre_update,1814,8.700899888935965e-05,0.16593363605838887,0.26577958220322484
optimizer_pre_update,1815,5.335472587830736e-05,0.13415228255936587,0.2762207554208309
optimizer_pre_update,1816,4.1764602883631596e-05,0.1381350155959076,0.2586466761637964
optimizer_pre_update,1817,4.147477557125967e-05,0.09735108896142695,0.27397546990020094
optimizer_pre_update,1818,4.9290434162685415e-05,0.0990633873651854,0.2896870685843038
optimizer_pre_update,1819,6.172433586471016e-05,0.07812201109370188,0.28294187090155615
optimizer_pre_update,1820,6.036125228092715e-05,0.07485057967406854,0.34681791389878375
optimizer_pre_update,1821,6.317161160040996e-05,0.07434452956115079,0.2912512502170719
optimizer_pre_update,1822,6.0530752989507164e-05,0.07632226145470596,0.24199558245802386
optimizer_pre_update,1823,4.645399803848704e-05,0.06457728007443603,0.38286623710205525
optimizer_pre_update,1824,3.784559748964966e-05,0.11192208931735903,0.4618176270933251
optimizer_pre_update,1825,8.167065925590578e-05,0.07884571633476578,0.39550322256686926
optimizer_pre_update,1826,8.69110231178638e-05,0.07576750050129172,0.490075140518965
optimizer_pre_update,1827,3.687180651468225e-05,0.130137746215445,0.262282835066959
optimizer_pre_update,1828,3.287717788680311e-05,0.10351635269435355,0.2458649516191899
optimizer_pre_update,1829,4.352517476036155e-05,0.08907753508387661,0.27218224231959476
optimizer_pre_update,1830,7.087961034812906e-05,0.07305852058599156,0.28042101406427894
optimizer_pre_update,1831,8.646659762234776e-05,0.0762853808966286,0.2602210483841324
optimizer_pre_update,1832,4.8810617272465606e-05,0.07546843720569284,0.2639917244899186
optimizer_pre_update,1833,6.712600725222728e-05,0.1259063531012081,0.23538281810623604
optimizer_pre_update,1834,5.2833185691270046e-05,0.08757701219705358,0.31642940697148114
optimizer_pre_update,1835,5.7963655308412854e-05,0.0775006779313792,0.30735136192285906
optimizer_pre_update,1836,5.129054261487909e-05,0.09343101641448745,0.25826493865511113
optimizer_pre_update,1837,4.106685628357809e-05,0.11147712364216064,0.30973902179626794
optimizer_pre_update,1838,4.776455557475856e-05,0.09360548086792762,0.3173168896320341
optimizer_pre_update,1839,5.2060933057873626e-05,0.08228055164281298,0.2458856471546594
optimizer_pre_update,1840,0.00011844672599181649,0.06991010734683582,0.28772108639375593
optimizer_pre_update,1841,7.666088708901952e-05,0.0699432115694375,0.21134542337741224
optimizer_pre_update,1842,6.662756300102046e-05,0.06536477256413441,0.2184461798620185
optimizer_pre_update,1843,8.915290436561918e-05,0.09431926206859456,0.2828001781479663
optimizer_pre_update,1844,6.825812306487933e-05,0.1322135727524628,0.26116588028608734
optimizer_pre_update,1845,4.732608863378118e-05,0.1266146235696901,0.22668137606171315
optimizer_pre_update,1846,3.852024769912532e-05,0.10808537992000881,0.22571735416299554
optimizer_pre_update,1847,6.00799935455143e-05,0.10425935392571957,0.22450286258934185
optimizer_pre_update,1848,7.162429551499372e-05,0.09069970621929262,0.3266473900746987
optimizer_pre_update,1849,9.19189319574798e-05,0.12132566720810165,0.37400539267082555
optimizer_pre_update,1850,6.25520956418768e-05,0.11154474933212297,0.23930026996345446
optimizer_pre_update,1851,8.699297995917732e-05,0.05670830210892711,0.2293596561760948
optimizer_pre_update,1852,5.9500710676729796e-05,0.06805809016580082,0.20146303477555483
optimizer_pre_update,1853,5.719512819268857e-05,0.06352219721483494,0.22510231490460356
optimizer_pre_update,1854,7.087737549227313e-05,0.07930357634063034,0.23265506727292032
optimizer_pre_update,1855,8.359588719031308e-05,0.06857906612629182,0.20791978094327343
optimizer_pre_update,1856,6.466396303039801e-05,0.07634341004902921,0.18644943930976174
optimizer_pre_update,1857,5.189888292989053e-05,0.06823704187846838,0.19348696248085412
optimizer_pre_update,1858,9.089000786843826e-05,0.06683093244542977,0.2582519640741549
optimizer_pre_update,1859,5.642213000101037e-05,0.09031379237585774,0.20568393078734298
optimizer_pre_update,1860,8.523687847628025e-05,0.07609605466432827,0.18802054222442516
optimizer_pre_update,1861,9.243972681360901e-05,0.10140790642909116,0.2238703092910433
optimizer_pre_update,1862,5.806647300232726e-05,0.08115173124615085,0.23086442110416208
optimizer_pre_update,1863,6.0105697230028454e-05,0.07331877454891077,0.25153656878870545
optimizer_pre_update,1864,6.367862374645483e-05,0.07375768657582281,0.21660294507715588
optimizer_pre_update,1865,4.8725680471761734e-05,0.09705274728359052,0.1982399281403518
optimizer_pre_update,1866,8.88843105713022e-05,0.07985343001077265,0.20083437444181657
optimizer_pre_update,1867,4.224330268698395e-05,0.11454551805887174,0.18936544956928505
optimizer_pre_update,1868,0.00013875812601327198,0.07074255973770319,0.23495499170401468
optimizer_pre_update,1869,5.345568115444621e-05,0.21465157910323468,0.2387481329764693
optimizer_pre_update,1870,6.271228312471067e-05,0.10476426156599944,0.32894820865395247
optimizer_pre_update,1871,0.00010886825839406811,0.12632594750831933,0.27314881789541584
optimizer_pre_update,1872,4.37900430370064e-05,0.11352693383023514,0.24735105965252593
optimizer_pre_update,1873,4.552267569124524e-05,0.08702899157069688,0.24857409370757297
optimizer_pre_update,1874,5.808510013594059e-05,0.10418421163783452,0.30028733820220366
optimizer_pre_update,1875,7.129609730327502e-05,0.07288995705270682,0.22207252477936418
optimizer_pre_update,1876,6.51858756555157e-05,0.08474697303427269,0.21204773322702059
optimizer_pre_update,1877,7.881820374677773e-05,0.0661525511493761,0.22116808882767713
optimizer_pre_update,1878,3.648251367849298e-05,0.06231964808864617,0.25542553131606816
optimizer_pre_update,1879,5.834214493916079e-05,0.12214947428050049,0.27230790794299303
optimizer_pre_update,1880,7.044039875836461e-05,0.06338062347331017,0.22890948177965054
optimizer_pre_update,1881,6.5561758219701e-05,0.09224286127992445,0.22011080547052633
optimizer_pre_update,1882,6.111040897849307e-05,0.08852225004581776,0.27086275814671534
optimizer_pre_update,1883,6.787255529161484e-05,0.08375743429145076,0.29841847578114905
optimizer_pre_update,1884,0.00010172613019676646,0.06769801640019185,0.20408664965222895
optimizer_pre_update,1885,5.603693534794729e-05,0.07889791375349182,0.17413195804157858
optimizer_pre_update,1886,5.719251998925756e-05,0.08508305371721794,0.18410341305873648
optimizer_pre_update,1887,5.4761768979005865e-05,0.09706134038329561,0.24643448131227108
optimizer_pre_update,1888,6.401576115422358e-05,0.07941854351124103,0.20634912065323413
optimizer_pre_update,1889,4.270598356015398e-05,0.08800667064212248,0.19658149754964108
optimizer_pre_update,1890,9.738803009895491e-05,0.09027571049201388,0.24411675595391713
optimizer_pre_update,1891,4.5565144091597176e-05,0.11008800349791242,0.22141718818774697
optimizer_pre_update,1892,3.0907243854017e-05,0.08780229158787162,0.19039487554111953
optimizer_pre_update,1893,5.302764566295082e-05,0.08108704206146138,0.18848804530286328
optimizer_pre_update,1894,5.23198400514957e-05,0.09093200230297668,0.18727295697284788
optimizer_pre_update,1895,6.466247282332915e-05,0.11240773124831151,0.21714829405848987
optimizer_pre_update,1896,6.151534694254224e-05,0.13864451544409434,0.29002353267680203
optimizer_pre_update,1897,5.135014725965448e-05,0.14817338468455066,0.27984324072185446
optimizer_pre_update,1898,7.015466826487682e-05,0.06712815753933639,0.40210190747734026
optimizer_pre_update,1899,4.795417294189974e-05,0.07084958728008138,0.26976099304828705
optimizer_pre_update,1900,6.166510365801514e-05,0.09480491036633422,0.2632194655901871
optimizer_pre_update,1901,3.6039203905602335e-05,0.07654751740575697,0.22006412448721574
optimizer_pre_update,1902,4.273951117284014e-05,0.07347757263982267,0.2210183071238803
optimizer_pre_update,1903,5.7695434406923596e-05,0.06433584440284638,0.24587458559207373
optimizer_pre_update,1904,5.982890775158012e-05,0.070667711442738,0.22451128515584162
optimizer_pre_update,1905,5.216449585532246e-05,0.13195302295793956,0.24335959093813883
optimizer_pre_update,1906,7.55041853608418e-05,0.06670891285392612,0.22135263638704009
optimizer_pre_update,1907,6.826743583587813e-05,0.08948195294179259,0.20106110767178556
optimizer_pre_update,1908,7.379986436717445e-05,0.056379846775313644,0.3019732602650577
optimizer_pre_update,1909,4.0727854866418056e-05,0.13181010363443724,0.31228425718866043
optimizer_pre_update,1910,3.176555105710577e-05,0.11407152905366055,0.3027390704095387
optimizer_pre_update,1911,4.4303760205366416e-05,0.09389974068230708,0.2719250312737382
optimizer_pre_update,1912,4.617348349711392e-05,0.08745737838809843,0.3087791216460775
optimizer_pre_update,1913,9.656548581915558e-05,0.059546761702388644,0.26792934086986037
optimizer_pre_update,1914,6.148852480691858e-05,0.10701611088825294,0.2322152109490553
optimizer_pre_update,1915,7.345341259679117e-05,0.07663501192034912,0.24819584628882127
optimizer_pre_update,1916,5.898401286685839e-05,0.11064939233305056,0.22405635527988838
optimizer_pre_update,1917,3.406219207136019e-05,0.0782017527523732,0.5417680705828872
optimizer_pre_update,1918,5.1261485623399494e-05,0.10250501542774344,0.2846555680439609
optimizer_pre_update,1919,3.411509135275992e-05,0.0846251764021304,0.22165277721149437
optimizer_pre_update,1920,4.1176379227181314e-05,0.0802692058244665,0.2133186572664294
optimizer_pre_update,1921,4.462525339476997e-05,0.05503038263828712,0.38363867593395845
optimizer_pre_update,1922,7.502138828385796e-05,0.07184948819772391,0.24036007245983648
optimizer_pre_update,1923,5.346089665181353e-05,0.06296127762274338,0.5691987253694755
optimizer_pre_update,1924,6.493814407804166e-05,0.12656681397233588,0.18403737187776834
optimizer_pre_update,1925,6.629824747506063e-05,0.09525124820755393,0.1982740705168547
optimizer_pre_update,1926,7.104538553903694e-05,0.05575470280931038,0.22645000991901432
optimizer_pre_update,1927,6.902702284605766e-05,0.05563906914577776,0.22869813488084623
optimizer_pre_update,1928,4.7686323796369834e-05,0.09715545422147354,0.3501308578073365
optimizer_pre_update,1929,7.327944149437826e-05,0.10302911038563299,0.24465419289949147
optimizer_pre_update,1930,0.00010767690946522634,0.09926525182657851,0.22473015302466637
optimizer_pre_update,1931,5.0427392352503375e-05,0.0900749128512154,0.22530182336046825
optimizer_pre_update,1932,0.0001702401823422406,0.11760931910983743,0.30050681902615556
optimizer_pre_update,1933,5.809664821754268e-05,0.11625925242905125,0.3824915756981965
optimizer_pre_update,1934,4.196763120489777e-05,0.07799047993224206,0.27105784861365906
optimizer_pre_update,1935,3.557652291874547e-05,0.1164062883852442,0.22065172123617885
optimizer_pre_update,1936,4.322230893194501e-05,0.06249441379685266,0.2552456116364322
optimizer_pre_update,1937,5.4838881851537735e-05,0.08247023786323746,0.25399169962652646
optimizer_pre_update,1938,4.3590367795331986e-05,0.051167265204611956,0.3158029177416383
optimizer_pre_update,1939,4.785768760484643e-05,0.08296223951739273,0.39902715182379994
optimizer_pre_update,1940,5.004704098610091e-05,0.07924619780344579,0.2598348054994549
optimizer_pre_update,1941,0.00011576786755540525,0.06800160703489866,0.3264360475790765
optimizer_pre_update,1942,6.325468530121725e-05,0.07468925132742239,0.6674004991669334
optimizer_pre_update,1943,4.132762637709675e-05,0.08613368094740537,0.18169235730474198
optimizer_pre_update,1944,3.642067349574063e-05,0.08535396442878738,0.18530330448384807
optimizer_pre_update,1945,5.641803204525786e-05,0.07599965141594826,0.1944157610343087
optimizer_pre_update,1946,5.2852929911750834e-05,0.04511751684812437,0.29067135935818766
optimizer_pre_update,1947,7.626488968526246e-05,0.09792184974581139,0.30419780207608976
optimizer_pre_update,1948,6.860718212919892e-05,0.07481274007296164,0.2033303321676083
optimizer_pre_update,1949,4.0819496689437074e-05,0.07389184826809689,0.20942947724440666
optimizer_pre_update,1950,7.513836180805811e-05,0.04378818079870059,0.33549826752953954
optimizer_pre_update,1951,5.94086955061357e-05,0.048213074567434705,0.6467211219804403
optimizer_pre_update,1952,5.7591871154727414e-05,0.05936425925678323,0.25363343890886986
optimizer_pre_update,1953,5.256049394120055e-05,0.0635453660035458,0.22747206189570146
optimizer_pre_update,1954,5.3775683909407235e-05,0.08772841534657083,0.3185776673071169
optimizer_pre_update,1955,5.054101438872749e-05,0.057027792536247235,0.3166634914106834
optimizer_pre_update,1956,5.204305102779472e-05,0.07538142645760627,0.23513925445797668
optimizer_pre_update,1957,4.8494339807803044e-05,0.08931904508749507,0.22772140505117047
optimizer_pre_update,1958,3.9243698893187684e-05,0.09450560353984723,0.22659537703809418
optimizer_pre_update,1959,5.393959668253956e-05,0.09883478725350762,0.22373783661873928
optimizer_pre_update,1960,4.515573505159409e-05,0.08648375999011244,0.210452229642979
optimizer_pre_update,1961,6.263107161430526e-05,0.09837898842396263,0.2243673699139508
optimizer_pre_update,1962,4.467517146622413e-05,0.1245264419912274,0.2152857353097222
optimizer_pre_update,1963,5.1198155006204615e-05,0.072954500314759,0.29483580502606177
optimizer_pre_update,1964,4.75186861876864e-05,0.07443105313490918,0.6581059746989555
optimizer_pre_update,1965,4.7612191110602e-05,0.08266204730800142,0.23300585049998068
optimizer_pre_update,1966,6.315968994385912e-05,0.07144005114989675,0.23158156944552116
optimizer_pre_update,1967,5.0823018227674766e-05,0.052792790259733866,0.22769888094533933
optimizer_pre_update,1968,5.101747865410289e-05,0.0493649257113043,0.23409858424902874
optimizer_pre_update,1969,4.2436272678969544e-05,0.05522756784904209,0.28408099936983516
optimizer_pre_update,1970,6.555505228789116e-05,0.05662622307500514,0.25724364490998997
optimizer_pre_update,1971,5.7141855904774275e-05,0.08663721753334234,0.23053642717912776
optimizer_pre_update,1972,4.84641648199613e-05,0.07320741770444247,0.4491624097131783
optimizer_pre_update,1973,6.634965643570467e-05,0.06417238918675577,0.24154969915590765
optimizer_pre_update,1974,4.6011805807211204e-05,0.08716457489614132,0.2550417411901689
optimizer_pre_update,1975,6.120205034676474e-05,0.06241368507545612,0.23421068240506404
optimizer_pre_update,1976,3.645196647994453e-05,0.07398550003742921,0.2015439107293614
optimizer_pre_update,1977,4.993639959138818e-05,0.07707688593614274,0.20788012446039744
optimizer_pre_update,1978,9.708218431114801e-05,0.07466442311395308,0.28000877300285354
optimizer_pre_update,1979,8.871630052453838e-05,0.0888151250022813,0.2557905487590324
optimizer_pre_update,1980,4.485882914195827e-05,0.06348839904937523,0.24403369967284425
optimizer_pre_update,1981,5.261935461930989e-05,0.06875405872747004,0.23604536433673168
optimizer_pre_update,1982,5.586370866694779e-05,0.13063370325931858,0.1960609696337192
optimizer_pre_update,1983,5.579143885370286e-05,0.1187203285948922,0.16898037595049786
optimizer_pre_update,1984,5.0178171250081505e-05,0.15122286804689697,0.23556397534842582
optimizer_pre_update,1985,5.459114981931634e-05,0.1261701976038002,0.24202545274881634
optimizer_pre_update,1986,4.2797626065294025e-05,0.07222944125479157,0.23925589608405753
optimizer_pre_update,1987,5.0631539124879055e-05,0.0854640995700746,0.20666827930106343
optimizer_pre_update,1988,0.0001098040511351428,0.1271371199400631,0.26094838034617523
optimizer_pre_update,1989,5.573220641963417e-05,0.10079540256819036,0.23971747521015244
optimizer_pre_update,1990,0.0001100778604268271,0.08181168487106562,0.24267808312235378
optimizer_pre_update,1991,4.718192008112965e-05,0.11835207789444638,0.21319891757723117
optimizer_pre_update,1992,0.0001558236817800207,0.143615021778327,0.3777778650079242
optimizer_pre_update,1993,6.419345822905598e-05,0.1523100110014869,0.2917095156009094
optimizer_pre_update,1994,5.2240864306440926e-05,0.06895557819994787,0.714337174515364
optimizer_pre_update,1995,7.87489143476705e-05,0.06176752345285279,0.2933559243681811
optimizer_pre_update,1996,5.4621697245238465e-05,0.10213598007451581,0.2568561858615816
optimizer_pre_update,1997,5.745291878156422e-05,0.09493528539429355,0.26101363704158786
optimizer_pre_update,1998,4.266724022272683e-05,0.07236060372644576,0.19460492266524437
optimizer_pre_update,1999,7.245242750286707e-05,0.08740381344722767,0.23027962712784472
optimizer_pre_update,2000,5.226992107054684e-05,0.04448383150070909,0.25023400390269285
optimizer_pre_update,2001,4.376582887744007e-05,0.1154871906229227,0.27357710831603155
optimizer_pre_update,2002,4.7599152367183706e-05,0.11658544221476436,0.18149829846844223
optimizer_pre_update,2003,0.00010191537558057462,0.08277687616932988,0.17775943237066733
optimizer_pre_update,2004,5.7772175523496117e-05,0.0770533869182572,0.25176987629595016
optimizer_pre_update,2005,5.561746775128995e-05,0.11988887124344108,0.20338178524260958
optimizer_pre_update,2006,6.963499049561506e-05,0.08677594020964186,0.20684126656187501
optimizer_pre_update,2007,5.791634384877398e-05,0.07863680784028444,0.2226100780124545
optimizer_pre_update,2008,6.780177454857039e-05,0.06022293786988055,0.2590430235366099
optimizer_pre_update,2009,5.2792951919400366e-05,0.10503610035920462,0.15714986570698353
optimizer_pre_update,2010,9.996779454013449e-05,0.11911770552702254,0.14535953760129988
optimizer_pre_update,2011,5.975440308247926e-05,0.09855063279771967,0.1494920989462422
optimizer_pre_update,2012,8.776188042247668e-05,0.10903514163617319,0.20512574341982537
optimizer_pre_update,2013,5.734786554967286e-05,0.08611929729459022,0.2094135378440499
optimizer_pre_update,2014,4.413314263729262e-05,0.08136490505502512,0.19425159922396576
optimizer_pre_update,2015,5.373209864956152e-05,0.06416491853842247,0.2662487526808367
optimizer_pre_update,2016,8.015074035938596e-05,0.06362488751723185,0.2707933034123234
optimizer_pre_update,2017,6.827786705798644e-05,0.1437213471009141,0.25006693410743214
optimizer_pre_update,2018,5.538202890420507e-05,0.06185956304078552,0.2484466487726211
optimizer_pre_update,2019,5.275085663924983e-05,0.08649233876435232,0.24426658621683178
optimizer_pre_update,2020,6.99281704328314e-05,0.08486857284428495,0.2835231687391534
optimizer_pre_update,2021,0.0018708576026256196,0.0665345757932342,0.21862317003031675
optimizer_pre_update,2022,6.630346274505428e-05,0.09541885879667798,0.22368269652389672
optimizer_pre_update,2023,3.845095693577605e-05,0.10726043036539148,0.22650972354030266
optimizer_pre_update,2024,4.2099133679585066e-05,0.102419938933677,0.2216567362296005
optimizer_pre_update,2025,6.094798527556122e-05,0.13819200192547862,0.30300518366799933
optimizer_pre_update,2026,9.154900999419624e-05,0.06040505274136594,0.2243830770972806
optimizer_pre_update,2027,8.601844410804915e-05,0.08069493618271738,0.21241887009623184
optimizer_pre_update,2028,0.00010731332031355123,0.0735776356614457,0.22965079885842168
optimizer_pre_update,2029,7.233433620967844e-05,0.0618009981049567,0.23451166235028634
optimizer_pre_update,2030,7.974840809765738e-05,0.09694404822362877,0.16905516856932085
optimizer_pre_update,2031,6.536953219438146e-05,0.07805799759530355,0.20886604488692528
optimizer_pre_update,2032,0.00011899210721821873,0.058781011081275196,0.23654505186281743
optimizer_pre_update,2033,0.00022080354574427474,0.10495795379460716,0.2789221001910288
optimizer_pre_update,2034,0.00011568703030206962,0.07643472610567739,0.20958380856542824
optimizer_pre_update,2035,9.053237954503857e-05,0.06242671528599395,0.19903863985300027
optimizer_pre_update,2036,0.0014815531867498066,0.05751181931440811,0.23835076423405127
optimizer_pre_update,2037,0.0007914580528449733,0.08280906791906774,0.3508043153709838
optimizer_pre_update,2038,0.00011760033885366283,0.06719236578173231,0.2916475218690152
optimizer_pre_update,2039,3.841705711238319e-05,0.08533753896871374,0.25193186809502033
optimizer_pre_update,2040,5.040019823354669e-05,0.07082814616534032,0.18602639171087695
optimizer_pre_update,2041,5.855374092789134e-05,0.11704640120335895,0.28107648055582335
optimizer_pre_update,2042,6.199590984579118e-05,0.1375437566388922,0.23716966397316167
optimizer_pre_update,2043,5.710534787795041e-05,0.07117275187998612,0.2867454579274276
optimizer_pre_update,2044,6.090030183258932e-05,0.07094737538755186,0.2539746099682862
optimizer_pre_update,2045,8.29610985420004e-05,0.17687451293779582,0.261119462801636
optimizer_pre_update,2046,5.1275641226311564e-05,0.127823280437662,0.28416450517704034
optimizer_pre_update,2047,4.603266779668047e-05,0.09786934336476145,0.4754718758676195
optimizer_pre_update,2048,6.046406997484155e-05,0.07183336515093965,0.45344471683160414
optimizer_pre_update,2049,7.024631077001686e-05,0.1289796375342592,0.28361324618969225
optimizer_pre_update,2050,4.475675609683094e-05,0.08072750873505444,0.8295230417396342
optimizer_pre_update,2051,0.0001073114594873914,0.06636602278915323,0.4458265976287818
optimizer_pre_update,2052,0.00010612681717248051,0.06779153084483736,0.6249755244193904
optimizer_pre_update,2053,6.67251656523149e-05,0.11721528041081046,0.6837582319087708
optimizer_pre_update,2054,0.00013726577344641555,0.09185603591802272,0.26441886674302295
optimizer_pre_update,2055,0.0001310937132075196,0.0843601781364168,0.25724840857414755
optimizer_pre_update,2056,0.00011264793715781707,0.08509034587334427,0.2565134767090074
optimizer_pre_update,2057,4.202611830805836e-05,0.07986114813561973,0.23470580579707692
optimizer_pre_update,2058,4.869103463533975e-05,0.13851919672782276,0.2548337935488608
optimizer_pre_update,2059,4.0610135101815104e-05,0.07536127351659172,0.1906157718861144
optimizer_pre_update,2060,7.174126949394122e-05,0.08557935082073188,0.27675760509307135
optimizer_pre_update,2061,6.956383640499553e-05,0.0788715485944999,0.22350908803995045
optimizer_pre_update,2062,4.2451173612789717e-05,0.07269254851982923,0.4517627207169668
optimizer_pre_update,2063,9.38113798838458e-05,0.08368863163825602,0.32092650745493423
optimizer_pre_update,2064,5.88383531976433e-05,0.11644758837682655,0.5085308957399067
optimizer_pre_update,2065,3.380142231890204e-05,0.15278421275978146,0.2543223478966797
optimizer_pre_update,2066,9.878277933239588e-05,0.15763445293513323,0.25434695183409856
optimizer_pre_update,2067,4.825778387385071e-05,0.10106042480050652,0.33336769810365197
optimizer_pre_update,2068,5.953870822850149e-05,0.05927008690341311,0.29542840675880344
optimizer_pre_update,2069,6.561204986610392e-05,0.08443836784657183,0.4124763409759176
optimizer_pre_update,2070,0.00011002384417224675,0.16772608263000963,0.2678053240261775
optimizer_pre_update,2071,4.92781409775489e-05,0.1360874953090672,0.2766258684731331
optimizer_pre_update,2072,3.6066026154912834e-05,0.14199773425143183,0.25836765162356384
optimizer_pre_update,2073,4.069432679898455e-05,0.10071353417585696,0.2690066751568463
optimizer_pre_update,2074,5.028396913075994e-05,0.10067820712266676,0.28689298810134717
optimizer_pre_update,2075,5.879812033526832e-05,0.08021166861527931,0.29168377472823426
optimizer_pre_update,2076,5.6036190244412865e-05,0.07679227214054528,0.34961380143459436
optimizer_pre_update,2077,6.0914084997421014e-05,0.07630911609221366,0.30485927247904343
optimizer_pre_update,2078,6.183199730003253e-05,0.07810512710678036,0.24394027111378724
optimizer_pre_update,2079,4.599280737238587e-05,0.0648081015107187,0.3813825914621061
optimizer_pre_update,2080,3.258995752730698e-05,0.11389087243412957,0.47781068739969024
optimizer_pre_update,2081,8.587539355175977e-05,0.07970219559089516,0.4084815773907241
optimizer_pre_update,2082,0.00010173954296988086,0.07596827517583694,0.5299380908157998
optimizer_pre_update,2083,4.473328658605169e-05,0.13517245462333904,0.27106783375866417
optimizer_pre_update,2084,2.6816875106305815e-05,0.10651909992028644,0.24545534202379252
optimizer_pre_update,2085,3.744252080650767e-05,0.09072154910061912,0.2730850169489232
optimizer_pre_update,2086,5.758516590503859e-05,0.07427957541865454,0.27914990149219754
optimizer_pre_update,2087,7.696934244449949e-05,0.0767428131846936,0.2629244149609714
optimizer_pre_update,2088,4.935823449159216e-05,0.07683072979282168,0.2652855888576541
optimizer_pre_update,2089,6.128028144303244e-05,0.12324984937697057,0.23366887107322512
optimizer_pre_update,2090,4.6665222271258244e-05,0.08765185763254002,0.3255926933953644
optimizer_pre_update,2091,4.57603489394387e-05,0.0782402417143906,0.32517994334102496
optimizer_pre_update,2092,5.467236201184278e-05,0.09391528771201242,0.25562848785674364
optimizer_pre_update,2093,3.815628610936983e-05,0.11514944052249762,0.30876173853094274
optimizer_pre_update,2094,5.906932119614794e-05,0.09410870257289113,0.3022487313375368
optimizer_pre_update,2095,5.447268563329999e-05,0.08305868135857286,0.24986146357668731
optimizer_pre_update,2096,0.00024783351000223774,0.07032747216450115,0.28054435731485855
optimizer_pre_update,2097,7.674619655517745e-05,0.07248361705437907,0.2094067818930682
optimizer_pre_update,2098,6.286651046139013e-05,0.06649740734484026,0.21843679113353393
optimizer_pre_update,2099,7.641278352821246e-05,0.09602857087553832,0.27951401917630053
optimizer_pre_update,2100,8.250475048043882e-05,0.13662351697792158,0.2569799534379552
optimizer_pre_update,2101,5.074366981716594e-05,0.12847095077215007,0.22449196278607333
optimizer_pre_update,2102,3.6645309137384174e-05,0.1090405653372542,0.2249728355078289
optimizer_pre_update,2103,6.369017182805692e-05,0.10589308003416864,0.2231898272903098
optimizer_pre_update,2104,6.010122660882189e-05,0.09329298728977095,0.3301141071972963
optimizer_pre_update,2105,7.389784013867029e-05,0.12266708559104801,0.3628281503971751
optimizer_pre_update,2106,5.3652376436730265e-05,0.1140752804696137,0.24003607430522064
optimizer_pre_update,2107,7.625892885698704e-05,0.05802531642600799,0.23071210445179877
optimizer_pre_update,2108,4.3494628016560455e-05,0.07104738307541018,0.20069855034843895
optimizer_pre_update,2109,6.20588668880373e-05,0.06657220398113411,0.2280401559129238
optimizer_pre_update,2110,5.846060912517714e-05,0.0833111262610982,0.23530781275995344
optimizer_pre_update,2111,7.682927093810576e-05,0.0693690869343683,0.20923388022821104
optimizer_pre_update,2112,8.449480128547293e-05,0.07717453474110338,0.18896079385371312
optimizer_pre_update,2113,4.852786764786288e-05,0.0693982604982099,0.1958207035457529
optimizer_pre_update,2114,0.00011381656122466666,0.06766889183822483,0.2581458372671975
optimizer_pre_update,2115,4.787780449078127e-05,0.0908399042511833,0.2063861415226299
optimizer_pre_update,2116,6.743259814356861e-05,0.0798579698600511,0.18901592022738614
optimizer_pre_update,2117,8.146874711201235e-05,0.10356807957213057,0.22462583101771924
optimizer_pre_update,2118,5.206465789342474e-05,0.08215151717503504,0.2323730521640731
optimizer_pre_update,2119,6.537810099871422e-05,0.07302439640941176,0.25343022988647623
optimizer_pre_update,2120,5.978792978567071e-05,0.07408371264593017,0.2202334922097387
optimizer_pre_update,2121,5.034320111008128e-05,0.09697959227400843,0.1977198090859112
optimizer_pre_update,2122,6.802305642850115e-05,0.08084768383378485,0.20045498663957245
optimizer_pre_update,2123,4.826784197575762e-05,0.1170171941172139,0.18962254423710725
optimizer_pre_update,2124,0.0001316256839345442,0.07432811068847724,0.23352854536891093
optimizer_pre_update,2125,5.1488727194737294e-05,0.21483837028601296,0.23991644444587476
optimizer_pre_update,2126,5.418732871476095e-05,0.10656431052342603,0.3519032791267182
optimizer_pre_update,2127,0.00018620304945216049,0.12869129495437553,0.2932597253478939
optimizer_pre_update,2128,4.2194128582195845e-05,0.11592585003284704,0.251940593762085
optimizer_pre_update,2129,4.826560689252801e-05,0.08936484570663629,0.2558132983705264
optimizer_pre_update,2130,5.054660186942783e-05,0.1066886239067369,0.3010812804760965
optimizer_pre_update,2131,6.124228343651339e-05,0.07349002229145835,0.2216450880161841
optimizer_pre_update,2132,6.525069670715311e-05,0.08358789378024632,0.21417648842161385
optimizer_pre_update,2133,9.494833784629009e-05,0.06571187448795786,0.22216081801625903
optimizer_pre_update,2134,3.451407042120991e-05,0.06307858425720657,0.2576380906134374
optimizer_pre_update,2135,5.4254010819931864e-05,0.12449444618410692,0.2725379793286274
optimizer_pre_update,2136,8.690133881827933e-05,0.0637516942717231,0.2272509993700753
optimizer_pre_update,2137,9.377263540955028e-05,0.09308931863760815,0.2189580825144145
optimizer_pre_update,2138,6.0572475149456295e-05,0.09063325084008556,0.2755879332358371
optimizer_pre_update,2139,6.243810162231966e-05,0.08384869650272277,0.30252761096603487
optimizer_pre_update,2140,9.019114213515422e-05,0.0667645249231877,0.2059023405280615
optimizer_pre_update,2141,4.716701846518845e-05,0.07807434530495364,0.17454852592961442
optimizer_pre_update,2142,5.195140875002835e-05,0.08514007395101322,0.18631587898449992
optimizer_pre_update,2143,5.382858262237278e-05,0.09775394262625534,0.24819062589092508
optimizer_pre_update,2144,6.264075682338444e-05,0.07962782912360318,0.20651838558334956
optimizer_pre_update,2145,4.93869197271124e-05,0.08997314827238716,0.19491052414832605
optimizer_pre_update,2146,8.662305936013581e-05,0.0916621572801944,0.24353196057496596
optimizer_pre_update,2147,4.024878217023797e-05,0.11192626100527171,0.2214189952969882
optimizer_pre_update,2148,2.8481334766183863e-05,0.0902074107945094,0.19294466022293147
optimizer_pre_update,2149,4.2941422179865185e-05,0.08145354058904757,0.1898595218442129
optimizer_pre_update,2150,4.811920257452584e-05,0.09122282409497462,0.1878930985343578
optimizer_pre_update,2151,5.885698055863031e-05,0.11337135020911293,0.2204141824468908
optimizer_pre_update,2152,6.402507483471709e-05,0.13823332053846563,0.27505206089527573
optimizer_pre_update,2153,4.366897087493271e-05,0.14481860385492965,0.2654727767732105
optimizer_pre_update,2154,6.30509114216693e-05,0.06778468581945792,0.3902005552673516
optimizer_pre_update,2155,4.673004264077463e-05,0.07154560201647889,0.27444758057613095
optimizer_pre_update,2156,6.090886927268002e-05,0.09628067729610754,0.27265605586307445
optimizer_pre_update,2157,3.683976876800443e-05,0.07601518175434223,0.22168502183286856
optimizer_pre_update,2158,3.756135811272543e-05,0.07338391929602248,0.2229022603047222
optimizer_pre_update,2159,5.292929813549563e-05,0.06439066749260297,0.246041750223127
optimizer_pre_update,2160,5.0613284429346095e-05,0.07176136079251311,0.2243401342630796
optimizer_pre_update,2161,4.503727086557774e-05,0.131338231098894,0.24313054107539722
optimizer_pre_update,2162,7.208660304058867e-05,0.0667168536301011,0.22082256067443717
optimizer_pre_update,2163,5.3770841304867645e-05,0.08871253234133106,0.20313272384227127
optimizer_pre_update,2164,6.52883211387234e-05,0.056731025068881134,0.30237602088746157
optimizer_pre_update,2165,4.343167006481963e-05,0.13078825526559978,0.31885254390189616
optimizer_pre_update,2166,3.3212826679118734e-05,0.11321010597844833,0.3018272520794703
optimizer_pre_update,2167,4.3060258803961915e-05,0.09353463048313758,0.2720425184878125
optimizer_pre_update,2168,3.71493407556045e-05,0.08604045913015985,0.3058348752881503
optimizer_pre_update,2169,7.829740729903278e-05,0.05917761229234779,0.273164558908062
optimizer_pre_update,2170,5.609393178929167e-05,0.1069605894952447,0.22992850007377702
optimizer_pre_update,2171,7.718168376413814e-05,0.07472976807912264,0.24732829035897647
optimizer_pre_update,2172,5.339346921573451e-05,0.10909500151138408,0.22472777415488615
optimizer_pre_update,2173,3.386959451745497e-05,0.07851798297226235,0.5463549243428951
optimizer_pre_update,2174,4.679150924857822e-05,0.1019736505131558,0.2883128199144049
optimizer_pre_update,2175,3.428384729886602e-05,0.08486258618088142,0.22046251375717432
optimizer_pre_update,2176,3.829933768884075e-05,0.08002704677173947,0.2129700544042432
optimizer_pre_update,2177,4.4998899966230965e-05,0.05410061080010318,0.4052802690789137
optimizer_pre_update,2178,7.245354345286614e-05,0.07231342068445419,0.24427602281285238
optimizer_pre_update,2179,4.816614182345802e-05,0.06337764387283978,0.5644424828175068
optimizer_pre_update,2180,6.374418785526359e-05,0.12606720208169275,0.18431053092553507
optimizer_pre_update,2181,5.584545488090953e-05,0.0939487436619519,0.19865804223984393
optimizer_pre_update,2182,0.00012129023934903671,0.05453480776464849,0.2243040549124892
optimizer_pre_update,2183,7.595010242766875e-05,0.05484779893701063,0.2262811032373077
optimizer_pre_update,2184,4.321597634771024e-05,0.0965046304286892,0.3603059896390402
optimizer_pre_update,2185,6.0198084383955575e-05,0.10082024653779588,0.24576957128442378
optimizer_pre_update,2186,0.00015041753977129702,0.10163219939882887,0.22783831650900987
optimizer_pre_update,2187,6.751343653377262e-05,0.09294895311513722,0.22851701072024372
optimizer_pre_update,2188,0.0006296102073974907,0.1188531583934215,0.3013386774240182
optimizer_pre_update,2189,0.00015036836703075096,0.11452575001616022,0.374321492295364
optimizer_pre_update,2190,3.90466307180759e-05,0.07963792895951666,0.2751521469212765
optimizer_pre_update,2191,3.3026562277882476e-05,0.11872174676233432,0.22359796088244327
optimizer_pre_update,2192,3.870017906137946e-05,0.0628061115700754,0.25937605916242357
optimizer_pre_update,2193,4.6835467855999013e-05,0.08360917966328235,0.26266957429575283
optimizer_pre_update,2194,3.922097448594286e-05,0.05176056281436785,0.3216666403299672
optimizer_pre_update,2195,4.1586161614759476e-05,0.08336423760198744,0.40635286162768547
optimizer_pre_update,2196,4.427284079611127e-05,0.08030043503150755,0.26547470782246374
optimizer_pre_update,2197,0.00010536834724916844,0.06923525714714016,0.32823785995335536
optimizer_pre_update,2198,5.695633672075928e-05,0.07676658525153099,0.6969585756807984
optimizer_pre_update,2199,4.265680968273955e-05,0.08889423288081552,0.18321297404797537
optimizer_pre_update,2200,3.420487132643757e-05,0.0876793052710555,0.18527470272849808
optimizer_pre_update,2201,4.894696303381352e-05,0.0775428925849079,0.1953962701728675
optimizer_pre_update,2202,5.3538382871920476e-05,0.04633606837158396,0.31256413166960206
optimizer_pre_update,2203,6.947890074116003e-05,0.10018782422935357,0.30647940116916156
optimizer_pre_update,2204,6.052553749213985e-05,0.07627689491302163,0.20480155184457732
optimizer_pre_update,2205,3.632418884080835e-05,0.07682221252255088,0.2111596423450643
optimizer_pre_update,2206,7.118731832633785e-05,0.04498465222716025,0.3395229057140766
optimizer_pre_update,2207,5.268454583529092e-05,0.04895503751487126,0.6529494547951867
optimizer_pre_update,2208,4.8147515144592035e-05,0.06028399460707942,0.2676314819141459
optimizer_pre_update,2209,4.6845153519825544e-05,0.06413012589073368,0.23220761003906068
optimizer_pre_update,2210,5.7791547078522854e-05,0.09328983050207634,0.3271686295888983
optimizer_pre_update,2211,4.970580448571127e-05,0.057226955553600606,0.3256378904737697
optimizer_pre_update,2212,4.755966438096948e-05,0.07911238244186229,0.24297712482365874
optimizer_pre_update,2213,3.714188983394706e-05,0.0914809591297379,0.23044537684453845
optimizer_pre_update,2214,6.330832957246457e-05,0.10040549617387812,0.23322769951372282
optimizer_pre_update,2215,3.354735724769853e-05,0.10561090909298401,0.2270433489781337
optimizer_pre_update,2216,4.3737144324040855e-05,0.09290236444519494,0.21245007572623315
optimizer_pre_update,2217,6.219185956979345e-05,0.10064566322668697,0.22718057914960343
optimizer_pre_update,2218,4.04905538289313e-05,0.12691135840570023,0.21759542056565598
optimizer_pre_update,2219,5.241483518148016e-05,0.07554653824362144,0.3049133057368452
optimizer_pre_update,2220,4.645437047656742e-05,0.07667040097998924,0.6823386671119138
optimizer_pre_update,2221,4.8736856570030795e-05,0.08839330647699611,0.23489947430019248
optimizer_pre_update,2222,5.6721270993875805e-05,0.07529648236904007,0.23382612593961902
optimizer_pre_update,2223,5.2228198228476685e-05,0.05381626856223859,0.2271969234790414
optimizer_pre_update,2224,5.231015438766917e-05,0.0505308887602191,0.23361018607302395
optimizer_pre_update,2225,4.119761342735728e-05,0.056043498112528484,0.2974963779346243
optimizer_pre_update,2226,6.433539192585158e-05,0.05706170315532254,0.25511434350298345
optimizer_pre_update,2227,5.678422849086928e-05,0.0896318253611734,0.23230613333725703
optimizer_pre_update,2228,4.867315351475554e-05,0.07570636890219559,0.4520951785265086
optimizer_pre_update,2229,5.821660283800156e-05,0.06733065755280422,0.24425011426392287
optimizer_pre_update,2230,3.89799480444708e-05,0.09029171544819706,0.259592578901709
optimizer_pre_update,2231,5.7758764569371124e-05,0.0635590201108154,0.23588173959082986
optimizer_pre_update,2232,4.922114339933614e-05,0.07203941848219705,0.20480829008219176
optimizer_pre_update,2233,4.603974593919702e-05,0.0760745813913418,0.21146961393251
optimizer_pre_update,2234,0.0002229724136668665,0.0760593232927342,0.2956702984895247
optimizer_pre_update,2235,8.527785666956333e-05,0.08984387380973656,0.25798148830740375
optimizer_pre_update,2236,5.5047125215423875e-05,0.06638008336899455,0.2527547494268436
optimizer_pre_update,2237,5.245693091637804e-05,0.07190863746744304,0.2454508428464831
optimizer_pre_update,2238,5.182959216654126e-05,0.13615031534197092,0.19900829455575686
optimizer_pre_update,2239,5.329847385837638e-05,0.1219691083026747,0.17036845278554
optimizer_pre_update,2240,4.634559240912495e-05,0.15953568976617194,0.23832077971727844
optimizer_pre_update,2241,5.537457855098182e-05,0.1346436116589267,0.25347101564332086
optimizer_pre_update,2242,3.940016085834941e-05,0.07332371174574658,0.24093934807015427
optimizer_pre_update,2243,4.527159080680576e-05,0.08492879819512988,0.2090737449153021
optimizer_pre_update,2244,0.00014115982094153878,0.1309998555386264,0.2631403836407738
optimizer_pre_update,2245,4.8702583626436535e-05,0.10308036751636827,0.2431123655795651
optimizer_pre_update,2246,0.00014669671827505226,0.08162042586653268,0.22873667467755907
optimizer_pre_update,2247,4.3937564669249696e-05,0.11968205618232405,0.2140145179162338
optimizer_pre_update,2248,7.445327992172679e-05,0.14845810459698996,0.3788198797362568
optimizer_pre_update,2249,6.496422111013089e-05,0.1554970619913207,0.30551018751895187
optimizer_pre_update,2250,5.0589815373314195e-05,0.0683530960917983,0.7227410543837632
optimizer_pre_update,2251,6.888620623612951e-05,0.06231780327332717,0.2768366213176318
optimizer_pre_update,2252,5.497112965713313e-05,0.10673756071380708,0.25899943569505113
optimizer_pre_update,2253,5.692020158676314e-05,0.09733784970837138,0.28336867720857867
optimizer_pre_update,2254,4.144273793826869e-05,0.07543084442805469,0.1968662305399761
optimizer_pre_update,2255,6.252266553019581e-05,0.08967565372671538,0.22787965560785484
optimizer_pre_update,2256,4.83639544199832e-05,0.04566755502639425,0.2553766594119124
optimizer_pre_update,2257,4.35240576734941e-05,0.1213631632277119,0.2750765353497637
optimizer_pre_update,2258,5.0164387403128785e-05,0.11774262995771875,0.1833207184647974
optimizer_pre_update,2259,0.0002019543208007235,0.08473650902013563,0.17971743757534514
optimizer_pre_update,2260,5.0007925210593385e-05,0.07950044275927425,0.2510655828310681
optimizer_pre_update,2261,5.602575924967823e-05,0.12109205443404968,0.20559028368789561
optimizer_pre_update,2262,7.48913762436132e-05,0.08784398410146944,0.21206850498883859
optimizer_pre_update,2263,5.113370798426331e-05,0.07912675710436093,0.2277588931570139
optimizer_pre_update,2264,6.068088168831309e-05,0.060362542803686504,0.2635538408985469
optimizer_pre_update,2265,5.229748785495758e-05,0.10710063187832507,0.15959610340025693
optimizer_pre_update,2266,0.00030270293700596085,0.12863915139880608,0.14690583941203064
optimizer_pre_update,2267,0.00014978274930399493,0.10279121608965269,0.14974544990989555
optimizer_pre_update,2268,8.248575204561348e-05,0.10936779972187206,0.20789556278735272
optimizer_pre_update,2269,5.284063581711962e-05,0.08669391688143167,0.21222070195501688
optimizer_pre_update,2270,4.133209631618229e-05,0.0817839535168853,0.19504207760316414
optimizer_pre_update,2271,4.2220578507112805e-05,0.061929761284839666,0.2779553598640703
optimizer_pre_update,2272,7.010735657786427e-05,0.06093858951981741,0.2655255728754398
optimizer_pre_update,2273,6.640106562372239e-05,0.1443986467026036,0.25075485732604863
optimizer_pre_update,2274,6.186589666867803e-05,0.06275790269832361,0.24936211493575097
optimizer_pre_update,2275,5.274675868349732e-05,0.08799106633617602,0.24611102909222218
optimizer_pre_update,2276,6.616748964916042e-05,0.08445669197017286,0.2673069571279713
optimizer_pre_update,2277,0.0009604662736819591,0.07107211897751983,0.23170847413412166
optimizer_pre_update,2278,7.556639775430085e-05,0.09406875477536354,0.22811867843943054
optimizer_pre_update,2279,4.0719286516832653e-05,0.10457376065893745,0.22931230645708442
optimizer_pre_update,2280,6.451197054957447e-05,0.1018751633556817,0.22259677413590406
optimizer_pre_update,2281,5.386248358263401e-05,0.13850287950210383,0.31122350003093574
optimizer_pre_update,2282,8.307881807922968e-05,0.060245080151001586,0.2137042444341068
optimizer_pre_update,2283,9.711347729535191e-05,0.07985284483028955,0.2073020624056672
optimizer_pre_update,2284,9.127184966928326e-05,0.07184245927743461,0.23327392474814473
optimizer_pre_update,2285,0.00011995211434623343,0.060467820234421744,0.23860689608775568
optimizer_pre_update,2286,0.00010044649434348685,0.0963613983552663,0.16983748128784237
optimizer_pre_update,2287,6.926693185960175e-05,0.07537459450959731,0.20943543683793145
optimizer_pre_update,2288,9.946525369741721e-05,0.05597117114734324,0.23819618536519052
optimizer_pre_update,2289,0.00016006156965886476,0.10810636664035507,0.284191014911309
optimizer_pre_update,2290,0.0005361393195926212,0.07331407658453892,0.2110902832396675
optimizer_pre_update,2291,8.283704619316268e-05,0.056287590572207696,0.20141624016390247
optimizer_pre_update,2292,0.0020816445867239963,0.05136872824790631,0.24806619920566492
optimizer_pre_update,2293,0.00042778738679771777,0.08766269484469272,0.35295451958283874
optimizer_pre_update,2294,0.00019090064233751036,0.05984635150794442,0.28925581126769623
optimizer_pre_update,2295,3.8309395904434496e-05,0.08382003653308095,0.2519328302734589
optimizer_pre_update,2296,4.088319928996498e-05,0.0689641176812624,0.18726771287999408
optimizer_pre_update,2297,4.5330078137340024e-05,0.1126265097230563,0.2853342307701646
optimizer_pre_update,2298,6.49441037694487e-05,0.13589572024521518,0.23951895420730093
optimizer_pre_update,2299,5.682036362486542e-05,0.07091682670215947,0.2809361695236419
optimizer_pre_update,2300,4.4449791857914533e-05,0.07052805501141614,0.2557119316987222
optimizer_pre_update,2301,0.00011152550632687053,0.17412500741129572,0.26642132152195575
optimizer_pre_update,2302,5.6188182043115376e-05,0.125122747912863,0.28157891995827294
optimizer_pre_update,2303,4.471875831768557e-05,0.09689820147865254,0.47300623770081174
optimizer_pre_update,2304,6.378926468642021e-05,0.07304970464577172,0.45290275273111374
fixed_training16_latent0,0,0.0015047837048768997,0.06329194393225154,0.2167562653605133
fixed_training16_latent0,64,0.0008998069912195206,0.06220008345985538,0.21196235845832612
fixed_training16_latent0,128,0.0006179977208375931,0.06483701216790047,0.21446554009562394
fixed_training16_latent0,192,0.00045133978128433224,0.06882398832817684,0.22158768451851577
fixed_training16_latent0,256,0.0002896800637245178,0.07403515567855207,0.23102007348842907
fixed_training16_latent0,320,0.00025660060346126555,0.076929863275359,0.23424241772471105
fixed_training16_latent0,384,0.00022934935986995697,0.07915047248823728,0.23822614678436482
fixed_training16_latent0,448,0.00018266066908836367,0.08082218698107207,0.2433359537916939
fixed_training16_latent0,512,0.00016343742609024048,0.08329485702455354,0.24674058668093046
fixed_training16_latent0,576,0.00015012286603450776,0.0852953883766697,0.24879191222248215
fixed_training16_latent0,640,0.0001412484794855118,0.08636974712860732,0.25002620637447215
fixed_training16_latent0,704,0.0001211419701576233,0.08738988502062289,0.25461407911407274
fixed_training16_latent0,768,0.0001119215041399002,0.08889795759495545,0.25703706788041963
fixed_training16_latent0,832,0.00010359473526477814,0.08977908709779688,0.25771542228264743
fixed_training16_latent0,896,0.00010107159614562987,0.090667900298132,0.2608164248450228
fixed_training16_latent0,960,9.015053510665894e-05,0.09054319718697522,0.26183478546784744
fixed_training16_latent0,1024,8.500330150127411e-05,0.09079070326768346,0.26227162332719756
fixed_training16_latent0,1088,8.081719279289246e-05,0.09143646415806707,0.2638240463223765
fixed_training16_latent0,1152,7.760152220726013e-05,0.09216885915244222,0.26510366992130824
fixed_training16_latent0,1216,7.300153374671936e-05,0.09181865761263272,0.2652727069895925
fixed_training16_latent0,1280,7.032975554466248e-05,0.09250615849266024,0.2682170876131151
fixed_training16_latent0,1344,6.669200956821442e-05,0.09288927034757027,0.2687574369301373
fixed_training16_latent0,1408,6.543919444084166e-05,0.09332143092984574,0.27084189469105935
fixed_training16_latent0,1472,6.189048290252686e-05,0.0932223772247896,0.2701868847241746
fixed_training16_latent0,1536,6.121359765529633e-05,0.09342786713754697,0.2694404903309113
fixed_training16_latent0,1600,6.0409680008888246e-05,0.09369188390859964,0.2705769871649397
fixed_training16_latent0,1664,5.991049110889435e-05,0.09381082430868465,0.27202221151188993
fixed_training16_latent0,1728,5.627088248729705e-05,0.09380298516788194,0.27287995689543904
fixed_training16_latent0,1792,6.358511745929718e-05,0.09253730091172756,0.2735989090022557
fixed_training16_latent0,1856,6.700828671455384e-05,0.09278252319291246,0.2724495485164756
fixed_training16_latent0,1920,6.592422723770141e-05,0.09340450616853642,0.273842035916252
fixed_training16_latent0,1984,6.257109344005584e-05,0.09267833837358394,0.27189509956448016
fixed_training16_latent0,2048,6.368197500705719e-05,0.09484203946249213,0.2726498504790108
fixed_training16_latent0,2112,6.721317768096924e-05,0.09482822443627562,0.27838832919782663
fixed_training16_latent0,2176,6.5549835562706e-05,0.09379245244252732,0.2771908481019923
fixed_training16_latent0,2240,7.123909890651702e-05,0.09521447704950801,0.2787216099462287
fixed_training16_latent0,2304,6.155408918857576e-05,0.09285175012722262,0.2730332832419397
